# Blender 4.4.0
# www.blender.org
mtllib dumptruck.mtl
o LOW002_Dumpbed_0
v 1.507387 2.703435 4.959366
v 1.507387 2.703435 5.256956
v -7.843248 2.703435 4.959364
v -7.843248 2.703435 5.256954
v 1.507387 2.703435 5.256956
v 1.507387 2.742780 5.256956
v -7.843248 2.703435 5.256954
v -7.843248 2.742780 5.256954
v 1.507387 2.287507 4.921438
v 1.507387 2.287507 5.256956
v -7.843248 2.287507 4.921436
v -7.843248 2.287507 5.256954
v 1.507387 2.326852 4.959366
v 1.507387 2.703435 4.959366
v -7.843248 2.326852 4.959364
v -7.843248 2.703435 4.959364
v 1.507387 2.742780 4.921438
v 1.507387 2.287507 4.921438
v -7.843248 2.742780 4.921436
v -7.843248 2.287507 4.921436
v -7.843248 2.326852 4.959364
v -7.843248 2.326852 5.256954
v 1.507387 2.326852 4.959366
v 1.507387 2.326852 5.256956
v -7.843248 2.326852 5.256954
v -7.843248 2.287507 5.256954
v 1.507387 2.326852 5.256956
v 1.507387 2.287507 5.256956
v -7.843248 2.742780 4.921436
v -7.843248 2.742780 5.256954
v 1.507387 2.742780 4.921438
v 1.507387 2.742780 5.256956
v -7.843248 2.326852 4.959364
v -7.843248 2.703435 4.959364
v -7.843248 2.287507 4.921436
v -7.843248 2.287507 4.921436
v -7.843248 2.742780 4.921436
v -7.843248 2.742780 4.921436
v -7.843248 2.287507 5.256954
v -7.843248 2.326852 4.959364
v -7.843248 2.326852 5.256954
v -7.843248 2.703435 4.959364
v -7.843248 2.742780 5.256954
v -7.843248 2.703435 5.256954
v -7.843248 2.739033 5.119829
v -7.843248 2.739033 4.845580
v 0.709466 2.739033 5.119831
v 0.709466 2.739033 4.845582
v -8.005326 3.422878 5.119829
v -7.843248 2.739033 5.119829
v -7.843248 2.739033 5.119829
v 0.709466 3.422878 5.119832
v 0.709466 3.422878 5.119832
v 0.709466 2.739033 5.119831
v -7.843248 2.739033 4.845580
v -8.005326 3.422878 4.845580
v -8.005326 3.422878 4.845580
v 0.709466 2.739033 4.845582
v 0.709466 2.739033 4.845582
v 0.709466 3.422878 4.845582
v 0.709466 3.422878 4.845582
v 0.709466 3.422878 5.119832
v 0.709466 2.739033 4.845582
v 0.709466 2.739033 5.119831
v -8.005326 3.422878 4.845580
v -7.843248 2.739033 4.845580
v -8.005326 3.422878 5.119829
v -7.843248 2.739033 5.119829
v 1.282972 5.332025 3.211756
v 0.908947 4.031782 3.200085
v -8.005325 5.332025 3.200083
v -8.005325 4.031782 3.200083
v -9.214674 4.031782 3.200083
v -8.005325 3.392901 3.538518
v -9.283245 3.863162 3.538518
v 0.734401 3.392901 3.538520
v -8.840649 5.332025 3.200083
v 0.734401 3.392901 3.538520
v 0.734401 3.392901 5.980508
v 0.734401 3.392901 5.980508
v -8.005325 3.392901 3.538518
v -8.005326 3.392901 5.980506
v -8.005326 3.392901 5.980506
v -9.283245 3.863162 3.538518
v -9.283246 3.861288 5.980506
v -9.283246 3.861288 5.980506
v -9.283247 3.863161 8.425411
v -8.005327 3.392900 8.425411
v 0.734400 3.392900 8.425413
v 0.734401 3.392901 3.538520
v 0.734401 3.392901 5.980508
v 0.734401 3.392901 5.980508
v 0.908946 4.031781 5.980508
v 0.908946 4.031781 5.980508
v 0.734400 3.392900 8.425413
v 0.908945 4.031780 8.763849
v 1.282972 5.333898 5.980509
v 1.282972 5.333898 5.980509
v 1.282971 5.332023 8.752179
v 1.376477 5.706733 8.717169
v 1.376478 5.706734 5.980509
v 1.376478 5.706734 5.980509
v 1.476217 5.849123 8.717169
v 1.476218 5.849123 5.980509
v 1.476218 5.849123 5.980509
v 1.476219 5.849124 3.246767
v 1.376479 5.706735 3.246767
v 1.282972 5.332025 3.211756
v 0.908947 4.031782 3.200085
v 1.476219 5.849124 3.246767
v 1.476218 5.849123 5.980509
v 1.476218 5.849123 5.980509
v 3.202969 6.023364 3.246767
v 3.202969 6.023364 5.980509
v 3.202969 6.023364 5.980509
v 3.202968 6.023363 8.717169
v 1.476217 5.849123 8.717169
v -9.326881 3.688922 2.995855
v -9.146103 4.146068 3.270104
v -8.765843 5.118440 2.998773
v -8.765843 5.077222 3.270104
v -9.513894 3.788220 2.995855
v -8.884285 5.345140 2.998773
v -9.370518 4.146068 3.270104
v -8.884285 5.345140 3.270104
v -9.146103 4.146068 3.270104
v -9.326881 3.688922 2.995855
v -9.245843 3.906254 3.596869
v -9.326882 3.687048 5.980506
v -9.326882 3.687048 5.980506
v -9.245844 3.906253 5.980506
v -9.245844 3.906253 5.980506
v -9.245845 3.906253 8.367060
v -9.326883 3.688921 8.968075
v -9.146105 4.146067 8.693825
v -9.370518 4.146068 3.270104
v -9.513894 3.788220 2.995855
v -9.432856 3.983069 3.596869
v -9.513895 3.786346 5.980506
v -9.513895 3.786346 5.980506
v -9.432857 3.983069 5.980506
v -9.432857 3.983069 5.980506
v -9.432858 3.983068 8.367060
v -9.513896 3.788219 8.968075
v -9.370520 4.146067 8.693825
v -9.326881 3.688922 2.995855
v -9.513894 3.788220 2.995855
v -9.326882 3.687048 5.980506
v -9.326882 3.687048 5.980506
v -9.513895 3.786346 5.980506
v -9.513895 3.786346 5.980506
v -9.513896 3.788219 8.968075
v -9.326883 3.688921 8.968075
v -9.370518 4.146068 3.270104
v -9.432856 3.983069 3.596869
v -9.146103 4.146068 3.270104
v -9.245843 3.906254 3.596869
v -9.432857 3.983069 5.980506
v -9.432857 3.983069 5.980506
v -9.245844 3.906253 5.980506
v -9.245844 3.906253 5.980506
v -9.245845 3.906253 8.367060
v -9.432858 3.983068 8.367060
v -9.146105 4.146067 8.693825
v -9.370520 4.146067 8.693825
v -8.884285 5.345140 3.270104
v -9.370518 4.146068 3.270104
v -9.370518 4.146068 3.270104
v -8.765843 5.077222 3.270104
v -8.765843 5.077222 3.270104
v -9.146103 4.146068 3.270104
v -9.513894 3.788220 2.995855
v -8.884285 5.345140 2.998773
v -9.326881 3.688922 2.995855
v -8.765843 5.118440 2.998773
v -8.765843 5.077222 3.270104
v -8.765843 5.118440 2.998773
v 1.270505 5.075348 3.270107
v 1.289206 5.118440 2.995857
v -8.884285 5.345140 3.270104
v -8.765843 5.077222 3.270104
v -8.765843 5.077222 3.270104
v 1.351544 5.343266 3.270107
v 1.351544 5.343266 3.270107
v 1.270505 5.075348 3.270107
v -8.884285 5.345140 2.998773
v -8.884285 5.345140 3.270104
v 1.351544 5.343266 2.995857
v 1.351544 5.343266 3.270107
v -8.765843 5.118440 2.998773
v -8.884285 5.345140 2.998773
v -8.884285 5.345140 2.998773
v 1.289206 5.118440 2.995857
v 1.289206 5.118440 2.995857
v 1.351544 5.343266 2.995857
v 1.351544 5.343266 2.995857
v 1.351544 5.343266 3.270107
v 1.289206 5.118440 2.995857
v 1.270505 5.075348 3.270107
v 0.734402 5.144670 3.217591
v 0.734402 4.043023 3.214673
v 0.734402 5.144670 3.007527
v 0.734402 3.951219 3.004610
v 0.734401 3.411637 3.541438
v 0.734402 3.070651 3.418901
v 0.734401 3.411636 5.980508
v 0.734401 3.411636 5.980508
v 0.734401 3.070651 5.980508
v 0.734401 3.070651 5.980508
v 0.734400 3.070650 8.545033
v 0.734400 3.411636 8.422496
v 0.734400 3.951218 8.959324
v 0.734400 4.043022 8.749261
v 0.734400 5.144668 8.956408
v 0.734400 5.144668 8.746344
v 0.472584 5.144670 3.217591
v 0.472584 5.144670 3.007527
v 0.472584 4.043023 3.214673
v 0.472584 3.951219 3.004610
v 0.472584 3.411637 3.541438
v 0.472584 3.070651 3.418901
v 0.472583 3.070651 5.980508
v 0.472583 3.070651 5.980508
v 0.472583 3.411636 5.980508
v 0.472583 3.411636 5.980508
v 0.472583 3.411636 8.422496
v 0.472582 3.070650 8.545033
v 0.472582 3.951218 8.959324
v 0.472582 4.043022 8.749261
v 0.472582 5.144668 8.956408
v 0.472582 5.144668 8.746344
v 0.734402 5.144670 3.007527
v 0.472584 5.144670 3.007527
v 0.734402 3.951219 3.004610
v 0.472584 3.951219 3.004610
v 0.734402 3.070651 3.418901
v 0.472584 3.070651 3.418901
v -0.368973 5.144670 3.217590
v -0.368973 5.144670 3.007527
v -0.368973 4.043023 3.214673
v -0.368973 3.951219 3.004609
v -0.368973 3.411637 3.541438
v -0.368973 3.070651 3.418901
v -0.368974 3.411636 5.980508
v -0.368974 3.411636 5.980508
v -0.368974 3.070651 5.980508
v -0.368974 3.070651 5.980508
v -0.368975 3.070650 8.545033
v -0.368975 3.411636 8.422495
v -0.368975 3.951218 8.959324
v -0.368975 4.043022 8.749261
v -0.368975 5.144668 8.956407
v -0.368975 5.144668 8.746344
v -0.630791 5.144670 3.217590
v -0.630791 5.144670 3.007527
v -0.630791 4.043023 3.214673
v -0.630791 3.951219 3.004609
v -0.630791 3.411637 3.541438
v -0.630791 3.070651 3.418901
v -0.630792 3.070651 5.980508
v -0.630792 3.070651 5.980508
v -0.630792 3.411636 5.980508
v -0.630792 3.411636 5.980508
v -0.630792 3.411636 8.422495
v -0.630792 3.070650 8.545033
v -0.630792 3.951218 8.959324
v -0.630792 4.043022 8.749261
v -0.630792 5.144668 8.956407
v -0.630792 5.144668 8.746344
v -0.368973 5.144670 3.007527
v -0.630791 5.144670 3.007527
v -0.368973 3.951219 3.004609
v -0.630791 3.951219 3.004609
v -0.368973 3.070651 3.418901
v -0.630791 3.070651 3.418901
v -1.584556 5.144670 3.217590
v -1.584556 5.144670 3.007527
v -1.584556 4.043023 3.214672
v -1.584556 3.949346 3.004609
v -1.584556 3.411637 3.541437
v -1.584556 3.070651 3.418900
v -1.584557 3.411636 5.980507
v -1.584557 3.411636 5.980507
v -1.584557 3.070651 5.980507
v -1.584557 3.070651 5.980507
v -1.584557 3.070650 8.545033
v -1.584557 3.411636 8.422495
v -1.584557 3.949344 8.959324
v -1.584557 4.043022 8.749261
v -1.584557 5.144668 8.956407
v -1.584557 5.144668 8.746344
v -1.846374 5.144670 3.217590
v -1.846374 5.144670 3.007527
v -1.846374 4.043023 3.214672
v -1.846374 3.951219 3.004609
v -1.846374 3.411637 3.541437
v -1.846374 3.070651 3.418900
v -1.846374 3.070651 5.980507
v -1.846374 3.070651 5.980507
v -1.846374 3.411636 5.980507
v -1.846374 3.411636 5.980507
v -1.846375 3.411636 8.422495
v -1.846375 3.070650 8.545033
v -1.846375 3.951218 8.959324
v -1.846375 4.043022 8.749261
v -1.846375 5.144668 8.956407
v -1.846375 5.144668 8.746344
v -1.584556 5.144670 3.007527
v -1.846374 5.144670 3.007527
v -1.584556 3.949346 3.004609
v -1.846374 3.951219 3.004609
v -1.584556 3.070651 3.418900
v -1.846374 3.070651 3.418900
v -2.775204 5.144670 3.217590
v -2.775204 5.144670 3.007527
v -2.775204 4.043023 3.214672
v -2.775204 3.951219 3.004609
v -2.775204 3.411637 3.541437
v -2.775204 3.070651 3.418900
v -2.775204 3.411636 5.980507
v -2.775204 3.411636 5.980507
v -2.775204 3.070651 5.980507
v -2.775204 3.070651 5.980507
v -2.775205 3.070650 8.545032
v -2.775205 3.411636 8.422495
v -2.775205 3.951218 8.959324
v -2.775205 4.043022 8.749260
v -2.775205 5.144668 8.956407
v -2.775205 5.144668 8.746344
v -3.037022 5.144670 3.217590
v -3.037022 5.144670 3.007527
v -3.037022 4.043023 3.214672
v -3.037022 3.951219 3.004609
v -3.037022 3.411637 3.541437
v -3.037022 3.070651 3.418900
v -3.037022 3.070651 5.980507
v -3.037022 3.070651 5.980507
v -3.037022 3.411636 5.980507
v -3.037022 3.411636 5.980507
v -3.037023 3.411636 8.422495
v -3.037023 3.070650 8.545032
v -3.037023 3.951218 8.959324
v -3.037023 4.043022 8.749260
v -3.037023 5.144668 8.956407
v -3.037023 5.144668 8.746344
v -2.775204 5.144670 3.007527
v -3.037022 5.144670 3.007527
v -2.775204 3.951219 3.004609
v -3.037022 3.951219 3.004609
v -2.775204 3.070651 3.418900
v -3.037022 3.070651 3.418900
v -3.990787 5.144670 3.217590
v -3.990787 5.144670 3.007526
v -3.990787 4.043023 3.214672
v -3.990787 3.951219 3.004609
v -3.990787 3.411637 3.541437
v -3.990787 3.070651 3.418900
v -3.990787 3.411636 5.980507
v -3.990787 3.411636 5.980507
v -3.990787 3.070651 5.980507
v -3.990787 3.070651 5.980507
v -3.990788 3.070650 8.545032
v -3.990788 3.411636 8.422495
v -3.990788 3.951218 8.959324
v -3.990788 4.043022 8.749260
v -3.990788 5.144668 8.956406
v -3.990788 5.144668 8.746343
v -4.246370 5.144670 3.217589
v -4.246370 5.144670 3.007526
v -4.246370 4.043023 3.214672
v -4.246370 3.951219 3.004608
v -4.246370 3.411637 3.541437
v -4.246370 3.070651 3.418900
v -4.246371 3.070651 5.980507
v -4.246371 3.070651 5.980507
v -4.246371 3.411636 5.980507
v -4.246371 3.411636 5.980507
v -4.246371 3.411636 8.422495
v -4.246371 3.070650 8.545032
v -4.246371 3.951218 8.959323
v -4.246371 4.043022 8.749260
v -4.246371 5.144668 8.956406
v -4.246371 5.144668 8.746343
v -3.990787 5.144670 3.007526
v -4.246370 5.144670 3.007526
v -3.990787 3.951219 3.004609
v -4.246370 3.951219 3.004608
v -3.990787 3.070651 3.418900
v -4.246370 3.070651 3.418900
v -5.193902 5.144670 3.217589
v -5.193902 5.144670 3.007526
v -5.193902 4.043023 3.214671
v -5.193902 3.951219 3.004608
v -5.193902 3.411637 3.541436
v -5.193902 3.070651 3.418900
v -5.193902 3.411636 5.980507
v -5.193902 3.411636 5.980507
v -5.193902 3.070651 5.980507
v -5.193902 3.070651 5.980507
v -5.193902 3.070650 8.545031
v -5.193902 3.411636 8.422494
v -5.193902 3.951218 8.959323
v -5.193902 4.043022 8.749260
v -5.193902 5.144668 8.956406
v -5.193902 5.144668 8.746343
v -5.455719 5.144670 3.217589
v -5.455719 5.144670 3.007526
v -5.455719 4.043023 3.214671
v -5.455719 3.951219 3.004608
v -5.455719 3.411637 3.541436
v -5.455719 3.070651 3.418900
v -5.455719 3.070651 5.980506
v -5.455719 3.070651 5.980506
v -5.455719 3.411636 5.980507
v -5.455719 3.411636 5.980507
v -5.455720 3.411636 8.422494
v -5.455720 3.070650 8.545031
v -5.455720 3.951218 8.959323
v -5.455720 4.043022 8.749260
v -5.455720 5.144668 8.956406
v -5.455720 5.144668 8.746343
v -5.193902 5.144670 3.007526
v -5.455719 5.144670 3.007526
v -5.193902 3.951219 3.004608
v -5.455719 3.951219 3.004608
v -5.193902 3.070651 3.418900
v -5.455719 3.070651 3.418900
v -6.409484 5.144670 3.217589
v -6.409484 5.144670 3.007526
v -6.409484 4.043023 3.214671
v -6.409484 3.949346 3.004608
v -6.409484 3.411637 3.541436
v -6.409484 3.070651 3.418899
v -6.409484 3.411636 5.980506
v -6.409484 3.411636 5.980506
v -6.409484 3.070651 5.980506
v -6.409484 3.070651 5.980506
v -6.409485 3.070650 8.545031
v -6.409485 3.411636 8.422494
v -6.409485 3.949344 8.959323
v -6.409485 4.043022 8.749260
v -6.409485 5.144668 8.956406
v -6.409485 5.144668 8.746342
v -6.671301 5.144670 3.217589
v -6.671301 5.144670 3.007526
v -6.671301 4.043023 3.214671
v -6.671301 3.951219 3.004608
v -6.671301 3.411637 3.541436
v -6.671301 3.070651 3.418899
v -6.671302 3.070651 5.980506
v -6.671302 3.070651 5.980506
v -6.671302 3.411636 5.980506
v -6.671302 3.411636 5.980506
v -6.671302 3.411636 8.422494
v -6.671302 3.070650 8.545031
v -6.671302 3.951218 8.959323
v -6.671302 4.043022 8.749260
v -6.671302 5.144668 8.956406
v -6.671302 5.144668 8.746342
v -6.409484 5.144670 3.007526
v -6.671301 5.144670 3.007526
v -6.409484 3.949346 3.004608
v -6.671301 3.951219 3.004608
v -6.409484 3.070651 3.418899
v -6.671301 3.070651 3.418899
v -7.643767 5.144670 3.217589
v -7.643767 5.144670 3.007525
v -7.643767 4.043023 3.214671
v -7.643767 3.951219 3.004608
v -7.643767 3.411637 3.541436
v -7.643767 3.070651 3.418899
v -7.643768 3.411636 5.980506
v -7.643768 3.411636 5.980506
v -7.643768 3.070651 5.980506
v -7.643768 3.070651 5.980506
v -7.643769 3.070650 8.545031
v -7.643769 3.411636 8.422494
v -7.643769 3.951218 8.959322
v -7.643769 4.043022 8.749259
v -7.643769 5.144668 8.956406
v -7.643769 5.144668 8.746342
v -7.905585 5.144670 3.217589
v -7.905585 5.144670 3.007525
v -7.905585 4.043023 3.214671
v -7.905585 3.951219 3.004608
v -7.905585 3.411637 3.541436
v -7.905585 3.070651 3.418899
v -7.905586 3.070651 5.980506
v -7.905586 3.070651 5.980506
v -7.905586 3.411636 5.980506
v -7.905586 3.411636 5.980506
v -7.905587 3.411636 8.422494
v -7.905587 3.070650 8.545031
v -7.905587 3.951218 8.959322
v -7.905587 4.043022 8.749259
v -7.905587 5.144668 8.956406
v -7.905587 5.144668 8.746342
v -7.643767 5.144670 3.007525
v -7.905585 5.144670 3.007525
v -7.643767 3.951219 3.004608
v -7.905585 3.951219 3.004608
v -7.643767 3.070651 3.418899
v -7.905585 3.070651 3.418899
v 3.159333 6.028985 4.868924
v 3.159333 6.028985 4.822243
v 3.159333 5.961537 4.892264
v 3.159333 5.918445 4.868924
v 3.159333 5.961537 5.070234
v 3.159333 5.918445 5.093575
v 3.159333 6.028985 5.099410
v 3.159333 6.028985 5.146091
v 3.159333 6.028985 4.822243
v 1.482452 5.856618 4.822242
v 3.159333 5.918445 4.868924
v 1.507387 5.749825 4.868923
v 1.370244 5.706734 4.822242
v 1.463751 5.658022 4.868923
v 1.282972 5.339519 4.822242
v 1.370244 5.313289 4.868923
v 0.721934 3.411637 4.822242
v 0.827908 3.381660 4.868922
v 1.507387 5.749825 5.093575
v 1.507387 5.749825 4.868923
v 3.159333 5.918445 5.093575
v 3.159333 5.918445 4.868924
v 3.159333 5.918445 5.093575
v 3.159333 6.028985 5.146091
v 1.507387 5.749825 5.093575
v 1.482452 5.856618 5.146090
v 1.463751 5.658022 5.093575
v 1.370244 5.706734 5.146090
v 1.370244 5.313289 5.093574
v 1.282972 5.339519 5.146090
v 0.827907 3.381660 5.093574
v 0.721934 3.411637 5.146090
v 1.507387 5.749825 4.868923
v 1.507387 5.749825 5.093575
v 1.463751 5.658022 4.868923
v 1.463751 5.658022 5.093575
v 1.370244 5.313289 4.868923
v 1.370244 5.313289 5.093574
v 0.827908 3.381660 4.868922
v 0.827907 3.381660 5.093574
v 2.959852 5.939054 4.892264
v 2.959852 6.006502 4.868924
v 2.959852 5.939054 5.070234
v 2.959852 6.006502 5.099410
v 3.159333 6.028985 4.868924
v 2.959852 6.006502 4.868924
v 3.159333 5.961537 4.892264
v 2.959852 5.939054 4.892264
v 3.159333 5.961537 5.070234
v 2.959852 5.939054 5.070234
v 3.159333 6.028985 5.099410
v 2.959852 6.006502 5.099410
v 3.159333 5.961537 4.892264
v 2.959852 5.939054 4.892264
v 3.159333 5.961537 5.070234
v 2.959852 5.939054 5.070234
v -7.986625 2.716550 4.512980
v -7.986625 3.048168 4.512980
v -8.011560 2.714677 4.512980
v -8.011560 3.074398 4.512980
v -8.011560 3.074398 4.512980
v -7.986625 3.048168 4.512980
v -7.718574 3.048168 4.512980
v -7.718574 3.074398 4.512980
v -7.986624 2.716550 3.071711
v -8.011559 2.714677 3.071711
v -7.986624 3.048169 3.071711
v -8.011559 3.074398 3.071711
v -8.011559 3.074398 3.071711
v -7.986624 3.048169 3.071711
v -7.718573 3.048169 3.071711
v -7.718573 3.074398 3.071711
v -7.986624 3.048169 3.071711
v -7.986625 3.048168 4.512980
v -7.986624 2.716550 3.071711
v -7.986625 2.716550 4.512980
v -8.011559 3.074398 3.071711
v -8.011559 2.714677 3.071711
v -8.011560 3.074398 4.512980
v -8.011560 2.714677 4.512980
v -7.718573 3.048169 3.071711
v -7.718574 3.048168 4.512980
v -7.986624 3.048169 3.071711
v -7.986625 3.048168 4.512980
v -7.718573 3.074398 3.071711
v -8.011559 3.074398 3.071711
v -7.718574 3.074398 4.512980
v -8.011560 3.074398 4.512980
v -7.718573 3.074398 3.071711
v -7.718574 3.074398 4.512980
v -7.718573 3.048169 3.071711
v -7.718574 3.048168 4.512980
v -8.011559 2.714677 3.071711
v -7.986624 2.716550 3.071711
v -8.011560 2.714677 4.512980
v -7.986625 2.716550 4.512980
v 0.734402 3.070651 3.418901
v 0.734401 3.070651 5.980508
v 0.734401 3.070651 5.980508
v 0.472584 3.070651 3.418901
v 0.472583 3.070651 5.980508
v 0.472583 3.070651 5.980508
v 0.472582 3.070650 8.545033
v 0.734400 3.070650 8.545033
v -0.368973 3.070651 3.418901
v -0.368974 3.070651 5.980508
v -0.368974 3.070651 5.980508
v -0.630791 3.070651 3.418901
v -0.630792 3.070651 5.980508
v -0.630792 3.070651 5.980508
v -0.630792 3.070650 8.545033
v -0.368975 3.070650 8.545033
v -1.584556 3.070651 3.418900
v -1.584557 3.070651 5.980507
v -1.584557 3.070651 5.980507
v -1.846374 3.070651 3.418900
v -1.846374 3.070651 5.980507
v -1.846374 3.070651 5.980507
v -1.846375 3.070650 8.545033
v -1.584557 3.070650 8.545033
v -2.775204 3.070651 3.418900
v -2.775204 3.070651 5.980507
v -2.775204 3.070651 5.980507
v -3.037022 3.070651 3.418900
v -3.037022 3.070651 5.980507
v -3.037022 3.070651 5.980507
v -3.037023 3.070650 8.545032
v -2.775205 3.070650 8.545032
v -3.990787 3.070651 3.418900
v -3.990787 3.070651 5.980507
v -3.990787 3.070651 5.980507
v -4.246370 3.070651 3.418900
v -4.246371 3.070651 5.980507
v -4.246371 3.070651 5.980507
v -4.246371 3.070650 8.545032
v -3.990788 3.070650 8.545032
v -5.193902 3.070651 3.418900
v -5.193902 3.070651 5.980507
v -5.193902 3.070651 5.980507
v -5.455719 3.070651 3.418900
v -5.455719 3.070651 5.980506
v -5.455719 3.070651 5.980506
v -5.455720 3.070650 8.545031
v -5.193902 3.070650 8.545031
v -6.409484 3.070651 3.418899
v -6.409484 3.070651 5.980506
v -6.409484 3.070651 5.980506
v -6.671301 3.070651 3.418899
v -6.671302 3.070651 5.980506
v -6.671302 3.070651 5.980506
v -6.671302 3.070650 8.545031
v -6.409485 3.070650 8.545031
v -7.643767 3.070651 3.418899
v -7.643768 3.070651 5.980506
v -7.643768 3.070651 5.980506
v -7.905585 3.070651 3.418899
v -7.905586 3.070651 5.980506
v -7.905586 3.070651 5.980506
v -7.905587 3.070650 8.545031
v -7.643769 3.070650 8.545031
v -7.843248 2.703435 6.706975
v 1.507387 2.703435 6.706978
v -7.843248 2.703435 7.004565
v 1.507387 2.703435 7.004567
v -7.843248 2.742779 6.706975
v 1.507387 2.742779 6.706978
v -7.843248 2.703435 6.706975
v 1.507387 2.703435 6.706978
v -7.843248 2.287507 6.706975
v 1.507387 2.287507 6.706977
v -7.843248 2.287507 7.042493
v 1.507387 2.287507 7.042496
v -7.843248 2.703435 7.004565
v 1.507387 2.703435 7.004567
v -7.843248 2.326851 7.004565
v 1.507387 2.326851 7.004567
v -7.843248 2.287507 7.042493
v 1.507387 2.287507 7.042496
v -7.843248 2.742779 7.042493
v 1.507387 2.742779 7.042496
v 1.507387 2.326851 6.706977
v -7.843248 2.326851 6.706975
v 1.507387 2.326851 7.004567
v -7.843248 2.326851 7.004565
v 1.507387 2.287507 6.706977
v -7.843248 2.287507 6.706975
v 1.507387 2.326851 6.706977
v -7.843248 2.326851 6.706975
v 1.507387 2.742779 6.706978
v -7.843248 2.742779 6.706975
v 1.507387 2.742779 7.042496
v -7.843248 2.742779 7.042493
v -7.843248 2.326851 7.004565
v -7.843248 2.287507 7.042493
v -7.843248 2.287507 7.042493
v -7.843248 2.703435 7.004565
v -7.843248 2.742779 7.042493
v -7.843248 2.742779 7.042493
v -7.843248 2.326851 7.004565
v -7.843248 2.287507 6.706975
v -7.843248 2.326851 6.706975
v -7.843248 2.742779 6.706975
v -7.843248 2.703435 7.004565
v -7.843248 2.703435 6.706975
v 0.709466 2.739032 7.118351
v -7.843248 2.739032 7.118350
v 0.709466 2.739032 6.844102
v -7.843248 2.739032 6.844100
v 0.709466 2.739032 6.844102
v -7.843248 2.739032 6.844100
v -7.843248 2.739032 6.844100
v 0.709466 3.422877 6.844102
v 0.709466 3.422877 6.844102
v -8.005326 3.422877 6.844100
v 0.709466 3.422877 7.118352
v -8.005326 3.422877 7.118350
v -8.005326 3.422877 7.118350
v 0.709466 2.739032 7.118351
v 0.709466 2.739032 7.118351
v -7.843248 2.739032 7.118350
v 0.709466 2.739032 6.844102
v 0.709466 3.422877 6.844102
v 0.709466 2.739032 7.118351
v 0.709466 3.422877 7.118352
v -7.843248 2.739032 6.844100
v -7.843248 2.739032 7.118350
v -8.005326 3.422877 6.844100
v -8.005326 3.422877 7.118350
v 1.282971 5.332023 8.752179
v -8.005327 5.332023 8.763847
v 0.908945 4.031780 8.763849
v -8.005327 4.031780 8.763847
v 0.734400 3.392900 8.425413
v -8.005327 3.392900 8.425411
v -9.214676 4.031780 8.763846
v -9.283247 3.863161 8.425411
v -8.840651 5.332023 8.763847
v -8.765845 5.077221 8.693826
v -9.146105 4.146067 8.693825
v -8.765845 5.118439 8.965158
v -9.326883 3.688921 8.968075
v -8.884287 5.345138 8.693826
v -8.884287 5.345138 8.965158
v -9.370520 4.146067 8.693825
v -9.513896 3.788219 8.968075
v -9.146105 4.146067 8.693825
v -8.765845 5.077221 8.693826
v -8.765845 5.077221 8.693826
v -9.370520 4.146067 8.693825
v -9.370520 4.146067 8.693825
v -8.884287 5.345138 8.693826
v -8.765845 5.118439 8.965158
v -9.326883 3.688921 8.968075
v -8.884287 5.345138 8.965158
v -9.513896 3.788219 8.968075
v 1.289205 5.118439 8.968078
v 1.270503 5.075347 8.693829
v -8.765845 5.118439 8.965158
v -8.765845 5.077221 8.693826
v 1.270503 5.075347 8.693829
v 1.351542 5.343265 8.693829
v 1.351542 5.343265 8.693829
v -8.765845 5.077221 8.693826
v -8.765845 5.077221 8.693826
v -8.884287 5.345138 8.693826
v 1.351542 5.343265 8.693829
v 1.351542 5.343265 8.968078
v -8.884287 5.345138 8.693826
v -8.884287 5.345138 8.965158
v 1.351542 5.343265 8.968078
v 1.289205 5.118439 8.968078
v 1.289205 5.118439 8.968078
v -8.884287 5.345138 8.965158
v -8.884287 5.345138 8.965158
v -8.765845 5.118439 8.965158
v 1.270503 5.075347 8.693829
v 1.289205 5.118439 8.968078
v 1.351542 5.343265 8.693829
v 1.351542 5.343265 8.968078
v 0.734400 5.144668 8.956408
v 0.734400 3.951218 8.959324
v 0.472582 5.144668 8.956408
v 0.472582 3.951218 8.959324
v 0.734400 3.070650 8.545033
v 0.472582 3.070650 8.545033
v -0.368975 5.144668 8.956407
v -0.630792 5.144668 8.956407
v -0.368975 3.951218 8.959324
v -0.630792 3.951218 8.959324
v -0.368975 3.070650 8.545033
v -0.630792 3.070650 8.545033
v -1.584557 5.144668 8.956407
v -1.846375 5.144668 8.956407
v -1.584557 3.949344 8.959324
v -1.846375 3.951218 8.959324
v -1.584557 3.070650 8.545033
v -1.846375 3.070650 8.545033
v -2.775205 5.144668 8.956407
v -3.037023 5.144668 8.956407
v -2.775205 3.951218 8.959324
v -3.037023 3.951218 8.959324
v -2.775205 3.070650 8.545032
v -3.037023 3.070650 8.545032
v -3.990788 5.144668 8.956406
v -4.246371 5.144668 8.956406
v -3.990788 3.951218 8.959324
v -4.246371 3.951218 8.959323
v -3.990788 3.070650 8.545032
v -4.246371 3.070650 8.545032
v -5.193902 5.144668 8.956406
v -5.455720 5.144668 8.956406
v -5.193902 3.951218 8.959323
v -5.455720 3.951218 8.959323
v -5.193902 3.070650 8.545031
v -5.455720 3.070650 8.545031
v -6.409485 5.144668 8.956406
v -6.671302 5.144668 8.956406
v -6.409485 3.949344 8.959323
v -6.671302 3.951218 8.959323
v -6.409485 3.070650 8.545031
v -6.671302 3.070650 8.545031
v -7.643769 5.144668 8.956406
v -7.905587 5.144668 8.956406
v -7.643769 3.951218 8.959322
v -7.905587 3.951218 8.959322
v -7.643769 3.070650 8.545031
v -7.905587 3.070650 8.545031
v 3.159332 6.028984 7.095013
v 3.159332 6.028984 7.141694
v 3.159332 5.961536 7.071672
v 3.159332 5.918445 7.095013
v 3.159332 5.961536 6.893702
v 3.159332 5.918445 6.870361
v 3.159332 6.028985 6.864526
v 3.159332 6.028985 6.817845
v 3.159332 6.028984 7.141694
v 1.482452 5.856617 7.141693
v 3.159332 5.918445 7.095013
v 1.507387 5.749825 7.095012
v 1.370244 5.706734 7.141693
v 1.463750 5.658021 7.095012
v 1.282971 5.339518 7.141693
v 1.370244 5.313288 7.095012
v 0.721933 3.411636 7.141692
v 0.827907 3.381660 7.095012
v 3.159332 5.918445 7.095013
v 3.159332 5.918445 6.870361
v 1.507387 5.749825 7.095012
v 1.507387 5.749825 6.870361
v 3.159332 5.918445 6.870361
v 3.159332 6.028985 6.817845
v 1.507387 5.749825 6.870361
v 1.482452 5.856617 6.817845
v 1.463750 5.658021 6.870361
v 1.370244 5.706734 6.817845
v 1.370244 5.313288 6.870361
v 1.282971 5.339518 6.817845
v 0.827907 3.381660 6.870360
v 0.721933 3.411636 6.817844
v 1.507387 5.749825 7.095012
v 1.507387 5.749825 6.870361
v 1.463750 5.658021 7.095012
v 1.463750 5.658021 6.870361
v 1.370244 5.313288 7.095012
v 1.370244 5.313288 6.870361
v 0.827907 3.381660 7.095012
v 0.827907 3.381660 6.870360
v 2.959852 6.006502 6.864526
v 2.959852 5.939054 6.893702
v 2.959852 6.006501 7.095013
v 2.959852 5.939054 7.071672
v 2.959852 5.939054 7.071672
v 3.159332 5.961536 7.071672
v 2.959852 6.006501 7.095013
v 3.159332 6.028984 7.095013
v 2.959852 6.006502 6.864526
v 3.159332 6.028985 6.864526
v 2.959852 5.939054 6.893702
v 3.159332 5.961536 6.893702
v 2.959852 5.939054 6.893702
v 3.159332 5.961536 6.893702
v 2.959852 5.939054 7.071672
v 3.159332 5.961536 7.071672
v -7.986625 2.716549 7.450950
v -7.986625 3.048168 7.450950
v -8.011560 2.714676 7.450950
v -8.011560 3.074397 7.450950
v -8.011560 3.074397 7.450950
v -7.718574 3.074397 7.450950
v -7.718574 3.048168 7.450950
v -7.986625 3.048168 7.450950
v -7.986626 2.716549 8.892219
v -8.011561 2.714675 8.892219
v -7.986626 3.048167 8.892219
v -8.011561 3.074397 8.892219
v -8.011561 3.074397 8.892219
v -7.718575 3.074397 8.892219
v -7.718575 3.048167 8.892219
v -7.986626 3.048167 8.892219
v -7.986625 2.716549 7.450950
v -7.986626 2.716549 8.892219
v -7.986625 3.048168 7.450950
v -7.986626 3.048167 8.892219
v -8.011560 2.714676 7.450950
v -8.011560 3.074397 7.450950
v -8.011561 2.714675 8.892219
v -8.011561 3.074397 8.892219
v -7.986625 3.048168 7.450950
v -7.986626 3.048167 8.892219
v -7.718574 3.048168 7.450950
v -7.718575 3.048167 8.892219
v -8.011560 3.074397 7.450950
v -7.718574 3.074397 7.450950
v -8.011561 3.074397 8.892219
v -7.718575 3.074397 8.892219
v -7.718574 3.048168 7.450950
v -7.718575 3.048167 8.892219
v -7.718574 3.074397 7.450950
v -7.718575 3.074397 8.892219
v -7.986625 2.716549 7.450950
v -8.011560 2.714676 7.450950
v -7.986626 2.716549 8.892219
v -8.011561 2.714675 8.892219
v 0.802973 5.333898 3.243848
v 0.497519 4.050517 3.243848
v -8.005325 5.332025 3.243846
v -8.005325 4.050517 3.240929
v -9.214674 4.050517 3.240928
v -8.005325 3.437867 3.556024
v -9.283245 3.908127 3.556024
v 0.497519 3.439740 3.556026
v -8.840649 5.332025 3.243846
v -9.283245 3.908127 3.556024
v -8.005325 3.437867 3.556024
v -9.283246 3.908127 5.980506
v -8.005326 3.437866 5.980506
v -8.005327 3.437866 8.407906
v 0.497518 3.439739 8.407907
v 0.497518 3.439740 5.980508
v 0.497519 3.439740 3.556026
v -9.283247 3.908126 8.407906
v 0.497519 3.439740 3.556026
v 0.497518 3.439740 5.980508
v 0.497518 4.048643 5.980508
v 0.497518 3.439739 8.407907
v 0.497517 4.050516 8.720086
v 0.802972 5.333898 5.980509
v 0.802972 5.333897 8.720086
v 0.940115 5.751699 5.980509
v 0.940114 5.751698 8.717169
v 1.251803 6.028985 5.980509
v 0.940116 5.751700 3.246767
v 1.251803 6.028985 3.246767
v 3.246605 6.122662 5.980509
v 3.246605 6.122662 3.246767
v 0.497519 4.050517 3.243848
v 0.802973 5.333898 3.243848
v 1.251802 6.028984 8.717169
v 3.246604 6.122661 8.717169
v 3.246605 6.122662 3.246767
v 3.202969 6.023364 3.246767
v 3.202969 6.023364 3.246767
v 1.251803 6.028985 3.246767
v 1.251803 6.028985 3.246767
v 1.251803 6.028985 3.246767
v 1.476219 5.849124 3.246767
v 1.476219 5.849124 3.246767
v 1.476219 5.849124 3.246767
v 0.940116 5.751700 3.246767
v 0.940116 5.751700 3.246767
v 1.376479 5.706735 3.246767
v 0.802973 5.333898 3.243848
v 1.282972 5.332025 3.211756
v 3.202969 6.023364 3.246767
v 3.246605 6.122662 3.246767
v 3.202969 6.023364 5.980509
v 3.246605 6.122662 5.980509
v 3.246604 6.122661 8.717169
v 3.202968 6.023363 8.717169
v 0.802972 5.333897 8.720086
v -8.005327 5.332023 8.720084
v 0.497517 4.050516 8.720086
v -8.005327 4.050516 8.723001
v 0.497518 3.439739 8.407907
v -8.005327 3.437866 8.407906
v -9.214676 4.050516 8.723001
v -9.283247 3.908126 8.407906
v -8.840651 5.332023 8.720084
v 3.246604 6.122661 8.717169
v 1.251802 6.028984 8.717169
v 1.251802 6.028984 8.717169
v 1.251802 6.028984 8.717169
v 3.202968 6.023363 8.717169
v 3.202968 6.023363 8.717169
v 1.476217 5.849123 8.717169
v 1.476217 5.849123 8.717169
v 1.476217 5.849123 8.717169
v 0.940114 5.751698 8.717169
v 0.940114 5.751698 8.717169
v 1.376477 5.706733 8.717169
v 0.802972 5.333897 8.720086
v 1.282971 5.332023 8.752179
v -7.282210 2.311863 4.947694
v -7.587664 2.311863 4.947694
v -7.282210 2.311863 5.983424
v -7.587665 2.311863 5.983423
v -7.587665 2.311863 7.016235
v -7.282211 2.311863 7.016235
v -7.587664 2.311863 4.947694
v -7.587665 2.311863 5.983423
v -7.587664 2.712803 4.947694
v -7.587665 2.712803 5.983424
v -7.587665 2.712802 7.016235
v -7.587665 2.311863 7.016235
v -7.587664 2.712803 4.947694
v -7.587665 2.712803 5.983424
v -7.282210 2.712803 4.947694
v -7.282210 2.712803 5.983424
v -7.282211 2.712802 7.016235
v -7.587665 2.712802 7.016235
v -7.282210 2.712803 4.947694
v -7.282210 2.712803 5.983424
v -7.282210 2.311863 4.947694
v -7.282210 2.311863 5.983424
v -7.282211 2.311863 7.016235
v -7.282211 2.712802 7.016235
vn -0.0000 -1.0000 0.0022
vn -0.0000 -0.0000 1.0000
vn -0.0000 -1.0000 -0.0022
vn -0.0000 -0.0000 -1.0000
vn -0.0000 1.0000 -0.0022
vn -1.0000 -0.0000 -0.0022
vn 1.0000 -0.0000 -0.0022
vn -0.9744 -0.2246 -0.0022
vn -0.0015 0.0086 -1.0000
vn -0.0000 -0.1953 -0.9807
vn 0.0001 0.0004 -1.0000
vn 0.0018 -0.2422 -0.9702
vn -0.1429 -0.4837 -0.8635
vn -0.0284 -0.5112 -0.8590
vn -0.3032 -0.8256 -0.4758
vn -0.0000 -0.4701 -0.8826
vn -0.1728 -0.9850 -0.0022
vn -0.1729 -0.9849 0.0022
vn -0.3475 -0.9377 -0.0022
vn -0.3475 -0.9377 0.0022
vn -0.1728 -0.9850 0.0022
vn 0.9633 -0.2685 -0.0022
vn 0.9612 -0.2758 0.0022
vn 0.9633 -0.2685 0.0022
vn 0.9653 -0.2612 0.0020
vn 0.9653 -0.2612 -0.0022
vn 0.9119 -0.4104 -0.0022
vn 0.9088 -0.4173 0.0022
vn 0.8143 -0.5804 -0.0022
vn 0.8143 -0.5804 0.0022
vn 0.9119 -0.4104 0.0021
vn 0.9653 -0.2612 0.0022
vn 0.9612 -0.2758 -0.0022
vn 0.0980 -0.9952 0.0022
vn 0.0980 -0.9952 -0.0022
vn 0.9296 -0.3687 -0.0022
vn 0.9240 -0.3791 -0.0502
vn 0.9295 -0.3687 -0.0066
vn 0.9236 -0.3789 -0.0589
vn -0.9267 0.3757 0.0022
vn -0.9267 0.3757 -0.0022
vn 0.9295 -0.3687 -0.0065
vn 0.9295 -0.3687 0.0022
vn 0.9323 -0.3617 0.0022
vn 0.9323 -0.3616 0.0022
vn 0.9295 -0.3687 -0.0022
vn 0.9296 -0.3687 0.0022
vn 0.9295 -0.3687 0.0066
vn -0.9268 0.3756 0.0022
vn -0.9239 0.3827 0.0022
vn -0.9239 0.3827 -0.0022
vn -0.9268 0.3756 -0.0022
vn -0.4714 -0.8819 -0.0022
vn -0.4714 -0.8819 0.0022
vn 0.0019 0.8976 0.4409
vn 0.3095 0.9013 0.3032
vn 0.0999 0.8543 0.5101
vn 0.3641 0.8717 0.3281
vn 0.3827 0.9239 -0.0022
vn 0.3619 0.8726 -0.3281
vn 0.3095 0.9013 -0.3032
vn 0.1054 0.8537 -0.5101
vn 0.0019 0.8976 -0.4409
vn 0.0019 -0.9887 -0.1502
vn 0.0038 -0.9880 -0.1545
vn -0.0003 -0.0002 -1.0000
vn -0.0003 0.0001 -1.0000
vn 0.9591 -0.2830 0.0022
vn 0.9591 -0.2830 0.0065
vn 1.0000 -0.0000 0.0022
vn -1.0000 -0.0000 0.0022
vn -0.0038 -0.2167 -0.9762
vn -0.0019 -0.4232 -0.9061
vn 0.0038 -0.2167 -0.9762
vn -0.0037 -0.2167 -0.9762
vn -0.0019 -0.4232 -0.9060
vn -0.0035 -0.2167 -0.9762
vn 0.0035 -0.2167 -0.9762
vn 0.0356 -0.3775 -0.9253
vn 0.1740 -0.3414 -0.9237
vn 0.2232 -0.3015 -0.9270
vn 0.3641 -0.1539 -0.9186
vn 0.3620 -0.1255 -0.9237
vn 0.4072 -0.1153 -0.9060
vn 0.4113 -0.1151 -0.9042
vn 0.3657 -0.1002 -0.9253
vn 0.3656 -0.1002 -0.9254
vn 0.1055 -0.9944 -0.0022
vn 0.0453 -0.4168 0.9079
vn 0.0453 -0.4167 0.9079
vn 0.3216 -0.3322 0.8867
vn 0.1990 -0.3599 0.9115
vn 0.4005 -0.1797 0.8985
vn 0.3818 -0.1826 0.9060
vn 0.4516 -0.1161 0.8846
vn 0.4556 -0.1159 0.8826
vn 0.4018 -0.1194 0.9079
vn 0.4019 -0.1194 0.9079
vn 0.9024 -0.4309 -0.0022
vn 0.9024 -0.4309 0.0022
vn 0.9377 -0.3475 0.0022
vn 0.9633 -0.2686 -0.0022
vn -0.0321 0.3078 0.9509
vn -0.0450 0.3805 -0.9237
vn -0.1130 0.9936 -0.0022
vn 1.0000 0.0076 -0.0022
vn 0.0227 -0.9997 0.0022
vn 0.0226 -0.9997 0.0022
vn 0.0017 0.0085 1.0000
vn 0.0001 0.0004 1.0000
vn 0.0038 -0.1953 0.9807
vn -0.0019 -0.2422 0.9702
vn 0.0019 -0.4701 0.8826
vn -0.0264 -0.5112 0.8590
vn -0.1472 -0.4825 0.8635
vn -0.3032 -0.8256 0.4758
vn 0.9236 -0.3788 0.0588
vn 0.9240 -0.3792 0.0502
vn 0.0038 -0.9880 0.1545
vn 0.0019 -0.9887 0.1502
vn -0.0000 1.0000 0.0022
vn -0.0003 0.0001 1.0000
vn -0.0003 -0.0002 1.0000
vn 0.9591 -0.2830 -0.0065
vn 0.9591 -0.2830 -0.0022
vn -0.0000 -0.2169 0.9762
vn -0.0000 -0.4232 0.9060
vn -0.0000 -0.4232 0.9061
vn -0.0000 -0.2168 0.9762
vn -0.0001 -0.2167 0.9762
vn -0.0000 -0.2166 0.9763
vn 0.0396 -0.3771 0.9253
vn 0.1716 -0.3426 0.9237
vn 0.2254 -0.2999 0.9270
vn 0.3637 -0.1548 0.9186
vn 0.3618 -0.1263 0.9237
vn 0.4081 -0.1120 0.9060
vn 0.4112 -0.1157 0.9042
vn 0.3655 -0.1009 0.9253
vn 0.1055 -0.9944 0.0022
vn 0.0413 -0.4171 -0.9079
vn 0.3229 -0.3309 -0.8867
vn 0.0413 -0.4172 -0.9079
vn 0.1969 -0.3611 -0.9115
vn 0.4022 -0.1758 -0.8985
vn 0.3803 -0.1856 -0.9060
vn 0.4517 -0.1155 -0.8847
vn 0.4547 -0.1192 -0.8826
vn 0.4020 -0.1188 -0.9079
vn 0.9377 -0.3475 -0.0021
vn 0.9377 -0.3475 -0.0022
vn -0.0356 0.3074 -0.9509
vn -0.0416 0.3809 0.9237
vn 1.0000 0.0076 0.0022
vn 0.0227 -0.9997 -0.0022
vn -0.0000 0.2169 0.9762
vn 0.0038 0.2337 0.9723
vn 0.1490 0.4976 0.8545
vn 0.0302 0.4997 0.8657
vn 0.3054 0.8399 0.4487
vn 0.0038 0.4546 0.8907
vn 0.3475 0.9377 0.0022
vn 0.3475 0.9377 -0.0022
vn 0.1728 0.9849 0.0022
vn 0.1728 0.9850 -0.0022
vn 0.1728 0.9849 -0.0022
vn -0.9927 0.1205 0.0022
vn -0.9908 0.1355 0.0022
vn -0.9633 0.2685 -0.0022
vn -0.9633 0.2685 0.0022
vn -0.8397 0.5430 -0.0022
vn -0.8398 0.5430 -0.0022
vn -0.3757 0.9267 -0.0022
vn -0.3757 0.9267 -0.0021
vn -0.0453 0.9990 -0.0022
vn -0.9908 0.1355 -0.0022
vn -0.0120 0.0233 -0.9997
vn -0.0347 0.0503 -0.9981
vn -0.0684 0.1063 -0.9920
vn 0.9119 -0.4104 0.0022
vn -0.0037 0.2167 -0.9762
vn -0.0001 0.2341 -0.9722
vn 0.0019 0.4546 -0.8907
vn 0.0263 0.4999 -0.8657
vn 0.1540 0.4961 -0.8545
vn 0.3104 0.8381 -0.4487
vn -0.0163 0.0205 0.9997
vn -0.0328 0.0516 0.9981
vn -0.0664 0.1077 0.9920
vt 0.831702 0.858258
vt 0.831702 0.874861
vt 0.312145 0.858258
vt 0.312145 0.874861
vt 0.831702 0.877059
vt 0.312145 0.877059
vt 0.831702 0.921009
vt 0.831702 0.939688
vt 0.312145 0.921009
vt 0.312145 0.939688
vt 0.831702 0.837381
vt 0.312145 0.837381
vt 0.831702 0.895738
vt 0.312145 0.895738
vt 0.312145 0.820777
vt 0.831702 0.820777
vt 0.312145 0.818580
vt 0.831702 0.818580
vt 0.310094 0.918812
vt 0.310094 0.897935
vt 0.309973 0.923085
vt 0.309973 0.939688
vt 0.309973 0.893662
vt 0.309973 0.877059
vt 0.872485 0.038945
vt 0.887568 0.038945
vt 0.872485 0.514222
vt 0.887568 0.514222
vt 0.834478 0.030155
vt 0.834598 0.514222
vt 0.925575 0.030155
vt 0.925575 0.514222
vt 0.887568 0.552068
vt 0.872485 0.552068
vt 0.887568 0.000000
vt 0.872485 0.000000
vt 0.211515 0.818092
vt 0.231424 0.745573
vt 0.728298 0.813941
vt 0.725161 0.741911
vt 0.792730 0.735074
vt 0.723230 0.702233
vt 0.796832 0.712854
vt 0.240715 0.705041
vt 0.775234 0.810034
vt 0.239508 0.568062
vt 0.729866 0.568062
vt 0.806243 0.575753
vt 0.202707 0.568672
vt 0.204034 0.724086
vt 0.127295 0.569649
vt 0.128743 0.723842
vt 0.107387 0.722133
vt 0.105939 0.569893
vt 0.097613 0.722255
vt 0.096286 0.569893
vt 0.001448 0.723109
vt 0.000000 0.570869
vt 0.132846 0.737271
vt 0.047540 0.741666
vt 0.104853 0.723476
vt 0.048988 0.726284
vt 0.132122 0.748869
vt 0.111368 0.764985
vt 0.038852 0.752898
vt 0.039455 0.768159
vt 0.917370 0.652789
vt 0.931729 0.634598
vt 0.944760 0.668049
vt 0.944760 0.502014
vt 0.931729 0.502014
vt 0.976614 0.654864
vt 0.956102 0.667805
vt 0.968409 0.635208
vt 0.956102 0.501647
vt 0.968168 0.501891
vt 0.988318 0.653399
vt 0.979751 0.633621
vt 0.979510 0.501891
vt 0.051280 0.779391
vt 0.107145 0.776705
vt 0.578922 0.941519
vt 0.578319 0.957268
vt 0.019788 0.940421
vt 0.018823 0.956170
vt 0.579767 0.984371
vt 0.579887 0.998167
vt 0.014720 0.984738
vt 0.019064 0.999998
vt 0.579646 0.969111
vt 0.014841 0.969111
vt 0.000000 0.964594
vt 0.004585 0.949333
vt 0.556479 0.525210
vt 0.557565 0.460871
vt 0.568545 0.525576
vt 0.569872 0.458551
vt 0.554066 0.417653
vt 0.570838 0.415333
vt 0.548395 0.277499
vt 0.568787 0.276523
vt 0.596176 0.526064
vt 0.584110 0.525942
vt 0.597745 0.461603
vt 0.585437 0.458917
vt 0.602209 0.417775
vt 0.584955 0.414967
vt 0.584472 0.276400
vt 0.604140 0.276523
vt 0.669416 0.529849
vt 0.670502 0.465510
vt 0.681482 0.530215
vt 0.682809 0.463313
vt 0.667003 0.422292
vt 0.683775 0.419972
vt 0.661332 0.282138
vt 0.681723 0.281162
vt 0.709113 0.530826
vt 0.697047 0.530581
vt 0.710681 0.466243
vt 0.698374 0.463557
vt 0.715146 0.422414
vt 0.698012 0.419606
vt 0.697409 0.281162
vt 0.717076 0.281162
vt 0.935469 0.499694
vt 0.936555 0.435355
vt 0.947535 0.500060
vt 0.948862 0.433035
vt 0.933056 0.392137
vt 0.949828 0.389817
vt 0.927385 0.251983
vt 0.947776 0.251007
vt 0.975166 0.500548
vt 0.963100 0.500426
vt 0.976735 0.436088
vt 0.964427 0.433280
vt 0.981199 0.392137
vt 0.963945 0.389451
vt 0.963462 0.250885
vt 0.983130 0.251007
vt 0.612948 0.563666
vt 0.614034 0.499328
vt 0.625014 0.564033
vt 0.626341 0.497008
vt 0.610535 0.456110
vt 0.627306 0.453790
vt 0.604864 0.315834
vt 0.625255 0.314979
vt 0.652645 0.564521
vt 0.640579 0.564399
vt 0.654213 0.500060
vt 0.641906 0.497252
vt 0.658677 0.456110
vt 0.641423 0.453424
vt 0.640941 0.314857
vt 0.660608 0.314857
vt 0.935469 0.248809
vt 0.936555 0.184470
vt 0.947535 0.249175
vt 0.948862 0.182151
vt 0.933056 0.141252
vt 0.949828 0.138933
vt 0.927385 0.000977
vt 0.947776 0.000122
vt 0.975166 0.249664
vt 0.963100 0.249542
vt 0.976735 0.185081
vt 0.964427 0.182395
vt 0.981199 0.141252
vt 0.963945 0.138566
vt 0.963462 0.000000
vt 0.983130 0.000000
vt 0.784887 0.518373
vt 0.785973 0.454034
vt 0.796953 0.518617
vt 0.798280 0.451715
vt 0.782474 0.410816
vt 0.799245 0.408496
vt 0.776803 0.270540
vt 0.797194 0.269686
vt 0.824584 0.519228
vt 0.812518 0.519105
vt 0.826152 0.454645
vt 0.813845 0.451959
vt 0.830617 0.410816
vt 0.813362 0.408008
vt 0.812880 0.269564
vt 0.832426 0.269564
vt 0.498684 0.519350
vt 0.499770 0.455133
vt 0.510870 0.519716
vt 0.512197 0.452813
vt 0.496270 0.411793
vt 0.513042 0.409595
vt 0.490720 0.271639
vt 0.510991 0.270784
vt 0.538501 0.520326
vt 0.526315 0.520204
vt 0.539949 0.455743
vt 0.527762 0.453057
vt 0.544534 0.411915
vt 0.527280 0.409107
vt 0.526677 0.270662
vt 0.546344 0.270662
vt 0.727091 0.524111
vt 0.728177 0.459772
vt 0.739278 0.524477
vt 0.740605 0.457575
vt 0.724678 0.416554
vt 0.741450 0.414234
vt 0.719128 0.276400
vt 0.739398 0.275424
vt 0.766909 0.525088
vt 0.754722 0.524843
vt 0.768357 0.460505
vt 0.756170 0.457819
vt 0.772942 0.416676
vt 0.755687 0.413868
vt 0.755084 0.275424
vt 0.774751 0.275424
vt 0.847629 0.749968
vt 0.843406 0.748503
vt 0.850043 0.747893
vt 0.843648 0.746184
vt 0.831702 0.748991
vt 0.831340 0.746672
vt 0.827600 0.750945
vt 0.824946 0.748991
vt 0.847026 0.655108
vt 0.840511 0.654620
vt 0.846906 0.648516
vt 0.840390 0.648760
vt 0.847026 0.629104
vt 0.841114 0.628860
vt 0.854507 0.516786
vt 0.847750 0.516297
vt 0.827238 0.654620
vt 0.820723 0.656085
vt 0.827841 0.648638
vt 0.821084 0.648149
vt 0.828565 0.628127
vt 0.822532 0.627761
vt 0.835202 0.515565
vt 0.828324 0.515199
vt 0.842441 0.757782
vt 0.845458 0.760345
vt 0.834840 0.759613
vt 0.832426 0.762421
vt 0.852094 0.735440
vt 0.852094 0.717005
vt 0.853542 0.735440
vt 0.853542 0.715540
vt 0.852094 0.714075
vt 0.852094 0.699303
vt 0.853542 0.699303
vt 0.935107 0.735440
vt 0.933659 0.735440
vt 0.935107 0.717005
vt 0.933659 0.715540
vt 0.935107 0.714075
vt 0.935107 0.699303
vt 0.933659 0.699303
vt 0.933659 0.683066
vt 0.853542 0.683066
vt 0.933659 0.664631
vt 0.853542 0.664631
vt 0.933659 0.697838
vt 0.853542 0.697838
vt 0.933659 0.736905
vt 0.853542 0.736905
vt 0.000000 0.566841
vt 0.003620 0.074838
vt 0.071551 0.550603
vt 0.074567 0.078134
vt 0.083134 0.010866
vt 0.112092 0.080088
vt 0.103767 0.007081
vt 0.109920 0.550970
vt 0.008325 0.027835
vt 0.245420 0.000000
vt 0.245420 0.077524
vt 0.378749 0.080088
vt 0.380920 0.550970
vt 0.245420 0.550970
vt 0.387074 0.007081
vt 0.524384 0.001831
vt 0.661091 0.000000
vt 0.661091 0.034062
vt 0.797797 0.001831
vt 0.814690 0.036259
vt 0.661091 0.107801
vt 0.812518 0.109999
vt 0.661091 0.132584
vt 0.806485 0.133561
vt 0.661091 0.156635
vt 0.515697 0.133561
vt 0.516541 0.155292
vt 0.661091 0.274691
vt 0.499046 0.258332
vt 0.507492 0.036259
vt 0.509543 0.109999
vt 0.805640 0.155292
vt 0.823136 0.258332
vt 0.494219 0.253937
vt 0.504234 0.162007
vt 0.500011 0.151263
vt 0.489393 0.131363
vt 0.498684 0.264436
vt 0.661091 0.280796
vt 0.823498 0.264436
vt 0.490841 0.566841
vt 0.419290 0.550603
vt 0.487221 0.074838
vt 0.416274 0.078134
vt 0.407707 0.010866
vt 0.482515 0.027835
vt 0.827962 0.253937
vt 0.817827 0.162007
vt 0.822170 0.151263
vt 0.832668 0.131363
vt 0.127657 0.858746
vt 0.203914 0.858746
vt 0.127657 0.881210
vt 0.203914 0.881210
vt 0.280050 0.881210
vt 0.280050 0.858746
vt 0.127657 0.910754
vt 0.203914 0.910754
vt 0.280050 0.910754
vt 0.127657 0.933218
vt 0.203914 0.933218
vt 0.280050 0.933218
vt 0.127657 0.829323
vt 0.203914 0.829323
vt 0.280050 0.829323
s 1
usemtl Dumpbed
f 1/1/1 2/2/1 3/3/1
f 2/2/1 4/4/1 3/3/1
s 0
f 5/2/2 6/5/2 7/4/2
f 6/5/2 8/6/2 7/4/2
s 1
f 9/7/1 10/8/1 11/9/1
f 10/8/1 12/10/3 11/9/1
s 0
f 13/11/2 14/1/2 15/12/2
f 14/1/2 16/3/2 15/12/2
f 17/13/4 18/7/4 19/14/4
f 18/7/4 20/9/4 19/14/4
s 1
f 21/12/5 22/15/5 23/11/5
f 22/15/5 24/16/5 23/11/5
s 0
f 25/15/2 26/17/2 27/16/2
f 26/17/2 28/18/2 27/16/2
s 1
f 29/14/5 30/6/5 31/13/5
f 30/6/5 32/5/5 31/13/5
f 33/19/6 34/20/6 36/9/6
f 34/20/6 38/14/6 36/9/6
f 35/9/6 39/10/6 40/21/6
f 39/10/6 41/22/6 40/21/6
f 37/14/6 42/23/6 43/6/6
f 42/23/6 44/24/6 43/6/6
f 45/25/3 46/26/3 47/27/3
f 46/26/3 48/28/3 47/27/3
s 0
f 49/29/2 51/25/2 53/30/2
f 50/25/2 54/27/2 52/30/2
f 55/26/4 57/31/4 59/28/4
f 56/31/4 60/32/4 58/28/4
s 1
f 61/33/7 62/34/7 63/28/7
f 62/34/7 64/27/7 63/28/7
f 65/35/8 66/26/8 67/36/8
f 66/26/8 68/25/8 67/36/8
f 69/37/9 70/38/10 71/39/11
f 70/38/10 72/40/12 71/39/11
f 71/39/11 72/40/12 73/41/13
f 72/40/12 74/42/14 73/41/13
f 73/41/13 74/42/14 75/43/15
f 70/38/10 76/44/16 72/40/12
f 72/40/12 76/44/16 74/42/14
f 73/41/13 77/45/4 71/39/11
f 78/44/3 79/46/1 81/42/17
f 79/46/1 83/47/18 81/42/17
f 81/42/17 83/47/18 84/43/19
f 84/43/19 83/47/18 85/48/20
f 86/48/20 82/47/18 87/43/20
f 87/43/20 82/47/18 88/42/21
f 82/47/18 80/46/1 88/42/21
f 88/42/21 80/46/1 89/44/1
f 90/44/22 93/49/23 91/46/22
f 92/46/22 94/49/23 95/44/24
f 95/44/24 94/49/23 96/50/23
f 94/49/23 98/51/25 96/50/23
f 96/50/23 98/51/25 99/52/26
f 99/52/26 98/51/25 100/53/27
f 98/51/25 101/54/28 100/53/27
f 100/53/27 101/54/28 103/55/29
f 103/55/29 101/54/28 105/56/30
f 104/56/30 102/54/28 106/55/30
f 106/55/30 102/54/28 107/53/31
f 102/54/28 97/51/32 107/53/31
f 107/53/31 97/51/32 108/52/32
f 108/52/32 97/51/32 109/50/33
f 97/51/32 93/49/23 109/50/33
f 109/50/33 93/49/23 90/44/22
f 110/55/34 113/57/34 112/56/34
f 113/57/34 114/58/34 112/56/34
f 115/58/34 116/57/34 111/56/34
f 111/56/34 116/57/34 117/55/35
f 118/59/36 120/60/37 119/61/38
f 119/61/38 120/60/37 121/62/39
f 122/63/40 124/64/41 123/65/41
f 123/65/41 124/64/41 125/66/41
f 126/67/42 128/68/43 127/69/36
f 127/69/36 128/68/43 129/70/44
f 128/68/43 131/71/45 129/70/44
f 132/71/45 133/68/46 130/70/44
f 130/70/44 133/68/46 134/69/47
f 133/68/46 135/67/48 134/69/47
f 136/72/41 137/73/49 138/74/50
f 137/73/49 140/75/50 138/74/50
f 138/74/50 140/75/50 142/76/50
f 141/76/50 139/75/50 143/74/51
f 139/75/50 144/73/52 143/74/51
f 143/74/51 144/73/52 145/72/40
f 146/69/53 148/70/54 147/73/53
f 147/73/53 148/70/54 150/75/54
f 151/75/54 149/70/54 152/73/54
f 149/70/54 153/69/54 152/73/54
f 154/72/55 155/74/56 156/77/57
f 156/77/57 155/74/56 157/78/58
f 155/74/56 158/76/59 157/78/58
f 157/78/58 158/76/59 160/79/59
f 161/79/59 159/76/59 162/78/60
f 159/76/59 163/74/61 162/78/60
f 162/78/60 163/74/61 164/77/62
f 163/74/61 165/72/63 164/77/62
s 0
f 166/66/2 168/64/2 170/80/2
f 167/64/2 171/81/2 169/80/2
s 1
f 172/63/4 173/65/4 174/59/4
f 173/65/4 175/60/4 174/59/4
f 176/82/64 177/83/64 178/84/65
f 177/83/64 179/85/65 178/84/65
s 0
f 180/86/2 181/87/2 183/88/2
f 182/87/2 185/89/2 184/88/2
s 1
f 186/90/5 187/86/5 188/91/5
f 187/86/5 189/88/5 188/91/5
s 0
f 190/83/66 192/90/66 194/85/66
f 191/90/67 195/91/67 193/85/67
s 1
f 196/91/33 197/92/68 198/85/23
f 197/92/68 199/93/69 198/85/23
f 200/94/70 201/95/70 202/96/70
f 202/96/70 201/95/70 203/97/70
f 201/95/70 204/98/70 203/97/70
f 203/97/70 204/98/70 205/99/70
f 204/98/70 206/100/7 205/99/70
f 205/99/70 206/100/7 208/101/7
f 209/101/7 207/100/7 210/99/7
f 207/100/7 211/98/7 210/99/7
f 210/99/7 211/98/7 212/97/70
f 211/98/7 213/95/70 212/97/70
f 212/97/70 213/95/70 214/96/7
f 213/95/70 215/94/7 214/96/7
f 216/102/71 217/103/71 218/104/6
f 217/103/71 219/105/6 218/104/6
f 218/104/6 219/105/6 220/106/6
f 219/105/6 221/107/71 220/106/6
f 221/107/71 223/108/71 220/106/6
f 220/106/6 223/108/71 225/109/71
f 224/109/71 222/108/71 226/106/6
f 222/108/71 227/107/6 226/106/6
f 227/107/6 228/105/71 226/106/6
f 226/106/6 228/105/71 229/104/71
f 228/105/71 230/103/6 229/104/71
f 229/104/71 230/103/6 231/102/6
f 232/96/4 234/97/72 233/103/4
f 233/103/4 234/97/72 235/105/72
f 234/97/72 236/99/73 235/105/72
f 235/105/72 236/99/73 237/107/73
f 238/110/70 240/111/70 239/112/70
f 239/112/70 240/111/70 241/113/70
f 240/111/70 242/114/70 241/113/70
f 241/113/70 242/114/70 243/115/70
f 242/114/70 244/116/7 243/115/70
f 243/115/70 244/116/7 246/117/7
f 247/117/7 245/116/7 248/115/7
f 245/116/7 249/114/7 248/115/7
f 248/115/7 249/114/7 250/113/7
f 249/114/7 251/111/7 250/113/7
f 250/113/7 251/111/7 252/112/7
f 251/111/7 253/110/7 252/112/7
f 254/118/71 255/119/71 256/120/71
f 255/119/71 257/121/71 256/120/71
f 256/120/71 257/121/71 258/122/71
f 257/121/71 259/123/71 258/122/71
f 259/123/71 261/124/71 258/122/71
f 258/122/71 261/124/71 262/125/6
f 263/125/6 260/124/71 264/122/6
f 260/124/71 265/123/6 264/122/6
f 265/123/6 266/121/6 264/122/6
f 264/122/6 266/121/6 267/120/6
f 266/121/6 268/119/6 267/120/6
f 267/120/6 268/119/6 269/118/6
f 270/112/4 272/113/74 271/119/4
f 271/119/4 272/113/74 273/121/74
f 272/113/74 274/115/73 273/121/74
f 273/121/74 274/115/73 275/123/73
f 276/126/7 278/127/7 277/128/7
f 277/128/7 278/127/7 279/129/7
f 278/127/7 280/130/7 279/129/7
f 279/129/7 280/130/7 281/131/7
f 280/130/7 283/132/70 281/131/7
f 281/131/7 283/132/70 284/133/7
f 285/133/7 282/132/70 286/131/70
f 282/132/70 287/130/70 286/131/70
f 286/131/70 287/130/70 288/129/70
f 287/130/70 289/127/70 288/129/70
f 288/129/70 289/127/70 290/128/70
f 289/127/70 291/126/7 290/128/70
f 292/134/6 293/135/6 294/136/6
f 293/135/6 295/137/71 294/136/6
f 294/136/6 295/137/71 296/138/71
f 295/137/71 297/139/71 296/138/71
f 297/139/71 299/140/71 296/138/71
f 296/138/71 299/140/71 301/141/6
f 300/141/6 298/140/71 302/138/6
f 298/140/71 303/139/6 302/138/6
f 303/139/6 304/137/6 302/138/6
f 302/138/6 304/137/6 305/136/71
f 304/137/6 306/135/71 305/136/71
f 305/136/71 306/135/71 307/134/71
f 308/128/4 310/129/75 309/135/4
f 309/135/4 310/129/75 311/137/75
f 310/129/75 312/131/76 311/137/75
f 311/137/75 312/131/76 313/139/73
f 314/142/70 316/143/7 315/144/70
f 315/144/70 316/143/7 317/145/7
f 316/143/7 318/146/7 317/145/7
f 317/145/7 318/146/7 319/147/7
f 318/146/7 320/148/7 319/147/7
f 319/147/7 320/148/7 322/149/7
f 323/149/7 321/148/7 324/147/7
f 321/148/7 325/146/7 324/147/7
f 324/147/7 325/146/7 326/145/7
f 325/146/7 327/143/7 326/145/7
f 326/145/7 327/143/7 328/144/7
f 327/143/7 329/142/7 328/144/7
f 330/150/6 331/151/71 332/152/71
f 331/151/71 333/153/71 332/152/71
f 332/152/71 333/153/71 334/154/71
f 333/153/71 335/155/6 334/154/71
f 335/155/6 336/156/6 334/154/71
f 334/154/71 336/156/6 338/157/6
f 339/157/6 337/156/6 340/154/71
f 337/156/6 341/155/71 340/154/71
f 341/155/71 342/153/6 340/154/71
f 340/154/71 342/153/6 343/152/6
f 342/153/6 344/151/6 343/152/6
f 343/152/6 344/151/6 345/150/71
f 346/144/4 348/145/72 347/151/4
f 347/151/4 348/145/72 349/153/72
f 348/145/72 350/147/76 349/153/72
f 349/153/72 350/147/76 351/155/73
f 352/158/7 354/159/7 353/160/7
f 353/160/7 354/159/7 355/161/7
f 354/159/7 356/162/7 355/161/7
f 355/161/7 356/162/7 357/163/7
f 356/162/7 359/164/70 357/163/7
f 357/163/7 359/164/70 361/165/70
f 360/165/70 358/164/70 362/163/70
f 358/164/70 363/162/70 362/163/70
f 362/163/70 363/162/70 364/161/70
f 363/162/70 365/159/70 364/161/70
f 364/161/70 365/159/70 366/160/70
f 365/159/70 367/158/70 366/160/70
f 368/166/6 369/167/6 370/168/6
f 369/167/6 371/169/71 370/168/6
f 370/168/6 371/169/71 372/170/71
f 371/169/71 373/171/71 372/170/71
f 373/171/71 374/172/6 372/170/71
f 372/170/71 374/172/6 376/173/6
f 377/173/6 375/172/6 378/170/71
f 375/172/6 379/171/71 378/170/71
f 379/171/71 380/169/71 378/170/71
f 378/170/71 380/169/71 381/168/71
f 380/169/71 382/167/71 381/168/71
f 381/168/71 382/167/71 383/166/71
f 384/160/4 386/161/74 385/167/4
f 385/167/4 386/161/74 387/169/74
f 386/161/74 388/163/73 387/169/74
f 387/169/74 388/163/73 389/171/73
f 390/174/7 392/175/7 391/176/7
f 391/176/7 392/175/7 393/177/7
f 392/175/7 394/178/7 393/177/7
f 393/177/7 394/178/7 395/179/7
f 394/178/7 396/180/7 395/179/7
f 395/179/7 396/180/7 398/181/7
f 399/181/7 397/180/7 400/179/70
f 397/180/7 401/178/70 400/179/70
f 400/179/70 401/178/70 402/177/70
f 401/178/70 403/175/70 402/177/70
f 402/177/70 403/175/70 404/176/70
f 403/175/70 405/174/7 404/176/70
f 406/182/71 407/183/71 408/184/71
f 407/183/71 409/185/71 408/184/71
f 408/184/71 409/185/71 410/186/6
f 409/185/71 411/187/6 410/186/6
f 411/187/6 413/188/71 410/186/6
f 410/186/6 413/188/71 414/189/71
f 415/189/71 412/188/71 416/186/6
f 412/188/71 417/187/6 416/186/6
f 417/187/6 418/185/6 416/186/6
f 416/186/6 418/185/6 419/184/6
f 418/185/6 420/183/6 419/184/6
f 419/184/6 420/183/6 421/182/6
f 422/176/4 424/177/77 423/183/4
f 423/183/4 424/177/77 425/185/72
f 424/177/77 426/179/73 425/185/72
f 425/185/72 426/179/73 427/187/73
f 428/190/7 430/191/70 429/192/7
f 429/192/7 430/191/70 431/193/70
f 430/191/70 432/194/70 431/193/70
f 431/193/70 432/194/70 433/195/70
f 432/194/70 434/196/7 433/195/70
f 433/195/70 434/196/7 436/197/7
f 437/197/7 435/196/7 438/195/70
f 435/196/7 439/194/70 438/195/70
f 438/195/70 439/194/70 440/193/70
f 439/194/70 441/191/70 440/193/70
f 440/193/70 441/191/70 442/192/7
f 441/191/70 443/190/7 442/192/7
f 444/198/6 445/199/6 446/200/71
f 445/199/6 447/201/71 446/200/71
f 446/200/71 447/201/71 448/202/71
f 447/201/71 449/203/71 448/202/71
f 449/203/71 451/204/71 448/202/71
f 448/202/71 451/204/71 452/205/71
f 453/205/71 450/204/71 454/202/6
f 450/204/71 455/203/6 454/202/6
f 455/203/6 456/201/6 454/202/6
f 454/202/6 456/201/6 457/200/6
f 456/201/6 458/199/6 457/200/6
f 457/200/6 458/199/6 459/198/6
f 460/192/4 462/193/75 461/199/4
f 461/199/4 462/193/75 463/201/75
f 462/193/75 464/195/76 463/201/75
f 463/201/75 464/195/76 465/203/73
f 466/206/7 468/207/7 467/208/7
f 467/208/7 468/207/7 469/209/70
f 468/207/7 470/210/70 469/209/70
f 469/209/70 470/210/70 471/211/70
f 470/210/70 472/212/7 471/211/70
f 471/211/70 472/212/7 474/213/7
f 475/213/7 473/212/7 476/211/7
f 473/212/7 477/210/7 476/211/7
f 476/211/7 477/210/7 478/209/7
f 477/210/7 479/207/70 478/209/7
f 478/209/7 479/207/70 480/208/70
f 479/207/70 481/206/70 480/208/70
f 482/214/71 483/215/71 484/216/71
f 483/215/71 485/217/6 484/216/71
f 484/216/71 485/217/6 486/218/71
f 485/217/6 487/219/71 486/218/71
f 487/219/71 488/220/6 486/218/71
f 486/218/71 488/220/6 490/221/6
f 491/221/6 489/220/6 492/218/6
f 489/220/6 493/219/6 492/218/6
f 493/219/6 494/217/6 492/218/6
f 492/218/6 494/217/6 495/216/6
f 494/217/6 496/215/6 495/216/6
f 495/216/6 496/215/6 497/214/6
f 498/208/4 500/209/78 499/215/4
f 499/215/4 500/209/78 501/217/72
f 500/209/78 502/211/73 501/217/72
f 501/217/72 502/211/73 503/219/73
f 504/222/7 506/223/70 505/224/70
f 505/224/70 506/223/70 507/225/70
f 506/223/70 508/226/7 507/225/70
f 507/225/70 508/226/7 509/227/7
f 508/226/7 510/228/7 509/227/7
f 509/227/7 510/228/7 511/229/7
f 512/224/79 514/225/79 513/230/80
f 514/225/79 515/231/81 513/230/80
f 513/230/80 515/231/81 516/232/82
f 515/231/81 517/233/83 516/232/82
f 516/232/82 517/233/83 518/234/84
f 517/233/83 519/235/85 518/234/84
f 518/234/84 519/235/85 520/236/86
f 519/235/85 521/237/87 520/236/86
f 522/238/88 523/231/88 524/227/88
f 523/231/88 525/225/88 524/227/88
f 526/227/89 527/229/90 528/238/91
f 527/229/90 529/239/92 528/238/91
f 528/238/91 529/239/92 530/240/93
f 529/239/92 531/241/94 530/240/93
f 530/240/93 531/241/94 532/242/95
f 531/241/94 533/243/96 532/242/95
f 532/242/95 533/243/96 534/244/97
f 533/243/96 535/245/98 534/244/97
f 536/231/99 537/238/100 538/233/101
f 537/238/100 539/240/101 538/233/101
f 538/233/101 539/240/101 540/235/24
f 539/240/101 541/242/22 540/235/24
f 540/235/24 541/242/22 542/237/102
f 541/242/22 543/244/102 542/237/102
f 544/246/7 545/247/7 546/248/7
f 545/247/7 547/249/7 546/248/7
f 548/222/103 549/247/103 550/223/103
f 549/247/103 551/246/103 550/223/103
f 552/226/104 553/248/104 554/228/104
f 553/248/104 555/249/104 554/228/104
f 556/223/105 557/246/105 558/226/105
f 557/246/105 559/248/105 558/226/105
s 0
f 560/250/2 561/251/2 562/252/2
f 561/251/2 563/253/2 562/252/2
f 565/254/2 566/255/2 564/253/2
f 566/255/2 567/256/2 564/253/2
f 568/257/4 569/258/4 570/259/4
f 569/258/4 572/260/4 570/259/4
f 573/261/4 571/260/4 574/262/4
f 571/260/4 575/263/4 574/262/4
s 1
f 576/264/70 577/265/70 578/266/70
f 577/265/70 579/267/70 578/266/70
f 580/260/71 581/258/6 582/253/6
f 581/258/6 583/252/6 582/253/6
f 584/268/1 585/269/1 586/264/1
f 585/269/1 587/265/1 586/264/1
f 588/263/5 589/260/5 590/256/5
f 589/260/5 591/253/5 590/256/5
f 592/263/106 593/256/106 594/268/106
f 593/256/106 595/269/106 594/268/106
f 596/258/107 597/270/107 598/252/108
f 597/270/107 599/271/107 598/252/108
f 600/99/1 601/101/1 603/107/1
f 603/107/1 601/101/1 604/108/1
f 605/108/1 602/101/1 606/107/1
f 602/101/1 607/99/1 606/107/1
f 608/115/1 609/117/1 611/123/1
f 611/123/1 609/117/1 612/124/1
f 613/124/1 610/117/1 614/123/1
f 610/117/1 615/115/1 614/123/1
f 616/131/1 617/133/1 619/139/1
f 619/139/1 617/133/1 620/140/1
f 621/140/1 618/133/1 622/139/1
f 618/133/1 623/131/1 622/139/1
f 624/147/1 625/149/1 627/155/1
f 627/155/1 625/149/1 628/156/1
f 629/156/1 626/149/1 630/155/1
f 626/149/1 631/147/1 630/155/1
f 632/163/1 633/165/1 635/171/1
f 635/171/1 633/165/1 636/172/1
f 637/172/1 634/165/1 638/171/1
f 634/165/1 639/163/1 638/171/1
f 640/179/1 641/181/1 643/187/1
f 643/187/1 641/181/1 644/188/1
f 645/188/1 642/181/1 646/187/1
f 642/181/1 647/179/1 646/187/1
f 648/195/1 649/197/1 651/203/1
f 651/203/1 649/197/1 652/204/1
f 653/204/1 650/197/1 654/203/1
f 650/197/1 655/195/1 654/203/1
f 656/211/1 657/213/1 659/219/1
f 659/219/1 657/213/1 660/220/1
f 661/220/1 658/213/1 662/219/1
f 658/213/1 663/211/1 662/219/1
f 664/4/1 665/2/1 666/3/1
f 665/2/1 667/1/1 666/3/1
s 0
f 668/6/4 669/5/4 670/4/4
f 669/5/4 671/2/4 670/4/4
s 1
f 672/10/3 673/8/3 674/9/3
f 673/8/3 675/7/3 674/9/3
s 0
f 676/3/4 677/1/4 678/12/4
f 677/1/4 679/11/4 678/12/4
f 680/9/2 681/7/2 682/14/2
f 681/7/2 683/13/2 682/14/2
s 1
f 684/16/5 685/15/5 686/11/5
f 685/15/5 687/12/5 686/11/5
s 0
f 688/18/4 689/17/4 690/16/4
f 689/17/4 691/15/4 690/16/4
s 1
f 692/5/5 693/6/5 694/13/5
f 693/6/5 695/14/5 694/13/5
f 696/19/6 698/9/6 699/20/6
f 698/9/6 701/14/6 699/20/6
f 697/9/6 702/21/6 703/10/6
f 702/21/6 704/22/6 703/10/6
f 700/14/6 705/6/6 706/23/6
f 705/6/6 707/24/6 706/23/6
f 708/28/3 709/26/3 710/27/3
f 709/26/3 711/25/3 710/27/3
s 0
f 712/27/4 713/25/4 715/30/4
f 714/25/4 717/29/4 716/30/4
f 718/32/2 719/31/2 721/28/2
f 720/31/2 723/26/2 722/28/2
s 1
f 724/27/7 725/34/7 726/28/7
f 725/34/7 727/33/7 726/28/7
f 728/25/8 729/26/8 730/36/8
f 729/26/8 731/35/8 730/36/8
f 732/37/109 733/39/110 734/38/111
f 733/39/110 735/40/112 734/38/111
f 734/38/111 735/40/112 736/44/113
f 736/44/113 735/40/112 737/42/114
f 735/40/112 738/41/115 737/42/114
f 737/42/114 738/41/115 739/43/116
f 735/40/112 733/39/110 738/41/115
f 738/41/115 733/39/110 740/45/2
f 741/62/117 743/60/118 742/61/48
f 742/61/48 743/60/118 744/59/47
f 745/66/40 747/64/40 746/65/40
f 746/65/40 747/64/40 748/63/41
s 0
f 749/81/4 752/64/4 750/80/4
f 751/80/4 753/64/4 754/66/4
s 1
f 755/60/2 757/65/2 756/59/2
f 756/59/2 757/65/2 758/63/2
f 759/85/119 761/83/120 760/84/119
f 760/84/119 761/83/120 762/82/120
s 0
f 763/89/4 767/87/4 765/88/4
f 764/88/4 766/87/4 768/86/4
s 1
f 769/88/5 771/86/121 770/91/121
f 770/91/121 771/86/121 772/90/121
s 0
f 773/91/122 776/90/122 774/85/122
f 775/85/123 777/90/123 778/83/123
s 1
f 779/93/124 781/92/125 780/85/33
f 780/85/33 781/92/125 782/91/33
f 783/96/2 785/103/2 784/97/126
f 785/103/2 786/105/126 784/97/126
f 784/97/126 786/105/126 787/99/127
f 786/105/126 788/107/128 787/99/127
f 789/112/2 790/119/2 791/113/126
f 790/119/2 792/121/126 791/113/126
f 791/113/126 792/121/126 793/115/127
f 792/121/126 794/123/128 793/115/127
f 795/128/2 796/135/2 797/129/129
f 796/135/2 798/137/130 797/129/129
f 797/129/129 798/137/130 799/131/127
f 798/137/130 800/139/128 799/131/127
f 801/144/2 802/151/2 803/145/126
f 802/151/2 804/153/126 803/145/126
f 803/145/126 804/153/126 805/147/127
f 804/153/126 806/155/127 805/147/127
f 807/160/2 808/167/2 809/161/131
f 808/167/2 810/169/126 809/161/131
f 809/161/131 810/169/126 811/163/127
f 810/169/126 812/171/127 811/163/127
f 813/176/2 814/183/2 815/177/126
f 814/183/2 816/185/126 815/177/126
f 815/177/126 816/185/126 817/179/127
f 816/185/126 818/187/127 817/179/127
f 819/192/2 820/199/2 821/193/129
f 820/199/2 822/201/130 821/193/129
f 821/193/129 822/201/130 823/195/127
f 822/201/130 824/203/127 823/195/127
f 825/208/2 826/215/2 827/209/126
f 826/215/2 828/217/126 827/209/126
f 827/209/126 828/217/126 829/211/127
f 828/217/126 830/219/127 829/211/127
f 831/222/7 832/224/7 833/223/7
f 832/224/7 834/225/7 833/223/7
f 833/223/7 834/225/7 835/226/70
f 834/225/7 836/227/70 835/226/70
f 835/226/70 836/227/70 837/228/70
f 836/227/70 838/229/7 837/228/70
f 839/224/132 840/230/133 841/225/132
f 841/225/132 840/230/133 842/231/134
f 840/230/133 843/232/135 842/231/134
f 842/231/134 843/232/135 844/233/136
f 843/232/135 845/234/137 844/233/136
f 844/233/136 845/234/137 846/235/138
f 845/234/137 847/236/139 846/235/138
f 846/235/138 847/236/139 848/237/139
f 849/225/88 851/231/140 850/227/140
f 850/227/140 851/231/140 852/238/140
f 853/227/141 855/238/142 854/229/143
f 854/229/143 855/238/142 856/239/144
f 855/238/142 857/240/145 856/239/144
f 856/239/144 857/240/145 858/241/146
f 857/240/145 859/242/147 858/241/146
f 858/241/146 859/242/147 860/243/148
f 859/242/147 861/244/149 860/243/148
f 860/243/148 861/244/149 862/245/149
f 863/231/100 865/233/150 864/238/99
f 864/238/99 865/233/150 866/240/151
f 865/233/150 867/235/24 866/240/151
f 866/240/151 867/235/24 868/242/24
f 867/235/24 869/237/24 868/242/24
f 868/242/24 869/237/24 870/244/102
f 871/249/70 873/247/70 872/248/70
f 872/248/70 873/247/70 874/246/7
f 875/246/152 877/247/152 876/223/152
f 876/223/152 877/247/152 878/222/152
f 879/249/153 881/248/153 880/228/153
f 880/228/153 881/248/153 882/226/153
f 883/248/105 885/246/105 884/226/105
f 884/226/105 885/246/105 886/223/105
s 0
f 887/250/4 889/252/4 888/251/4
f 888/251/4 889/252/4 890/253/4
f 892/256/4 893/255/4 891/253/4
f 891/253/4 893/255/4 894/254/4
f 895/257/2 897/259/2 896/258/2
f 896/258/2 897/259/2 899/260/2
f 900/263/2 898/260/2 901/262/2
f 901/262/2 898/260/2 902/261/2
s 1
f 903/267/7 905/265/7 904/266/7
f 904/266/7 905/265/7 906/264/7
f 907/252/71 909/258/71 908/253/71
f 908/253/71 909/258/71 910/260/6
f 911/265/1 913/269/1 912/264/1
f 912/264/1 913/269/1 914/268/3
f 915/253/5 917/260/5 916/256/5
f 916/256/5 917/260/5 918/263/5
f 919/269/154 921/256/154 920/268/70
f 920/268/70 921/256/154 922/263/7
f 923/271/155 925/270/107 924/252/108
f 924/252/108 925/270/107 926/258/107
f 927/272/2 929/273/2 928/274/156
f 928/274/156 929/273/2 930/275/157
f 929/273/2 931/276/158 930/275/157
f 930/275/157 931/276/158 932/277/159
f 931/276/158 933/278/160 932/277/159
f 928/274/156 930/275/157 934/279/161
f 930/275/157 932/277/159 934/279/161
f 929/273/2 935/280/2 931/276/158
f 936/278/162 938/281/163 937/277/164
f 937/277/164 938/281/163 939/282/165
f 938/281/163 940/283/166 939/282/165
f 940/283/166 941/284/5 939/282/165
f 941/284/5 942/285/5 939/282/165
f 942/285/5 943/279/121 939/282/165
f 939/282/165 943/279/121 937/277/164
f 938/281/163 944/286/163 940/283/166
f 945/287/6 946/288/71 947/289/167
f 946/288/71 948/290/71 947/289/167
f 948/290/71 949/291/168 947/289/167
f 947/289/167 949/291/168 950/292/169
f 949/291/168 951/293/170 950/292/169
f 950/292/169 951/293/170 952/294/171
f 951/293/170 953/295/172 952/294/171
f 953/295/172 954/296/173 952/294/171
f 952/294/171 954/296/173 955/297/172
f 955/297/172 954/296/173 956/298/174
f 954/296/173 957/299/175 956/298/174
f 956/298/174 957/299/175 958/300/175
f 945/287/6 947/289/167 959/301/176
f 947/289/167 950/292/169 959/301/176
f 959/301/176 950/292/169 960/302/169
f 950/292/169 952/294/171 960/302/169
f 960/302/169 952/294/171 955/297/172
f 953/295/172 961/303/174 954/296/173
f 954/296/173 961/303/174 957/299/175
f 961/303/174 962/304/175 957/299/175
s 0
f 963/300/4 964/305/4 966/298/4
f 965/305/4 970/306/4 968/298/4
f 967/298/4 969/306/4 972/297/4
s 1
f 971/306/4 974/307/177 973/297/4
f 973/297/4 974/307/177 975/302/178
f 974/307/177 976/308/179 975/302/178
f 977/309/180 978/300/180 979/310/180
f 978/300/180 980/299/180 979/310/180
f 980/299/180 981/304/27 979/310/180
f 979/310/180 981/304/27 982/311/27
f 983/312/4 985/313/181 984/314/4
f 984/314/4 985/313/181 986/315/182
f 985/313/181 987/284/183 986/315/182
f 987/284/183 988/283/184 986/315/182
f 986/315/182 988/283/184 989/316/185
f 988/283/184 990/286/186 989/316/185
f 986/315/182 989/316/185 984/314/4
f 989/316/185 991/317/4 984/314/4
s 0
f 992/304/2 993/303/2 996/318/2
f 997/318/2 995/303/2 999/319/2
f 994/303/2 1001/295/2 998/319/2
s 1
f 1000/319/2 1002/295/2 1003/320/187
f 1002/295/2 1004/293/188 1003/320/187
f 1003/320/187 1004/293/188 1005/321/189
f 1006/322/1 1008/323/1 1007/324/1
f 1007/324/1 1008/323/1 1009/325/1
f 1009/325/1 1008/323/1 1010/326/1
f 1008/323/1 1011/327/1 1010/326/1
f 1012/324/6 1013/325/6 1014/328/6
f 1014/328/6 1013/325/6 1015/329/6
f 1015/329/6 1013/325/6 1016/330/6
f 1013/325/6 1017/326/6 1016/330/6
f 1018/328/5 1019/329/5 1020/331/5
f 1020/331/5 1019/329/5 1021/332/5
f 1021/332/5 1019/329/5 1022/333/5
f 1019/329/5 1023/330/5 1022/333/5
f 1024/334/7 1025/335/7 1026/322/7
f 1026/322/7 1025/335/7 1027/323/7
f 1027/323/7 1025/335/7 1028/327/7
f 1025/335/7 1029/336/7 1028/327/7
o LOW002_KrAZ_0
v 8.498104 1.558458 5.268695
v 8.498104 2.096628 5.268695
v 4.834671 1.558458 5.268694
v 4.834671 2.096628 5.268695
v 4.429809 2.288154 5.158003
v 4.429809 1.558458 5.158003
v -6.945675 2.288154 5.158000
v -6.945675 1.558458 5.158000
v 8.498104 1.558458 4.974660
v 8.498104 2.096628 4.974660
v 4.834671 1.558458 4.974659
v 4.834671 2.096628 4.974659
v 4.429810 1.558458 4.825929
v 4.429810 2.288154 4.825929
v -7.323480 1.558458 4.825926
v -7.323480 2.288154 4.825926
v -7.498116 1.558458 4.825926
v -7.498116 2.288154 4.825926
v 8.498104 1.558458 5.268695
v 8.498104 1.558458 4.974660
v 4.834671 1.558458 5.268694
v 4.834671 1.558458 4.974659
v 4.429809 1.558458 5.158003
v 4.429810 1.558458 4.825929
v -6.945675 1.558458 5.158000
v -7.323480 1.558458 4.825926
v -7.323480 1.558458 5.158000
v -7.498117 1.558458 5.158000
v -7.498116 1.558458 4.825926
v 8.498104 1.558458 5.268695
v 8.498104 2.096628 5.268695
v 8.498104 1.558458 4.974660
v 8.498104 2.096628 4.974660
v 8.498104 2.096628 4.974660
v 8.498104 2.096628 5.268695
v 4.834671 2.096628 4.974659
v 4.834671 2.096628 5.268695
v 4.429810 2.288154 4.825929
v 4.429809 2.288154 5.158003
v -7.323480 2.288154 4.825926
v -6.945675 2.288154 5.158000
v -7.323480 2.288154 5.158000
v -7.498116 2.288154 4.825926
v -7.498117 2.288154 5.158000
v -7.323480 2.218046 4.895874
v -7.323480 2.218046 5.158000
v -7.323480 1.628566 4.895874
v -7.323480 1.628566 5.158000
v -7.323480 1.628565 5.981876
v -7.323480 1.628565 5.981876
v -7.323480 1.558458 5.981876
v -7.323480 1.558458 5.981876
v -7.323480 1.628565 6.805933
v -7.323480 1.558457 6.805933
v -7.323480 1.558458 5.158000
v -7.323481 2.218046 7.068059
v -7.323481 1.628565 7.068059
v -7.323480 2.218046 6.805933
v -7.323480 2.218046 5.981877
v -7.323480 2.218046 5.981877
v -7.323480 2.288154 5.158000
v -7.323480 2.288154 5.981877
v -7.323480 2.288154 5.981877
v -7.323480 2.288153 6.805933
v 1.026609 1.962339 5.981879
v 1.026609 1.600624 5.143580
v 2.507330 1.962339 5.981879
v 2.507331 1.600624 5.143580
v 1.026609 1.600624 5.143580
v 1.026609 1.962339 5.981879
v 1.026609 1.962339 5.981879
v 1.026609 2.246326 5.143580
v 1.026609 2.246326 5.981879
v 1.026609 2.246326 5.981879
v 1.026609 2.246326 6.820358
v 1.026609 1.600624 6.820357
v 1.026609 2.246326 5.143580
v 1.026609 2.246326 5.981879
v 1.026609 2.246326 5.981879
v 2.507331 2.246326 5.143580
v 2.507330 2.246326 5.981879
v 2.507330 2.246326 5.981879
v 2.507330 2.246326 6.820358
v 1.026609 2.246326 6.820358
v 2.507331 2.246326 5.143580
v 2.507330 2.246326 5.981879
v 2.507330 2.246326 5.981879
v 2.507331 1.600624 5.143580
v 2.507330 1.962339 5.981879
v 2.507330 1.962339 5.981879
v 2.507330 1.600624 6.820358
v 2.507330 2.246326 6.820358
v 4.326995 2.325071 4.135279
v 2.204299 2.325070 5.981879
v 2.204299 2.325070 5.981879
v 4.327979 2.325240 5.981879
v 4.327979 2.325240 5.981879
v 4.326994 2.325070 7.828660
v 2.205774 2.323376 7.971982
v 1.953412 2.325070 7.788999
v 1.922421 2.325240 5.981879
v 1.922421 2.325240 5.981879
v 1.953413 2.325071 4.174940
v 2.205775 2.323377 3.991956
v 4.360447 2.247173 4.135279
v 4.702341 2.614815 4.247052
v 4.368809 2.251068 5.981879
v 4.368809 2.251068 5.981879
v 4.708736 2.617355 5.981880
v 4.708736 2.617355 5.981880
v 4.702340 2.614815 7.716887
v 4.722509 3.822564 7.701744
v 4.717591 3.898430 5.981880
v 4.717591 3.898430 5.981880
v 4.722510 3.822565 4.262196
v 4.360446 2.247172 7.828660
v 4.289116 4.136864 4.207211
v 4.248286 4.111632 4.139966
v 4.419479 4.024252 4.268145
v 4.388487 3.892165 4.119775
v 4.957163 3.869303 4.389653
v 4.957163 3.730781 4.241464
v 4.961099 2.354706 4.232269
v 4.224673 2.354706 4.090569
v 4.961590 2.220756 4.231187
v 4.224673 2.220756 4.090209
v 4.225657 4.013752 4.092914
v 2.500444 2.220756 3.970142
v 4.224673 2.220756 4.090209
v 2.500444 2.354706 3.970142
v 4.224673 2.354706 4.090569
v 2.500444 2.220756 3.970142
v 2.500444 2.354706 3.970142
v 2.210695 2.220756 3.945444
v 2.210695 3.861683 3.945445
v 2.041469 3.861683 4.015753
v 2.041469 2.220756 4.015753
v 1.922421 3.861683 4.147718
v 1.922421 2.220756 4.147717
v 1.865849 2.220755 5.981879
v 1.865849 2.220755 5.981879
v 2.500444 3.861683 3.970143
v 2.243654 5.164773 3.993399
v 2.085743 5.164773 4.056677
v 1.970631 5.164773 4.179267
v 1.902744 4.920411 5.229935
v 1.919469 5.172900 5.981880
v 1.919469 5.172900 5.981880
v 1.906679 4.944627 5.981880
v 1.906679 4.944627 5.981880
v 1.902743 4.920411 6.734004
v 1.970630 5.164772 7.784672
v 1.922421 3.861682 7.816221
v 2.041468 3.861682 7.948185
v 2.085742 5.164772 7.907262
v 2.210694 3.861682 8.018495
v 2.243653 5.164772 7.970360
v 2.500443 3.861682 7.993796
v 2.502903 5.164772 7.947645
v 2.502903 5.164773 4.016294
v 1.879130 4.357517 6.742477
v 2.500443 2.354705 7.993795
v 2.210694 2.220755 8.018494
v 2.041468 2.220755 7.948185
v 1.922421 2.220755 7.816220
v 1.865849 3.863376 5.981879
v 1.865849 3.863376 5.981879
v 1.879131 4.357517 5.221461
v 2.500443 2.220755 7.993795
v 1.881099 4.345324 5.981879
v 1.881099 4.345324 5.981879
v 4.225657 4.013752 4.092914
v 4.248286 4.111632 4.139966
v 3.910819 5.162232 4.095618
v 3.962964 5.162232 4.139966
v 4.289116 4.136864 4.207211
v 4.011174 5.164095 4.207211
v 4.264520 4.136864 5.010896
v 4.613301 3.876415 5.981880
v 4.613301 3.876415 5.981880
v 4.409148 4.137372 5.981880
v 4.409148 4.137372 5.981880
v 4.264519 4.136864 6.953044
v 4.145471 4.136863 7.756730
v 4.515897 3.790558 7.630895
v 4.511470 3.698097 7.736177
v 4.193680 3.981576 7.796571
v 4.211882 2.354536 7.789720
v 4.225656 4.013752 7.871027
v 4.224672 2.354705 7.873370
v 4.213850 2.220586 7.789720
v 4.945848 2.220078 7.649463
v 4.945356 2.354197 7.648381
v 4.937485 3.698097 7.646939
v 4.942896 3.792591 7.541476
v 4.947816 3.868795 6.890668
v 4.943388 3.885221 5.981880
v 4.943388 3.885221 5.981880
v 4.947816 3.868795 5.073273
v 4.515898 3.790559 4.333045
v 4.942897 3.792591 4.422464
v 4.511471 3.698098 4.227762
v 4.937486 3.698098 4.317001
v 4.945357 2.354198 4.315558
v 4.211883 2.354536 4.174219
v 4.945848 2.220078 4.314476
v 4.213850 2.220587 4.174219
v 4.145472 4.136864 4.207211
v 4.193681 3.981577 4.167369
v 4.225657 4.013752 4.092914
v 4.224673 2.354706 4.090569
v 2.494049 2.220756 4.054513
v 2.493557 2.354706 4.054513
v 4.213850 2.220587 4.174219
v 4.211883 2.354536 4.174219
v 2.494049 2.220756 4.054513
v 2.069510 2.220756 4.074163
v 2.493557 2.354706 4.054513
v 2.069510 3.859990 4.074164
v 2.493065 3.860328 4.054513
v 2.138381 5.272474 4.146997
v 2.496017 5.170191 4.100665
v 2.069510 2.220756 4.074163
v 2.069510 3.859990 4.074164
v 1.950461 2.220755 5.981879
v 1.950461 2.220755 5.981879
v 1.950461 3.862868 5.981879
v 1.950461 3.862868 5.981879
v 2.069509 3.859989 7.889775
v 1.963743 4.356331 6.739233
v 1.965711 4.342784 5.981879
v 1.965711 4.342784 5.981879
v 1.963744 4.356332 5.224706
v 1.987356 4.915669 5.232819
v 2.138381 5.272474 4.146997
v 2.008018 5.332082 5.981880
v 2.008018 5.332082 5.981880
v 1.991292 4.939547 5.981880
v 1.991292 4.939547 5.981880
v 1.987356 4.915669 6.731120
v 2.138380 5.272473 7.816943
v 2.069509 2.220755 7.889774
v 3.845884 5.164095 4.207211
v 3.869497 5.148516 4.168090
v 4.145472 4.136864 4.207211
v 4.193681 3.981577 4.167369
v 3.910819 5.162232 4.095618
v 4.225657 4.013752 4.092914
v 2.138381 5.272474 4.146997
v 2.008018 5.332082 5.981880
v 2.008018 5.332082 5.981880
v 3.857690 5.220486 4.170975
v 4.137108 5.297875 5.981880
v 4.137108 5.297875 5.981880
v 3.857689 5.220485 7.792966
v 2.138380 5.272473 7.816943
v 2.138381 5.272474 4.146997
v 3.857690 5.220486 4.170975
v 2.496017 5.170191 4.100665
v 3.869497 5.148516 4.168090
v 3.845884 5.164095 4.207211
v 4.137108 5.297875 5.981880
v 4.137108 5.297875 5.981880
v 4.117923 5.163417 5.981880
v 4.117923 5.163417 5.981880
v 3.845883 5.164094 7.756730
v 3.857689 5.220485 7.792966
v 3.869496 5.148515 7.795850
v 2.496016 5.170190 7.863274
v 2.138380 5.272473 7.816943
v 4.957163 3.968876 5.981880
v 4.957163 3.968876 5.981880
v 4.957163 3.952789 5.067323
v 4.943388 3.885221 5.981880
v 4.943388 3.885221 5.981880
v 4.947816 3.868795 5.073273
v 4.957163 3.869303 4.389653
v 4.957163 3.952789 6.896617
v 4.947816 3.868795 6.890668
v 4.957162 3.869303 7.574287
v 4.942896 3.792591 7.541476
v 4.957162 3.730781 7.722476
v 4.937485 3.698097 7.646939
v 4.961098 2.354705 7.731670
v 4.945356 2.354197 7.648381
v 4.961589 2.220755 7.732752
v 4.945848 2.220078 7.649463
v 4.942897 3.792591 4.422464
v 4.957163 3.730781 4.241464
v 4.937486 3.698098 4.317001
v 4.961099 2.354706 4.232269
v 4.945357 2.354198 4.315558
v 4.961590 2.220756 4.231187
v 4.945848 2.220078 4.314476
v 4.211883 2.354536 4.174219
v 4.224673 2.354706 4.090569
v 4.224673 2.354706 4.090569
v 2.493557 2.354706 4.054513
v 2.493557 2.354706 4.054513
v 2.500444 2.354706 3.970142
v 2.494049 2.220756 4.054513
v 2.500444 2.220756 3.970142
v 4.213850 2.220587 4.174219
v 4.224673 2.220756 4.090209
v 2.210695 2.220756 3.945444
v 2.069510 2.220756 4.074163
v 2.069510 2.220756 4.074163
v 2.069510 2.220756 4.074163
v 2.041469 2.220756 4.015753
v 1.922421 2.220756 4.147717
v 2.500444 2.220756 3.970142
v 2.494049 2.220756 4.054513
v 2.210695 2.220756 3.945444
v 1.922421 2.220756 4.147717
v 1.865849 2.220755 5.981879
v 1.865849 2.220755 5.981879
v 1.950461 2.220755 5.981879
v 1.950461 2.220755 5.981879
v 2.069509 2.220755 7.889774
v 2.069509 2.220755 7.889774
v 2.069509 2.220755 7.889774
v 1.922421 2.220755 7.816220
v 1.922421 2.220755 7.816220
v 2.041468 2.220755 7.948185
v 2.210694 2.220755 8.018494
v 2.210694 2.220755 8.018494
v 2.494048 2.220755 7.909425
v 2.500443 2.220755 7.993795
v 2.502903 5.164773 4.016294
v 2.500444 3.861683 3.970143
v 2.496017 5.170191 4.100665
v 2.493065 3.860328 4.054513
v 2.500444 2.354706 3.970142
v 2.493557 2.354706 4.054513
v 1.987356 4.915669 5.232819
v 1.902744 4.920411 5.229935
v 1.963744 4.356332 5.224706
v 1.879131 4.357517 5.221461
v 1.963744 4.356332 5.224706
v 1.879131 4.357517 5.221461
v 1.965711 4.342784 5.981879
v 1.965711 4.342784 5.981879
v 1.881099 4.345324 5.981879
v 1.881099 4.345324 5.981879
v 1.879130 4.357517 6.742477
v 1.963743 4.356331 6.739233
v 2.496017 5.170191 4.100665
v 3.869497 5.148516 4.168090
v 2.502903 5.164773 4.016294
v 3.910819 5.162232 4.095618
v 4.213850 2.220587 4.174219
v 4.945848 2.220078 4.314476
v 4.224673 2.220756 4.090209
v 4.961590 2.220756 4.231187
v 1.902744 4.920411 5.229935
v 1.906679 4.944627 5.981880
v 1.906679 4.944627 5.981880
v 1.987356 4.915669 5.232819
v 1.991292 4.939547 5.981880
v 1.991292 4.939547 5.981880
v 1.987356 4.915669 6.731120
v 1.902743 4.920411 6.734004
v 7.978622 2.105264 4.868295
v 7.977146 2.105264 5.981880
v 7.977146 2.105264 5.981880
v 8.207863 2.105264 4.917511
v 8.206387 2.105264 5.981880
v 8.206387 2.105264 5.981880
v 8.207862 2.105264 7.046430
v 7.978621 2.105264 7.095645
v 7.978622 2.105264 4.868295
v 8.207863 2.105264 4.917511
v 7.978622 3.509789 4.868296
v 8.207863 3.509789 4.917512
v 8.207863 2.105264 4.917511
v 8.207863 3.463220 4.964024
v 8.207863 3.509789 4.917512
v 8.206387 3.509789 5.981881
v 8.206387 3.509789 5.981881
v 8.206387 3.463220 5.981881
v 8.206387 3.463220 5.981881
v 8.207862 3.463220 6.999918
v 8.207862 3.509789 7.046430
v 8.207862 2.105264 7.046430
v 8.207862 2.151833 6.999918
v 8.206387 2.105264 5.981880
v 8.206387 2.105264 5.981880
v 8.206387 2.151833 5.981880
v 8.206387 2.151833 5.981880
v 8.207863 2.151833 4.964024
v 7.978622 3.509789 4.868296
v 7.978622 2.151833 4.914807
v 7.978622 2.105264 4.868295
v 7.977146 2.105264 5.981880
v 7.977146 2.105264 5.981880
v 7.977146 2.151833 5.981880
v 7.977146 2.151833 5.981880
v 7.978621 2.151833 7.049133
v 7.978621 2.105264 7.095645
v 7.978621 3.509789 7.095646
v 7.978621 3.463220 7.049134
v 7.977146 3.509789 5.981881
v 7.977146 3.509789 5.981881
v 7.977146 3.463220 5.981881
v 7.977146 3.463220 5.981881
v 7.978622 3.463220 4.914807
v 7.978622 2.151833 4.914807
v 8.207863 2.151833 4.964024
v 7.977146 2.151833 5.981880
v 7.977146 2.151833 5.981880
v 8.206387 2.151833 5.981880
v 8.206387 2.151833 5.981880
v 8.207862 2.151833 6.999918
v 7.978621 2.151833 7.049133
v 8.207863 2.151833 4.964024
v 8.207863 3.463220 4.964024
v 7.978622 2.151833 4.914807
v 7.978622 3.463220 4.914807
v 4.980776 2.392638 4.247773
v 5.232646 2.390606 4.301497
v 4.980776 3.513007 4.247774
v 5.420565 2.568077 4.342420
v 5.976451 3.513007 4.462306
v 6.024660 2.726581 4.472762
v 7.061165 3.513007 4.695948
v 7.055754 2.720654 4.694866
v 7.965832 3.513007 4.890831
v 7.549656 2.524386 4.801231
v 7.668704 2.394162 4.826831
v 7.965832 2.392638 4.890830
v 7.813824 2.157083 4.858921
v 7.964356 2.155390 4.890470
v 5.188372 2.524556 4.259672
v 5.118025 3.277113 4.244709
v 5.118025 2.525233 4.244889
v 5.063913 2.472399 4.243987
v 5.206573 2.471213 4.274274
v 5.386621 2.640894 4.313395
v 5.363008 2.689157 4.297530
v 5.983338 3.277113 4.431298
v 5.063913 3.330456 4.243988
v 4.985203 2.392638 4.227041
v 5.237073 2.390606 4.280765
v 5.425484 2.568077 4.321688
v 6.029088 2.726581 4.452030
v 6.019741 2.807019 4.449867
v 7.060181 2.720654 4.674134
v 7.075431 2.800923 4.677380
v 7.554083 2.524386 4.780499
v 7.599341 2.592631 4.790234
v 7.673623 2.394162 4.806099
v 7.707566 2.474431 4.813490
v 7.631317 2.637846 4.786268
v 7.087238 2.854096 4.669086
v 6.015313 2.860192 4.438148
v 7.068052 3.277113 4.664940
v 4.985203 3.513007 4.227041
v 5.980878 3.330456 4.441574
v 5.980878 3.513007 4.441574
v 7.065592 3.330456 4.675216
v 7.065592 3.513007 4.675216
v 7.891550 3.330456 4.853152
v 7.970259 3.513007 4.870098
v 7.891550 2.473414 4.853152
v 7.970259 2.392638 4.870098
v 7.968783 2.155390 4.869738
v 7.818252 2.157083 4.838188
v 7.732655 2.527435 4.808082
v 7.841864 3.277113 4.831699
v 7.841864 2.526927 4.831698
v 5.232646 2.390606 4.301497
v 5.420565 2.568077 4.342420
v 5.237073 2.390606 4.280765
v 5.237073 2.390606 4.280765
v 5.425484 2.568077 4.321688
v 6.024660 2.726581 4.472762
v 6.029088 2.726581 4.452030
v 7.055754 2.720654 4.694866
v 7.060181 2.720654 4.674134
v 7.549656 2.524386 4.801231
v 7.554083 2.524386 4.780499
v 7.668704 2.394162 4.826831
v 7.673623 2.394162 4.806099
v 7.818252 2.157083 4.838188
v 7.813824 2.157083 4.858921
v 4.985203 2.392638 4.227041
v 5.232646 2.390606 4.301497
v 4.980776 2.392638 4.247773
v 4.985203 2.392638 4.227041
v 4.985203 3.513007 4.227041
v 4.980776 2.392638 4.247773
v 4.980776 3.513007 4.247774
v 4.985203 3.513007 4.227041
v 5.980878 3.513007 4.441574
v 4.980776 3.513007 4.247774
v 5.976451 3.513007 4.462306
v 7.065592 3.513007 4.675216
v 7.061165 3.513007 4.695948
v 7.970259 3.513007 4.870098
v 7.965832 3.513007 4.890831
v 7.968783 2.155390 4.869738
v 7.964356 2.155390 4.890470
v 7.818252 2.157083 4.838188
v 7.813824 2.157083 4.858921
v 7.970259 3.513007 4.870098
v 7.965832 3.513007 4.890831
v 7.970259 2.392638 4.870098
v 7.965832 2.392638 4.890830
v 7.964356 2.155390 4.890470
v 7.968783 2.155390 4.869738
v 8.145388 3.512160 4.964385
v 8.134564 3.547384 4.960779
v 8.170476 3.535021 5.057228
v 8.134564 3.570076 5.055606
v 8.132597 3.611395 5.497110
v 8.040606 3.664060 5.490439
v 8.043557 3.608347 5.035234
v 8.172444 3.513684 5.057949
v 8.173919 3.514531 5.498372
v 8.171460 3.549077 5.499093
v 8.171460 3.555342 5.981881
v 8.171460 3.555342 5.981881
v 8.173919 3.514361 5.981881
v 8.173919 3.514361 5.981881
v 8.173919 3.514531 6.465570
v 8.171460 3.549077 6.464849
v 8.170476 3.535021 6.906713
v 8.172444 3.513684 6.905992
v 8.145387 3.512160 6.999557
v 8.134563 3.547383 7.003163
v 8.134564 3.570075 6.908336
v 8.043557 3.608346 6.928708
v 8.045032 3.560253 7.020650
v 7.375018 3.675914 7.053280
v 7.372066 3.600726 7.162890
v 4.975855 3.837974 7.557341
v 4.972904 3.726378 7.683536
v 4.978808 3.922646 6.892110
v 7.376003 3.744667 6.561479
v 8.040606 3.664060 6.473502
v 8.132597 3.611394 6.466832
v 8.132597 3.619184 5.981881
v 8.132597 3.619184 5.981881
v 8.040606 3.674390 5.981881
v 8.040606 3.674390 5.981881
v 7.376494 3.757707 5.981881
v 7.376494 3.757707 5.981881
v 4.978808 3.938564 5.981880
v 4.978808 3.938564 5.981880
v 7.376003 3.744667 5.402463
v 7.375019 3.675914 4.910661
v 8.045033 3.560254 4.943292
v 7.372067 3.600726 4.801051
v 4.975856 3.837975 4.406600
v 4.972905 3.726378 4.280404
v 4.978808 3.922646 5.071830
v 8.134564 3.547384 4.960779
v 8.145388 3.512160 4.964385
v 8.045033 3.560254 4.943292
v 8.046017 3.521305 4.949060
v 7.372067 3.600726 4.801051
v 7.372067 3.521305 4.805558
v 4.972905 3.726378 4.280404
v 4.972905 3.521305 4.283829
v 4.289116 4.136864 4.207211
v 4.273375 4.195288 4.275717
v 4.011174 5.164095 4.207211
v 4.030359 5.098898 4.275717
v 4.030359 5.098898 4.275717
v 3.866545 5.098898 4.275717
v 4.292559 5.098897 5.924912
v 4.137108 5.098897 5.924912
v 4.273375 4.195288 4.275717
v 4.128254 4.195288 4.275717
v 4.128254 4.195288 4.275717
v 4.030359 5.098898 4.275717
v 4.030359 5.098898 4.275717
v 3.866545 5.098898 4.275717
v 4.128254 4.195288 4.275717
v 4.273375 4.195288 4.275717
v 4.246810 4.195287 5.017385
v 4.392914 4.195287 5.017386
v 4.392422 4.195287 5.924911
v 4.539510 4.195287 5.924911
v 4.292559 5.098897 5.924912
v 4.137108 5.098897 5.924912
v 4.137108 5.098897 5.924912
v 4.539510 4.195287 5.924911
v 4.539510 4.195287 5.924911
v 4.392422 4.195287 5.924911
v 3.845884 5.164095 4.207211
v 4.117923 5.163417 5.981880
v 4.117923 5.163417 5.981880
v 3.866545 5.098898 4.275717
v 4.137108 5.098897 5.924912
v 3.845883 5.164094 7.756730
v 3.866544 5.098897 7.688223
v 4.137108 5.098897 6.039029
v 4.145472 4.136864 4.207211
v 3.845884 5.164095 4.207211
v 4.128254 4.195288 4.275717
v 3.866545 5.098898 4.275717
v 4.145472 4.136864 4.207211
v 4.128254 4.195288 4.275717
v 4.264520 4.136864 5.010896
v 4.246810 4.195287 5.017385
v 4.392422 4.195287 5.924911
v 4.409148 4.137372 5.981880
v 4.409148 4.137372 5.981880
v 4.264519 4.136864 6.953044
v 4.392422 4.195287 6.039029
v 4.246809 4.195287 6.946554
v 4.128253 4.195287 7.688223
v 4.145471 4.136863 7.756730
v 4.392422 4.195287 5.924911
v 4.409148 4.137372 5.981880
v 4.409148 4.137372 5.981880
v 4.137108 5.098897 5.924912
v 4.117923 5.163417 5.981880
v 4.117923 5.163417 5.981880
v 4.137108 5.098897 6.039029
v 4.392422 4.195287 6.039029
v 4.046593 5.136492 4.236957
v 4.064795 5.080609 4.295187
v 4.312237 4.161758 4.236957
v 4.294528 4.217979 4.295187
v 4.064795 5.080609 4.295187
v 4.046593 5.136492 4.236957
v 4.325519 5.080609 5.907425
v 4.306826 5.136492 5.961509
v 4.025931 5.148854 4.224518
v 4.286656 5.148854 5.973407
v 3.921150 5.148854 4.224518
v 4.181874 5.148854 5.973407
v 4.572470 4.161757 5.961508
v 4.306826 5.136492 5.961509
v 4.554760 4.217979 5.907424
v 4.325519 5.080609 5.907425
v 4.312237 4.161758 4.236957
v 4.572470 4.161757 5.961508
v 4.294528 4.217979 4.295187
v 4.554760 4.217979 5.907424
v 4.312237 4.161758 4.236957
v 4.046593 5.136492 4.236957
v 4.291576 4.149565 4.224517
v 4.025931 5.148854 4.224518
v 4.186794 4.149565 4.224517
v 3.921150 5.148854 4.224518
v 4.306826 5.136492 5.961509
v 4.572470 4.161757 5.961508
v 4.286656 5.148854 5.973407
v 4.552301 4.149565 5.973407
v 4.181874 5.148854 5.973407
v 4.447519 4.149565 5.973407
v 4.572470 4.161757 5.961508
v 4.312237 4.161758 4.236957
v 4.552301 4.149565 5.973407
v 4.291576 4.149565 4.224517
v 4.447519 4.149565 5.973407
v 4.186794 4.149565 4.224517
v 3.939843 5.080609 4.295187
v 4.064795 5.080609 4.295187
v 4.064795 5.080609 4.295187
v 4.169085 4.217979 4.295187
v 4.169085 4.217979 4.295187
v 4.294528 4.217979 4.295187
v 4.200076 5.080609 5.907425
v 4.325519 5.080609 5.907425
v 3.939843 5.080609 4.295187
v 4.064795 5.080609 4.295187
v 4.429809 4.217979 5.907424
v 4.554760 4.217979 5.907424
v 4.200076 5.080609 5.907425
v 4.325519 5.080609 5.907425
v 4.169085 4.217979 4.295187
v 4.294528 4.217979 4.295187
v 4.429809 4.217979 5.907424
v 4.554760 4.217979 5.907424
v 4.200076 5.080609 5.907425
v 4.181874 5.148854 5.973407
v 4.429809 4.217979 5.907424
v 4.447519 4.149565 5.973407
v 3.939843 5.080609 4.295187
v 3.921150 5.148854 4.224518
v 4.200076 5.080609 5.907425
v 4.181874 5.148854 5.973407
v 4.169085 4.217979 4.295187
v 4.186794 4.149565 4.224517
v 3.939843 5.080609 4.295187
v 3.921150 5.148854 4.224518
v 4.429809 4.217979 5.907424
v 4.447519 4.149565 5.973407
v 4.169085 4.217979 4.295187
v 4.186794 4.149565 4.224517
v 3.952633 5.126840 4.248856
v 4.218769 5.126839 5.946906
v 3.971819 5.066723 4.312133
v 4.237955 5.066722 5.883808
v 3.992972 5.126840 4.248856
v 4.012157 5.066723 4.312133
v 4.259108 5.126839 5.946906
v 4.277802 5.066722 5.883808
v 4.232052 4.172596 4.248855
v 3.952633 5.126840 4.248856
v 4.215326 4.232712 4.312133
v 3.971819 5.066723 4.312133
v 4.272391 4.172596 4.248855
v 4.255173 4.232712 4.312133
v 3.992972 5.126840 4.248856
v 4.012157 5.066723 4.312133
v 4.483430 4.172595 5.946906
v 4.232052 4.172596 4.248855
v 4.466212 4.232712 5.883808
v 4.215326 4.232712 4.312133
v 4.523768 4.172595 5.946906
v 4.506551 4.232712 5.883808
v 4.272391 4.172596 4.248855
v 4.255173 4.232712 4.312133
v 4.218769 5.126839 5.946906
v 4.483430 4.172595 5.946906
v 4.237955 5.066722 5.883808
v 4.466212 4.232712 5.883808
v 4.259108 5.126839 5.946906
v 4.277802 5.066722 5.883808
v 4.523768 4.172595 5.946906
v 4.506551 4.232712 5.883808
v 4.012157 5.066723 4.312133
v 3.971819 5.066723 4.312133
v 4.277802 5.066722 5.883808
v 4.237955 5.066722 5.883808
v 4.255173 4.232712 4.312133
v 4.215326 4.232712 4.312133
v 4.215326 4.232712 4.312133
v 4.012157 5.066723 4.312133
v 4.012157 5.066723 4.312133
v 3.971819 5.066723 4.312133
v 4.506551 4.232712 5.883808
v 4.466212 4.232712 5.883808
v 4.255173 4.232712 4.312133
v 4.215326 4.232712 4.312133
v 4.277802 5.066722 5.883808
v 4.237955 5.066722 5.883808
v 4.237955 5.066722 5.883808
v 4.506551 4.232712 5.883808
v 4.506551 4.232712 5.883808
v 4.466212 4.232712 5.883808
v 7.896469 2.132529 3.229376
v 7.975670 2.122030 3.437419
v 7.815792 2.306274 3.229376
v 7.891058 2.381801 3.437419
v 7.601801 2.514226 3.229376
v 7.752825 2.257673 3.148070
v 7.538341 2.435821 3.148070
v 7.280568 2.640048 3.229376
v 7.247117 2.503727 3.148070
v 6.323756 2.668667 3.229376
v 6.337038 2.525572 3.148070
v 5.763935 2.595849 3.229376
v 5.801322 2.454618 3.148070
v 5.473202 2.459698 3.229376
v 5.568145 2.348271 3.148070
v 5.171154 2.088838 3.229376
v 5.285283 2.026012 3.148070
v 4.983727 1.348812 3.229375
v 5.089493 1.350167 3.148069
v 4.959131 1.063640 3.229375
v 4.886817 1.386068 3.437418
v 4.880421 1.031296 3.437418
v 4.849429 1.372181 4.033601
v 4.845002 1.016901 4.033601
v 4.886817 1.334079 4.609954
v 4.880421 1.032311 4.609954
v 4.983727 1.340345 4.812768
v 4.959131 1.055003 4.812768
v 7.824646 2.162333 3.148070
v 5.171154 2.080202 4.812768
v 5.078671 2.125077 4.609954
v 5.045711 2.183670 4.033601
v 5.078671 2.177066 3.437418
v 5.394493 2.566553 3.437418
v 5.473202 2.451231 4.812768
v 5.394493 2.514565 4.609954
v 5.763935 2.587213 4.812769
v 5.709331 2.668328 4.609954
v 6.323756 2.660030 4.812769
v 5.365469 2.578915 4.033602
v 5.687193 2.735895 4.033602
v 5.709331 2.720316 3.437418
v 6.306046 2.798044 3.437418
v 6.306046 2.746056 4.609955
v 6.299159 2.815147 4.033602
v 7.250560 2.710155 4.609955
v 7.316971 2.778400 4.033602
v 7.320907 2.762144 3.437419
v 7.665260 2.607872 3.437419
v 7.901389 2.388913 4.033602
v 7.988461 2.113393 4.033602
v 7.210221 2.631580 4.812769
v 7.531454 2.505589 4.812769
v 7.594422 2.555884 4.609955
v 7.745445 2.297637 4.812769
v 7.820711 2.329812 4.609955
v 7.826122 2.128972 4.812769
v 7.905324 2.118812 4.609955
v 7.670180 2.620404 4.033602
v 6.712384 2.913705 4.231369
v 6.712384 2.913705 4.231369
v 7.275648 2.753168 4.418318
v 7.402567 2.913705 4.372527
v 7.867445 2.913705 4.441033
v 7.613115 2.582302 4.509900
v 7.841372 2.347085 4.509720
v 7.830059 2.336416 4.545775
v 7.878268 2.214659 4.541989
v 7.867445 2.275284 4.509540
v 7.609179 2.559610 4.545595
v 7.259415 2.734371 4.452751
v 6.712384 2.815317 4.300596
v 6.674996 2.763498 4.335209
v 6.682376 2.771288 3.379549
v 6.682376 2.797536 3.439401
v 6.712384 2.803632 3.417227
v 6.678933 2.805834 4.029275
v 6.712384 2.831066 4.027833
v 6.674996 2.763498 4.335209
v 6.712384 2.815317 4.300596
v 6.712384 2.913705 3.439582
v 6.712384 2.913705 3.439582
v 6.712384 2.803632 3.417227
v 7.318447 2.760450 3.416146
v 7.402567 2.913705 3.439582
v 7.867445 2.913705 3.462838
v 7.661325 2.611090 3.416146
v 7.867445 2.408895 3.437599
v 7.648043 2.587382 3.378287
v 7.884663 2.364358 3.375763
v 6.682376 2.771288 3.379549
v 7.309100 2.739452 3.377746
v 7.867445 2.741145 4.382442
v 7.867445 2.913705 4.441033
v 7.867445 2.856975 4.266704
v 7.867445 2.859176 4.098322
v 7.867445 2.275284 4.509540
v 7.867445 2.579592 4.377395
v 7.867445 2.399073 4.316100
v 7.867445 2.466980 4.254805
v 7.867445 2.469181 4.086244
v 7.867445 2.442425 4.071461
v 7.867445 2.408895 3.437599
v 7.867445 2.585011 3.970685
v 7.867445 2.913705 3.462838
v 7.867445 2.746564 3.975552
v 7.867445 2.913705 4.441033
v 7.867445 2.913705 3.462838
v 7.402567 2.913705 4.372527
v 7.402567 2.913705 3.439582
v 6.712384 2.913705 3.439582
v 6.712384 2.913705 4.231369
v 7.878268 2.214659 4.541989
v 7.867445 2.275284 4.509540
v 7.890566 2.211103 4.508097
v 7.867445 2.399073 4.316100
v 7.885155 2.351996 4.293925
v 7.895977 2.397888 4.033242
v 7.867445 2.442425 4.071461
v 7.867445 2.408895 3.437599
v 7.896469 2.379768 3.442466
v 7.884663 2.364358 3.375763
v 7.867445 2.741145 4.382442
v 7.867445 2.856975 4.266704
v 7.602293 2.663078 4.176563
v 7.867445 2.859176 4.098322
v 7.867445 2.746564 3.975552
v 7.867445 2.585011 3.970685
v 7.867445 2.469181 4.086244
v 7.867445 2.466980 4.254805
v 7.867445 2.579592 4.377395
v 4.959131 1.055003 4.812768
v 4.959131 1.063640 3.229375
v 4.983727 1.340345 4.812768
v 5.089493 1.350167 3.148069
v 5.171154 2.080202 4.812768
v 5.285283 2.026012 3.148070
v 5.568145 2.348271 3.148070
v 5.473202 2.451231 4.812768
v 5.801322 2.454618 3.148070
v 5.763935 2.587213 4.812769
v 6.337038 2.525572 3.148070
v 6.323756 2.660030 4.812769
v 7.210221 2.631580 4.812769
v 7.247117 2.503727 3.148070
v 7.531454 2.505589 4.812769
v 7.538341 2.435821 3.148070
v 7.745445 2.297637 4.812769
v 7.824646 2.162333 3.148070
v 7.896469 2.132529 3.229376
v 7.826122 2.128972 4.812769
v 7.975670 2.122030 3.437419
v 7.988461 2.113393 4.033602
v 7.905324 2.118812 4.609955
v 7.752825 2.257673 3.148070
v 4.880421 1.031296 3.437418
v 4.959131 1.063640 3.229375
v 4.845002 1.016901 4.033601
v 4.880421 1.032311 4.609954
v 4.959131 1.055003 4.812768
v 7.877776 2.139811 3.175473
v 8.080452 2.139810 3.329972
v 7.877776 2.168937 3.175473
v 7.994856 2.169107 3.453644
v 8.278210 2.139810 3.586870
v 8.038638 2.169106 3.796715
v 8.432186 2.139810 3.965276
v 7.985509 2.169106 4.327998
v 8.513846 2.139810 4.575702
v 7.849244 2.169106 4.826470
v 8.222129 2.169106 4.904351
v 8.222129 2.169106 4.904351
v 8.513846 2.139810 4.575702
v 8.513354 2.068178 5.981880
v 8.513354 2.068178 5.981880
v 8.224097 2.169106 5.981880
v 8.224097 2.169106 5.981880
v 8.222128 2.169106 7.059590
v 8.222128 2.169106 7.059590
v 8.513846 2.139809 7.388239
v 8.513846 2.139809 7.388239
v 7.849243 2.169106 7.137470
v 7.985508 2.169106 7.635942
v 8.432184 2.139809 7.998665
v 8.038637 2.169106 8.167226
v 8.278209 2.139809 8.377071
v 7.994855 2.169106 8.510298
v 8.080451 2.139809 8.633968
v 7.877775 2.168936 8.788467
v 7.877775 2.139809 8.788467
v 7.868429 2.137270 3.159788
v 7.868429 1.822124 3.159788
v 7.877776 2.139811 3.175473
v 7.877776 1.790457 3.175473
v 8.079961 1.790288 3.329071
v 8.080452 2.139810 3.329972
v 8.276734 1.790288 3.587231
v 8.278210 2.139810 3.586870
v 8.433169 1.790288 3.967440
v 8.432186 2.139810 3.965276
v 8.441040 1.944051 4.031078
v 8.451370 1.868863 4.106074
v 8.460717 1.868863 4.177465
v 8.513846 1.790288 4.575702
v 8.513846 1.790288 4.575702
v 8.470556 1.944050 4.251920
v 8.470556 2.014666 4.251740
v 8.513846 2.139810 4.575702
v 8.460225 2.089854 4.177104
v 8.450878 2.089854 4.104813
v 8.441040 2.014666 4.030718
v 8.513846 2.139810 4.575702
v 8.513354 2.068178 5.981880
v 8.513354 2.068178 5.981880
v 8.510895 1.790287 5.981880
v 8.510895 1.790287 5.981880
v 8.513846 1.790287 7.388239
v 8.513846 1.790287 7.388239
v 8.513846 2.139809 7.388239
v 8.460717 1.868862 7.786476
v 8.470556 1.944050 7.712021
v 8.470556 2.014665 7.712201
v 8.513846 2.139809 7.388239
v 8.460225 2.089853 7.786837
v 8.450878 2.089853 7.859128
v 8.432184 2.139809 7.998665
v 8.441040 2.014665 7.933223
v 8.441040 1.944050 7.932863
v 8.433167 1.790287 7.996501
v 8.451370 1.868862 7.857866
v 8.278209 2.139809 8.377071
v 8.276733 1.790287 8.376710
v 8.080451 2.139809 8.633968
v 8.079960 1.790287 8.634871
v 7.877775 2.139809 8.788467
v 7.877775 1.790456 8.788467
v 7.868428 1.822123 8.804152
v 7.868428 2.137269 8.804152
v 2.726733 4.123656 4.064249
v 3.962964 4.124841 4.161600
v 4.134649 4.004270 4.176744
v 3.776521 4.954449 4.166287
v 3.848343 5.054700 4.187740
v 2.581613 5.053853 4.094175
v 2.727226 4.953941 4.101567
v 2.581613 4.003761 4.051629
v 2.581613 2.486962 4.051629
v 4.134649 2.486962 4.174219
v 2.521105 2.368423 3.953377
v 4.209423 2.368423 4.086603
v 2.690822 4.088094 4.014311
v 2.692298 4.088771 3.968701
v 4.021996 4.088941 4.120136
v 4.023472 4.089110 4.074525
v 3.899504 5.162910 4.101387
v 4.209915 4.018325 4.089308
v 3.848343 5.054700 4.187740
v 4.134649 4.004270 4.176744
v 4.209423 2.368423 4.086603
v 4.134649 2.486962 4.174219
v 4.021996 4.088941 4.120136
v 3.820303 4.992043 4.125364
v 4.023472 4.089110 4.074525
v 3.822763 4.993398 4.079934
v 3.820303 4.992043 4.125364
v 2.690822 4.990519 4.054874
v 3.822763 4.993398 4.079934
v 2.692790 4.991027 4.009444
v 3.848343 5.054700 4.187740
v 3.899504 5.162910 4.101387
v 2.581613 5.053853 4.094175
v 2.521597 5.160200 3.999529
v 2.581613 5.053853 4.094175
v 2.521597 5.160200 3.999529
v 2.581613 4.003761 4.051629
v 2.521105 4.018156 3.953377
v 2.581613 2.486962 4.051629
v 2.521105 2.368423 3.953377
v 2.690822 4.990519 4.054874
v 2.690822 4.088094 4.014311
v 2.692790 4.991027 4.009444
v 2.692298 4.088771 3.968701
v 3.964440 4.125010 4.120136
v 4.021996 4.088941 4.120136
v 2.728209 4.124333 4.022784
v 2.690822 4.088094 4.014311
v 3.778980 4.955804 4.124823
v 3.820303 4.992043 4.125364
v 3.964440 4.125010 4.120136
v 4.021996 4.088941 4.120136
v 2.728701 4.954449 4.060102
v 2.690822 4.990519 4.054874
v 3.778980 4.955804 4.124823
v 3.820303 4.992043 4.125364
v 2.728209 4.124333 4.022784
v 2.690822 4.088094 4.014311
v 2.728701 4.954449 4.060102
v 2.690822 4.990519 4.054874
v 3.962964 4.124841 4.161600
v 3.964440 4.125010 4.120136
v 2.726733 4.123656 4.064249
v 2.728209 4.124333 4.022784
v 3.776521 4.954449 4.166287
v 3.778980 4.955804 4.124823
v 3.962964 4.124841 4.161600
v 3.964440 4.125010 4.120136
v 2.727226 4.953941 4.101567
v 2.728701 4.954449 4.060102
v 3.776521 4.954449 4.166287
v 3.778980 4.955804 4.124823
v 2.726733 4.123656 4.064249
v 2.728209 4.124333 4.022784
v 2.727226 4.953941 4.101567
v 2.728701 4.954449 4.060102
v 2.081316 1.109024 3.469146
v 2.159534 1.109024 3.390724
v 2.081316 1.109024 4.102467
v 2.159534 1.109023 4.180889
v 4.742188 1.109023 4.180889
v 4.742188 1.109024 3.390725
v 4.820897 1.109024 3.469146
v 4.820897 1.109024 4.102468
v 4.820897 1.222314 3.469146
v 4.820897 1.222314 4.102468
v 4.742188 1.222314 3.390725
v 4.742188 1.222313 4.180889
v 2.159534 1.222313 4.180889
v 2.159534 1.222314 3.390724
v 2.081316 1.222314 3.469146
v 2.081316 1.222314 4.102467
v 2.081316 1.222314 4.102467
v 2.081316 1.109024 4.102467
v 2.081316 1.222314 3.469146
v 2.081316 1.109024 3.469146
v 2.159534 1.109023 4.180889
v 2.159534 1.222313 4.180889
v 4.742188 1.109023 4.180889
v 4.742188 1.222313 4.180889
v 4.820897 1.109024 4.102468
v 4.820897 1.222314 4.102468
v 4.820897 1.222314 3.469146
v 4.820897 1.109024 3.469146
v 4.820897 1.222314 4.102468
v 4.820897 1.109024 4.102468
v 4.742188 1.109024 3.390725
v 4.742188 1.222314 3.390725
v 2.159534 1.109024 3.390724
v 2.159534 1.222314 3.390724
v 2.081316 1.109024 3.469146
v 2.081316 1.222314 3.469146
v 2.081316 1.109024 4.102467
v 2.081316 1.222314 4.102467
v 2.081316 1.222314 4.102467
v 2.159534 1.109023 4.180889
v 2.159534 1.109023 4.180889
v 2.159534 1.222313 4.180889
v 4.820897 1.109024 3.469146
v 4.820897 1.222314 3.469146
v 4.742188 1.109024 3.390725
v 4.742188 1.222314 3.390725
v 4.149899 1.946929 4.806819
v 4.149899 1.261940 4.806819
v 2.522581 1.946929 4.806818
v 2.522581 1.261940 4.806818
v 2.522581 1.261940 4.004035
v 4.149899 1.261940 4.004035
v 2.522581 1.946929 4.004035
v 4.149899 1.946929 4.004035
v 2.522581 1.261940 4.806818
v 4.149899 1.261940 4.806819
v 2.522581 1.261940 4.004035
v 4.149899 1.261940 4.004035
v 2.522581 1.946929 4.806818
v 2.522581 1.261940 4.806818
v 2.522581 1.946929 4.004035
v 2.522581 1.261940 4.004035
v 4.149899 1.946929 4.806819
v 2.522581 1.946929 4.806818
v 4.149899 1.946929 4.004035
v 2.522581 1.946929 4.004035
v 4.149899 1.261940 4.806819
v 4.149899 1.946929 4.806819
v 4.149899 1.261940 4.004035
v 4.149899 1.946929 4.004035
v 4.260092 2.148108 4.865590
v 4.396358 2.148108 4.865590
v 4.260092 1.693762 4.865590
v 4.396358 1.693762 4.865590
v 4.260092 1.294623 4.732544
v 4.396358 1.294623 4.732544
v 4.260092 1.161689 3.614271
v 4.260092 1.161689 4.333405
v 4.396358 1.161689 3.614271
v 4.396358 1.161689 4.333405
v 4.396358 1.294623 4.732544
v 4.260092 1.294623 4.732544
v 4.396358 2.148108 4.750391
v 4.396358 1.809085 4.750391
v 4.396358 2.148108 4.865590
v 4.396358 1.693762 4.865590
v 4.396358 1.294623 4.732544
v 4.396358 1.409945 4.617345
v 4.396358 1.161689 4.333405
v 4.396358 1.276842 4.218207
v 4.396358 1.161689 3.614271
v 4.396358 1.276842 3.614271
v 4.260092 1.161689 3.614271
v 4.396358 1.161689 3.614271
v 4.260092 1.276842 3.614271
v 4.396358 1.276842 3.614271
v 4.260092 1.276842 3.614271
v 4.260092 1.276842 4.218207
v 4.260092 1.161689 3.614271
v 4.260092 1.161689 4.333405
v 4.260092 1.294623 4.732544
v 4.260092 1.409945 4.617345
v 4.260092 1.693762 4.865590
v 4.260092 1.809085 4.750391
v 4.260092 2.148108 4.865590
v 4.260092 2.148108 4.750391
v 4.396358 2.148108 4.865590
v 4.260092 2.148108 4.865590
v 4.396358 2.148108 4.750391
v 4.260092 2.148108 4.750391
v 4.260092 1.276842 3.614271
v 4.396358 1.276842 3.614271
v 4.260092 1.276842 4.218207
v 4.396358 1.276842 4.218207
v 4.260092 1.409945 4.617345
v 4.396358 1.409945 4.617345
v 4.260092 2.148108 4.750391
v 4.260092 1.809085 4.750391
v 4.396358 2.148108 4.750391
v 4.396358 1.809085 4.750391
v 4.396358 1.409945 4.617345
v 4.260092 1.409945 4.617345
v 2.281041 2.148108 4.865590
v 2.417307 2.148108 4.865590
v 2.281041 1.693762 4.865590
v 2.417307 1.693762 4.865590
v 2.281041 1.294623 4.732543
v 2.417307 1.294623 4.732543
v 2.281041 1.161689 3.614271
v 2.281041 1.161689 4.333405
v 2.417307 1.161689 3.614271
v 2.417307 1.161689 4.333405
v 2.417307 1.294623 4.732543
v 2.281041 1.294623 4.732543
v 2.417307 2.148108 4.750391
v 2.417307 1.809085 4.750391
v 2.417307 2.148108 4.865590
v 2.417307 1.693762 4.865590
v 2.417307 1.294623 4.732543
v 2.417307 1.409945 4.617345
v 2.417307 1.161689 4.333405
v 2.417307 1.276842 4.218206
v 2.417307 1.161689 3.614271
v 2.417307 1.276842 3.614271
v 2.281041 1.161689 3.614271
v 2.417307 1.161689 3.614271
v 2.281041 1.276842 3.614271
v 2.417307 1.276842 3.614271
v 2.281041 1.276842 3.614271
v 2.281041 1.276842 4.218206
v 2.281041 1.161689 3.614271
v 2.281041 1.161689 4.333405
v 2.281041 1.294623 4.732543
v 2.281041 1.409945 4.617345
v 2.281041 1.693762 4.865590
v 2.281041 1.809085 4.750391
v 2.281041 2.148108 4.865590
v 2.281041 2.148108 4.750391
v 2.417307 2.148108 4.865590
v 2.281041 2.148108 4.865590
v 2.417307 2.148108 4.750391
v 2.281041 2.148108 4.750391
v 2.281041 1.276842 3.614271
v 2.417307 1.276842 3.614271
v 2.281041 1.276842 4.218206
v 2.417307 1.276842 4.218206
v 2.281041 1.409945 4.617345
v 2.417307 1.409945 4.617345
v 2.281041 2.148108 4.750391
v 2.281041 1.809085 4.750391
v 2.417307 2.148108 4.750391
v 2.417307 1.809085 4.750391
v 2.417307 1.409945 4.617345
v 2.281041 1.409945 4.617345
v 4.996518 1.839736 4.717401
v 5.189356 1.839736 4.717401
v 4.996518 1.839735 4.952665
v 5.189356 1.839735 4.952665
v 5.189356 1.839735 4.952665
v 5.204606 1.236877 5.052540
v 4.996518 1.839735 4.952665
v 4.889768 1.236877 5.052540
v 5.100807 1.150173 5.052540
v 4.993566 1.150173 5.052540
v 4.889768 1.236877 4.717401
v 4.993566 1.150173 4.717401
v 4.889768 1.236877 5.052540
v 4.993566 1.150173 5.052540
v 5.100807 1.150173 5.052540
v 5.100808 1.150173 4.717401
v 5.204606 1.236877 4.717401
v 5.204606 1.236877 5.052540
v 4.996518 1.839736 4.717401
v 4.889768 1.236877 4.717401
v 5.189356 1.839736 4.717401
v 5.204606 1.236877 4.717401
v 4.993566 1.150173 4.717401
v 5.100808 1.150173 4.717401
v 5.204606 1.236877 5.052540
v 5.204606 1.236877 4.717401
v 5.189356 1.839735 4.952665
v 5.189356 1.839736 4.717401
v 4.889768 1.236877 4.717401
v 4.889768 1.236877 5.052540
v 4.996518 1.839736 4.717401
v 4.996518 1.839735 4.952665
v 8.127678 1.848711 4.717402
v 7.934840 1.848711 4.717402
v 8.127678 1.848711 4.952666
v 7.934840 1.848711 4.952666
v 7.934840 1.848711 4.952666
v 7.919590 1.252626 5.052540
v 8.127678 1.848711 4.952666
v 8.234427 1.252626 5.052540
v 8.023388 1.171341 5.052540
v 8.130629 1.171341 5.052540
v 8.234428 1.252626 4.717402
v 8.130630 1.171341 4.717401
v 8.234427 1.252626 5.052540
v 8.130629 1.171341 5.052540
v 8.023388 1.171341 5.052540
v 8.023388 1.171341 4.717401
v 7.919590 1.252626 4.717402
v 7.919590 1.252626 5.052540
v 8.127678 1.848711 4.717402
v 8.234428 1.252626 4.717402
v 7.934840 1.848711 4.717402
v 7.919590 1.252626 4.717402
v 8.130630 1.171341 4.717401
v 8.023388 1.171341 4.717401
v 7.919590 1.252626 5.052540
v 7.919590 1.252626 4.717402
v 7.934840 1.848711 4.952666
v 7.934840 1.848711 4.717402
v 8.234428 1.252626 4.717402
v 8.234427 1.252626 5.052540
v 8.127678 1.848711 4.717402
v 8.127678 1.848711 4.952666
v 5.205590 1.383188 4.787710
v 5.205589 1.383188 5.042805
v 5.894789 0.984557 4.787529
v 5.894789 0.984557 5.042624
v 6.514626 0.893450 4.787529
v 6.514626 0.893450 5.042624
v 7.134463 0.984557 4.787530
v 7.134463 0.984557 5.042625
v 7.943202 1.361682 5.042625
v 7.943203 1.361682 4.787530
v 5.205590 1.383188 4.787710
v 5.205590 1.474464 4.787710
v 5.205590 1.474464 4.787710
v 5.894789 0.984557 4.787529
v 5.894789 0.984557 4.787529
v 5.894789 0.984557 4.787529
v 5.894789 1.291405 4.787529
v 5.894789 1.291405 4.787529
v 6.514626 0.893450 4.787529
v 6.514626 1.244159 4.787529
v 7.134463 1.259399 4.787530
v 7.134463 0.984557 4.787530
v 7.943203 1.484117 4.787530
v 7.943203 1.361682 4.787530
v 5.205589 1.383188 5.042805
v 5.205589 1.474464 5.042805
v 5.205589 1.474464 5.042805
v 5.894789 0.984557 5.042624
v 5.894789 0.984557 5.042624
v 5.894789 0.984557 5.042624
v 5.894789 1.291405 5.042624
v 5.894789 1.291405 5.042624
v 6.514626 0.893450 5.042624
v 6.514626 1.244159 5.042624
v 7.134463 1.259399 5.042625
v 7.134463 0.984557 5.042625
v 7.943202 1.484117 5.042625
v 7.943202 1.361682 5.042625
v 5.205589 1.474464 5.042805
v 5.894789 1.291405 5.042624
v 5.205590 1.474464 4.787710
v 5.894789 1.291405 4.787529
v 6.514626 1.244159 5.042624
v 6.514626 1.244159 4.787529
v 7.134463 1.259399 5.042625
v 7.134463 1.259399 4.787530
v 7.943203 1.484117 4.787530
v 7.943202 1.484117 5.042625
v -4.562253 1.440934 4.796541
v -5.087147 1.419428 4.797983
v -4.562253 1.440934 4.568488
v -5.087147 1.419428 4.567586
v -5.557436 1.383866 4.795098
v -5.557436 1.383866 4.569569
v -4.562253 1.949469 4.796541
v -4.562253 1.440934 4.796541
v -5.075833 1.865476 4.797983
v -5.087147 1.419428 4.797983
v -5.548090 1.630598 4.795098
v -5.557436 1.383866 4.795098
v -4.562253 1.949469 4.568488
v -5.075833 1.865476 4.567586
v -4.562253 1.440934 4.568488
v -5.087147 1.419428 4.567586
v -5.548090 1.630598 4.569569
v -5.557436 1.383866 4.569569
v -4.562253 1.949469 4.568488
v -5.075833 1.865476 4.567586
v -4.562253 1.949469 4.796541
v -5.075833 1.865476 4.797983
v -5.548090 1.630598 4.569569
v -5.548090 1.630598 4.795098
v -6.126112 1.372689 4.795098
v -6.126112 1.372689 4.569569
v -6.125620 1.486318 4.795098
v -6.125620 1.486318 4.569569
v -6.126112 1.372689 4.795098
v -6.125620 1.486318 4.795098
v -5.557436 1.383866 4.795098
v -5.548090 1.630598 4.795098
v -6.126112 1.372689 4.569569
v -6.126112 1.372689 4.795098
v -5.557436 1.383866 4.569569
v -5.557436 1.383866 4.795098
v -6.126112 1.372689 4.569569
v -5.557436 1.383866 4.569569
v -6.125620 1.486318 4.569569
v -5.548090 1.630598 4.569569
v -6.125620 1.486318 4.795098
v -6.125620 1.486318 4.569569
v -5.548090 1.630598 4.795098
v -5.548090 1.630598 4.569569
v -4.562253 1.440934 4.796541
v -4.037852 1.419428 4.795099
v -4.562253 1.440934 4.568488
v -4.037852 1.419428 4.569570
v -3.563628 1.386067 4.568488
v -3.563628 1.386067 4.797262
v -3.563628 1.386067 4.568488
v -3.574450 1.632799 4.568488
v -4.037852 1.419428 4.569570
v -4.049167 1.865476 4.569570
v -4.562253 1.440934 4.568488
v -4.562253 1.949469 4.568488
v -4.562253 1.949469 4.568488
v -4.049167 1.865476 4.569570
v -4.562253 1.949469 4.796541
v -4.049167 1.865476 4.795099
v -3.574450 1.632799 4.797262
v -3.574450 1.632799 4.568488
v -3.563628 1.386067 4.797262
v -4.037852 1.419428 4.795099
v -3.574450 1.632799 4.797262
v -4.049167 1.865476 4.795099
v -4.562253 1.440934 4.796541
v -4.562253 1.949469 4.796541
v -2.995936 1.491906 4.568488
v -2.995936 1.491906 4.797262
v -2.995444 1.378447 4.568488
v -2.995444 1.378447 4.797262
v -3.574450 1.632799 4.797262
v -3.563628 1.386067 4.797262
v -3.563628 1.386067 4.797262
v -2.995936 1.491906 4.797262
v -2.995936 1.491906 4.797262
v -2.995444 1.378447 4.797262
v -2.995444 1.378447 4.568488
v -2.995444 1.378447 4.797262
v -3.563628 1.386067 4.568488
v -3.563628 1.386067 4.797262
v -2.995444 1.378447 4.568488
v -3.563628 1.386067 4.568488
v -3.563628 1.386067 4.568488
v -2.995936 1.491906 4.568488
v -2.995936 1.491906 4.568488
v -3.574450 1.632799 4.568488
v -2.995936 1.491906 4.797262
v -2.995936 1.491906 4.568488
v -3.574450 1.632799 4.797262
v -3.574450 1.632799 4.568488
v 7.736590 2.107296 5.054343
v 7.736590 3.491670 5.054344
v 7.918606 2.107296 5.054343
v 7.918606 3.491670 5.054344
v 7.918606 2.107296 5.054343
v 7.918606 2.107296 5.981880
v 7.918606 2.107296 5.981880
v 7.736590 2.107296 5.054343
v 7.736590 2.107296 5.981880
v 7.736590 2.107296 5.981880
v 7.736590 2.107296 6.909597
v 7.918606 2.107296 6.909597
v 7.736590 2.107296 5.054343
v 7.736590 2.107296 5.981880
v 7.736590 2.107296 5.981880
v 7.736590 3.491670 5.054344
v 7.736590 3.491670 5.981881
v 7.736590 3.491670 5.981881
v 7.736590 3.491669 6.909598
v 7.736590 2.107296 6.909597
v 7.736590 3.491670 5.054344
v 7.736590 3.491670 5.981881
v 7.736590 3.491670 5.981881
v 7.918606 3.491670 5.054344
v 7.918606 3.491670 5.981881
v 7.918606 3.491670 5.981881
v 7.918606 3.491669 6.909598
v 7.736590 3.491669 6.909598
v 7.918606 3.491670 5.054344
v 7.918606 3.491670 5.981881
v 7.918606 3.491670 5.981881
v 7.918606 2.107296 5.054343
v 7.918606 2.107296 5.981880
v 7.918606 2.107296 5.981880
v 7.918606 2.107296 6.909597
v 7.918606 3.491669 6.909598
v 8.145388 2.814301 4.916971
v 8.213767 2.814301 4.928329
v 8.145388 2.814300 5.981881
v 8.145388 2.814300 5.981881
v 8.213766 2.814300 5.981881
v 8.213766 2.814300 5.981881
v 8.213766 2.814300 7.035613
v 8.145387 2.814300 7.046970
v 8.145388 2.848169 4.916971
v 8.213767 2.848169 4.928329
v 8.145388 2.848169 5.981881
v 8.145388 2.848169 5.981881
v 8.213766 2.848169 5.981881
v 8.213766 2.848169 5.981881
v 8.213766 2.848168 7.035613
v 8.145387 2.848168 7.046970
v 8.213767 2.848169 4.928329
v 8.213766 2.848169 5.981881
v 8.213766 2.848169 5.981881
v 8.213767 2.814301 4.928329
v 8.213766 2.814300 5.981881
v 8.213766 2.814300 5.981881
v 8.213766 2.814300 7.035613
v 8.213766 2.848168 7.035613
v 8.123742 3.483372 5.958805
v 8.110952 2.100184 5.981880
v 8.110952 2.100184 5.981880
v 8.110952 3.483372 5.981881
v 8.110952 3.483372 5.981881
v 8.123742 3.483372 6.005136
v 8.123742 2.100184 6.005136
v 8.149323 2.100184 6.005136
v 8.149323 3.483372 6.005136
v 8.162113 3.483372 5.981881
v 8.162113 3.483372 5.981881
v 8.162113 2.100184 5.981880
v 8.162113 2.100184 5.981880
v 8.149323 2.100184 5.958805
v 8.149323 3.483372 5.958805
v 8.123742 2.100184 5.958805
v 8.149323 2.100184 5.357393
v 8.123742 2.100184 5.357393
v 8.149323 3.483372 5.357393
v 8.123742 3.483372 5.357393
v 8.110952 2.100184 5.333776
v 8.110952 3.483372 5.333776
v 8.123742 2.100184 5.310340
v 8.123742 3.483372 5.310340
v 8.149323 2.100184 5.310340
v 8.149323 3.483372 5.310340
v 8.162113 2.100184 5.333776
v 8.162113 3.483372 5.333776
v 8.149323 2.100184 5.357393
v 8.149323 3.483372 5.357393
v 8.149323 3.483372 5.532444
v 8.149323 2.100184 5.532444
v 8.123742 3.483372 5.532444
v 8.123742 2.100184 5.532444
v 8.110952 3.483372 5.556061
v 8.110952 2.100184 5.556061
v 8.123742 3.483372 5.579678
v 8.123742 2.100184 5.579677
v 8.149323 3.483372 5.579678
v 8.149323 2.100184 5.579677
v 8.162113 3.483372 5.556061
v 8.162113 2.100184 5.556061
v 8.149323 3.483372 5.532444
v 8.149323 2.100184 5.532444
v 8.149323 3.483372 5.743011
v 8.149323 2.100184 5.743010
v 8.123742 3.483372 5.743011
v 8.123742 2.100184 5.743010
v 8.110952 3.483372 5.766627
v 8.110952 2.100184 5.766627
v 8.123742 3.483372 5.790244
v 8.123742 2.100184 5.790244
v 8.149323 3.483372 5.790244
v 8.149323 2.100184 5.790244
v 8.162113 3.483372 5.766627
v 8.162113 2.100184 5.766627
v 8.149323 3.483372 5.743011
v 8.149323 2.100184 5.743010
v 8.149323 3.483372 5.095808
v 8.149323 2.100184 5.095808
v 8.123742 3.483372 5.095808
v 8.123742 2.100184 5.095808
v 8.110952 3.483372 5.119425
v 8.110952 2.100184 5.119424
v 8.123742 3.483372 5.142861
v 8.123742 2.100184 5.142860
v 8.149323 3.483372 5.142861
v 8.149323 2.100184 5.142860
v 8.162113 3.483372 5.119425
v 8.162113 2.100184 5.119424
v 8.149323 3.483372 5.095808
v 8.149323 2.100184 5.095808
v 8.049460 2.099845 5.981880
v 8.049460 2.754692 4.892092
v 8.100621 2.099676 5.981880
v 8.117347 2.099676 5.981880
v 8.117347 2.754692 4.911202
v 8.117347 2.133713 5.981880
v 8.117347 2.788560 4.911202
v 8.049460 2.133713 5.981880
v 8.049460 2.788560 4.892092
v 8.117346 2.788560 7.052739
v 8.117346 2.754692 7.052739
v 8.117347 2.133713 5.981880
v 8.117347 2.133713 5.981880
v 8.117347 2.133713 5.981880
v 8.117347 2.099676 5.981880
v 8.117347 2.099676 5.981880
v 8.117347 2.099676 5.981880
v 8.117347 2.108143 5.981880
v 8.117347 2.754692 4.911202
v 8.117347 2.788560 4.911202
v 6.502328 1.038577 3.957163
v 6.719271 1.038577 3.957163
v 6.719271 1.038577 3.957163
v 6.502328 1.241111 3.957163
v 6.719271 1.241111 3.957163
v 6.502328 1.038577 3.957163
v 6.719271 0.594392 4.215323
v 6.502328 0.594392 4.215323
v 6.719271 0.594392 4.215323
v 6.502328 0.594392 4.215323
v 6.719270 0.594392 5.030185
v 6.502327 0.594392 5.030185
v 6.719270 0.510567 5.239309
v 6.502327 0.510567 5.239309
v 6.502327 0.510567 5.981880
v 6.502327 0.510567 5.981880
v 6.719270 0.510567 5.981880
v 6.719270 0.510567 5.981880
v 6.719270 0.510567 6.724630
v 6.502327 0.510567 6.724630
v 6.502327 0.594391 6.933754
v 6.719270 0.594391 6.933754
v 6.502327 0.594391 7.748616
v 6.719270 0.594391 7.748617
v 6.502328 1.038577 3.957163
v 6.502328 0.594392 4.215323
v 6.502328 1.241111 3.957163
v 6.502328 0.904119 4.352516
v 6.502327 0.594392 5.030185
v 6.502327 0.904119 5.030185
v 6.502327 0.510567 5.239309
v 6.502327 0.820464 5.239309
v 6.502327 0.820464 5.981880
v 6.502327 0.820464 5.981880
v 6.502327 0.510567 5.981880
v 6.502327 0.510567 5.981880
v 6.502327 0.510567 6.724630
v 6.502327 0.820464 6.724630
v 6.502327 0.904119 6.933754
v 6.502327 0.594391 6.933754
v 6.502327 0.904118 7.611424
v 6.502327 0.594391 7.748616
v 6.502327 1.241110 8.006777
v 6.502327 1.038576 8.006777
v 6.502328 1.241111 3.957163
v 6.502328 0.904119 4.352516
v 6.719271 1.241111 3.957163
v 6.719271 0.904119 4.352516
v 6.502327 0.904119 5.030185
v 6.719270 0.904119 5.030185
v 6.502327 0.820464 5.239309
v 6.719270 0.820464 5.239309
v 6.719270 0.820464 5.981880
v 6.719270 0.820464 5.981880
v 6.502327 0.820464 5.981880
v 6.502327 0.820464 5.981880
v 6.502327 0.820464 6.724630
v 6.719270 0.820464 6.724630
v 6.719270 0.904119 6.933754
v 6.502327 0.904119 6.933754
v 6.719270 0.904118 7.611424
v 6.502327 0.904118 7.611424
v 6.719270 1.241110 8.006777
v 6.502327 1.241110 8.006777
v 6.719271 1.241111 3.957163
v 6.719271 0.904119 4.352516
v 6.719271 1.038577 3.957163
v 6.719271 0.594392 4.215323
v 6.719270 0.904119 5.030185
v 6.719270 0.594392 5.030185
v 6.719270 0.820464 5.239309
v 6.719270 0.510567 5.239309
v 6.719270 0.510567 5.981880
v 6.719270 0.510567 5.981880
v 6.719270 0.820464 5.981880
v 6.719270 0.820464 5.981880
v 6.719270 0.820464 6.724630
v 6.719270 0.510567 6.724630
v 6.719270 0.594391 6.933754
v 6.719270 0.904119 6.933754
v 6.719270 0.594391 7.748617
v 6.719270 0.904118 7.611424
v 6.719270 1.038576 8.006777
v 6.719270 1.241110 8.006777
v -3.072186 1.250932 3.785896
v -3.211895 1.490213 5.525951
v -2.943791 1.379124 5.525951
v -2.755872 1.567263 5.981878
v -2.755872 1.567263 5.981878
v -3.014137 1.111225 3.785896
v -3.211895 1.308678 3.785895
v -3.479507 1.379124 5.525951
v -3.351604 1.250932 3.785895
v -3.590685 1.111225 5.525951
v -3.409160 1.111225 3.785895
v -3.479507 0.843156 5.525951
v -3.351604 0.971518 3.785895
v -3.211895 0.732237 5.525951
v -3.211895 0.913602 3.785895
v -3.211896 0.913602 8.178040
v -3.351605 0.971517 8.178040
v -3.211895 0.732236 6.437984
v -3.479507 0.843156 6.437984
v -3.667918 0.655186 5.981877
v -3.667918 0.655186 5.981877
v -3.211895 0.466369 5.981877
v -3.211895 0.466369 5.981877
v -3.856821 1.111225 5.981877
v -3.856821 1.111225 5.981877
v -3.667918 1.567263 5.981877
v -3.667918 1.567263 5.981877
v -3.409161 1.111224 8.178040
v -3.590685 1.111224 6.437984
v -3.351605 1.250931 8.178040
v -3.479507 1.379124 6.437984
v -3.211896 1.308677 8.178040
v -3.211895 1.490212 6.437984
v -3.072186 1.250931 8.178040
v -3.211895 1.756080 5.981877
v -3.211895 1.756080 5.981877
v -2.943791 1.379124 6.437984
v -3.014138 1.111224 8.178040
v -2.832614 1.111224 6.437984
v -3.072186 0.971517 8.178040
v -2.566970 1.111225 5.981877
v -2.566970 1.111225 5.981877
v -2.832614 1.111225 5.525951
v -3.072186 0.971518 3.785896
v -2.943791 0.843156 5.525951
v -3.211895 0.913602 3.785895
v -3.211895 0.732237 5.525951
v -3.211895 0.466369 5.981877
v -3.211895 0.466369 5.981877
v -2.755872 0.655186 5.981877
v -2.755872 0.655186 5.981877
v -2.943791 0.843156 6.437984
v -3.211896 0.913602 8.178040
v -3.211895 0.732236 6.437984
v -5.869322 1.250932 3.785895
v -5.740928 1.379124 5.525950
v -6.009033 1.490213 5.525950
v -5.553010 1.567263 5.981877
v -5.553010 1.567263 5.981877
v -5.811766 1.111225 3.785895
v -6.009032 1.308678 3.785895
v -6.277136 1.379124 5.525950
v -6.148741 1.250932 3.785895
v -6.388314 1.111225 5.525950
v -6.206789 1.111225 3.785895
v -6.277136 0.843156 5.525950
v -6.148741 0.971518 3.785895
v -6.009033 0.732237 5.525950
v -6.009032 0.913602 3.785895
v -6.009033 0.913602 8.178039
v -6.148742 0.971517 8.178039
v -6.009033 0.732236 6.437983
v -6.277136 0.843156 6.437983
v -6.465055 0.655186 5.981876
v -6.465055 0.655186 5.981876
v -6.009033 0.466369 5.981876
v -6.009033 0.466369 5.981876
v -6.653958 1.111225 5.981876
v -6.653958 1.111225 5.981876
v -6.465055 1.567263 5.981877
v -6.465055 1.567263 5.981877
v -6.206790 1.111224 8.178039
v -6.388314 1.111224 6.437983
v -6.148742 1.250931 8.178039
v -6.277136 1.379124 6.437984
v -6.009033 1.308677 8.178039
v -6.009033 1.490212 6.437984
v -5.869323 1.250931 8.178039
v -6.009033 1.756080 5.981877
v -6.009033 1.756080 5.981877
v -5.740928 1.379124 6.437984
v -5.811767 1.111224 8.178039
v -5.630243 1.111224 6.437984
v -5.869323 0.971517 8.178039
v -5.364107 1.111225 5.981877
v -5.364107 1.111225 5.981877
v -5.630243 1.111225 5.525950
v -5.869322 0.971518 3.785895
v -5.740928 0.843156 5.525950
v -6.009032 0.913602 3.785895
v -6.009033 0.732237 5.525950
v -6.009033 0.466369 5.981876
v -6.009033 0.466369 5.981876
v -5.553010 0.655186 5.981877
v -5.553010 0.655186 5.981877
v -5.740928 0.843156 6.437984
v -6.009033 0.913602 8.178039
v -6.009033 0.732236 6.437983
v 1.374899 1.113596 4.074704
v 1.374899 1.189969 4.360086
v 1.374899 1.189969 3.789322
v 1.374899 1.684449 4.645468
v 1.374899 2.178759 3.789322
v 1.374899 2.178759 4.360086
v 1.374899 2.255132 4.074704
v 1.374899 1.398937 4.569030
v 1.374899 1.398938 3.580378
v 1.374899 1.684449 3.503760
v 1.374899 1.969791 3.580378
v 1.374899 1.969790 4.569030
v -0.410330 1.398937 4.569029
v -0.410330 1.684449 4.645468
v 1.374899 1.398937 4.569030
v 1.374899 1.684449 4.645468
v -0.410330 1.969790 4.569030
v 1.374899 1.969790 4.569030
v -0.410330 2.178759 4.360086
v 1.374899 2.178759 4.360086
v -0.410330 2.255132 4.074704
v 1.374899 2.255132 4.074704
v -0.410330 2.178759 3.789322
v 1.374899 2.178759 3.789322
v -0.410330 1.969791 3.580378
v 1.374899 1.969791 3.580378
v -0.410330 1.684449 3.503759
v 1.374899 1.684449 3.503760
v -0.410330 1.398938 3.580378
v 1.374899 1.398938 3.580378
v -0.410330 1.189969 3.789321
v 1.374899 1.189969 3.789322
v -0.410330 1.113596 4.074703
v 1.374899 1.113596 4.074704
v -0.410330 1.189969 4.360085
v 1.374899 1.189969 4.360086
v -0.410330 1.398937 4.569029
v 1.374899 1.398937 4.569030
v -0.410330 1.969790 4.569030
v -0.410330 2.178759 4.360086
v -0.410330 1.684449 4.645468
v -0.410330 1.189969 4.360085
v -0.410330 1.398937 4.569029
v -0.410330 2.255132 4.074704
v -0.410330 2.178759 3.789322
v -0.410330 1.684449 3.503759
v -0.410330 1.969791 3.580378
v -0.410330 1.189969 3.789321
v -0.410330 1.113596 4.074703
v -0.410330 1.398938 3.580378
v 0.393490 2.070041 3.775260
v 0.393490 2.294081 3.587229
v 0.365450 2.026520 3.723520
v 0.365450 2.250730 3.535489
v 0.393490 1.983169 3.671780
v 0.393490 2.207209 3.483568
v 0.393490 2.294081 3.587229
v 0.393490 2.070041 3.775260
v 0.460885 2.312201 3.608682
v 0.460885 2.087991 3.796713
v 0.528772 2.294081 3.587229
v 0.528772 2.070041 3.775260
v 0.528772 2.294081 3.587229
v 0.528772 2.070041 3.775260
v 0.556812 2.250730 3.535489
v 0.556812 2.026520 3.723520
v 0.528772 2.207209 3.483568
v 0.528772 1.983169 3.671780
v 0.528772 2.207209 3.483568
v 0.528772 1.983169 3.671780
v 0.460885 2.189258 3.462115
v 0.460885 1.965049 3.650326
v 0.393490 2.207209 3.483568
v 0.393490 1.983169 3.671780
v 0.393490 2.294081 3.587229
v 0.460885 2.312201 3.608682
v 0.460885 2.312201 3.608682
v 0.365450 2.250730 3.535489
v 0.460885 2.189258 3.462115
v 0.393490 2.207209 3.483568
v 0.528772 2.294081 3.587229
v 0.556812 2.250730 3.535489
v 0.556812 2.250730 3.535489
v 0.528772 2.207209 3.483568
v 1.100399 1.648887 4.733985
v 1.100399 1.648887 4.834040
v 0.900182 1.648887 4.733985
v 0.900182 1.648887 4.834040
v 1.100399 1.648887 4.834040
v 1.100399 2.206700 4.834040
v 1.100399 2.206700 4.834040
v 0.900182 1.648887 4.834040
v 0.900182 1.648887 4.834040
v 0.900182 2.206700 4.834040
v 0.900182 1.648887 4.733985
v 0.900182 2.078847 4.733985
v 1.100399 1.648887 4.733985
v 1.100399 2.078847 4.733985
v 0.900182 1.648887 4.834040
v 0.900182 2.206700 4.834040
v 0.900182 1.648887 4.733985
v 0.900182 2.078847 4.733985
v 0.900182 2.332860 4.129509
v 0.900182 2.201112 4.129509
v 0.900182 2.136424 3.743170
v 0.900182 2.267664 3.743170
v 1.100400 2.136424 3.743170
v 1.100400 2.267664 3.743170
v 1.100399 2.201112 4.129509
v 1.100399 2.332860 4.129509
v 1.100399 2.206700 4.834040
v 1.100399 2.078847 4.733985
v 1.100399 1.648887 4.834040
v 1.100399 1.648887 4.733985
v 1.100400 2.267664 3.743170
v 1.100399 2.332860 4.129509
v 0.900182 2.267664 3.743170
v 0.900182 2.332860 4.129509
v 0.900182 2.206700 4.834040
v 1.100399 2.206700 4.834040
v 0.900182 2.078847 4.733985
v 1.100399 2.078847 4.733985
v 0.900182 2.201112 4.129509
v 1.100399 2.201112 4.129509
v 0.900182 2.136424 3.743170
v 1.100400 2.136424 3.743170
v 0.050612 1.648887 4.733985
v -0.150097 1.648887 4.733985
v 0.050612 1.648887 4.834040
v -0.150097 1.648887 4.834040
v 0.050612 1.648887 4.834040
v -0.150097 1.648887 4.834040
v 0.050612 2.206700 4.834040
v -0.150097 2.206700 4.834040
v -0.150097 1.648887 4.733985
v 0.050612 1.648887 4.733985
v -0.150097 2.078847 4.733985
v 0.050612 2.078847 4.733985
v -0.150097 1.648887 4.834040
v -0.150097 1.648887 4.733985
v -0.150097 2.206700 4.834040
v -0.150097 2.078847 4.733985
v -0.150097 2.332860 4.129509
v -0.150097 2.201112 4.129509
v -0.150097 2.136424 3.743170
v -0.150097 2.267664 3.743170
v 0.050612 2.136424 3.743170
v 0.050612 2.267664 3.743170
v 0.050612 2.201112 4.129509
v 0.050612 2.332860 4.129509
v 0.050612 2.206700 4.834040
v 0.050612 2.078847 4.733985
v 0.050612 1.648887 4.834040
v 0.050612 1.648887 4.733985
v 0.050612 2.267664 3.743170
v 0.050612 2.332860 4.129509
v -0.150097 2.267664 3.743170
v -0.150097 2.332860 4.129509
v -0.150097 2.206700 4.834040
v 0.050612 2.206700 4.834040
v -0.150097 2.078847 4.733985
v 0.050612 2.078847 4.733985
v -0.150097 2.201112 4.129509
v 0.050612 2.201112 4.129509
v -0.150097 2.136424 3.743170
v 0.050612 2.136424 3.743170
v 1.100400 2.267664 3.743170
v 0.900182 2.267664 3.743170
v 1.100400 2.136424 3.743170
v 0.900182 2.136424 3.743170
v 0.050612 2.267664 3.743170
v -0.150097 2.267664 3.743170
v 0.050612 2.136424 3.743170
v -0.150097 2.136424 3.743170
v -6.945675 1.558458 5.158000
v -7.323480 1.558458 5.158000
v -6.945675 1.558458 5.981876
v -6.945675 1.558458 5.981876
v -7.323480 1.558458 5.981876
v -7.323480 1.558458 5.981876
v -7.323480 1.558457 6.805933
v -6.945675 1.558457 6.805933
v -6.945675 2.288154 5.158000
v -6.945675 2.288154 5.981877
v -6.945675 2.288154 5.981877
v -6.945675 1.558458 5.158000
v -6.945675 1.558458 5.981876
v -6.945675 1.558458 5.981876
v -6.945675 1.558457 6.805933
v -6.945675 2.288153 6.805933
v -7.323480 2.288154 5.158000
v -7.323480 2.288154 5.981877
v -7.323480 2.288154 5.981877
v -6.945675 2.288154 5.158000
v -6.945675 2.288154 5.981877
v -6.945675 2.288154 5.981877
v -6.945675 2.288153 6.805933
v -7.323480 2.288153 6.805933
v -7.498117 2.288154 5.158000
v -7.498117 2.218046 5.158000
v -7.323480 2.288154 5.158000
v -7.323480 2.218046 5.158000
v -7.498116 2.288154 4.825926
v -7.498116 2.218046 4.895874
v -7.498117 2.288154 5.158000
v -7.498117 2.218046 5.158000
v -7.498116 1.558458 4.825926
v -7.498116 1.628566 4.895874
v -7.498116 2.288154 4.825926
v -7.498116 2.218046 4.895874
v -7.498117 1.558458 5.158000
v -7.498117 1.628566 5.158000
v -7.498116 1.558458 4.825926
v -7.498116 1.628566 4.895874
v -7.323480 1.558458 5.158000
v -7.323480 1.628566 5.158000
v -7.498117 1.558458 5.158000
v -7.498117 1.628566 5.158000
v -7.498116 2.218046 4.895874
v -7.323480 2.218046 4.895874
v -7.498117 2.218046 5.158000
v -7.323480 2.218046 5.158000
v -7.498116 1.628566 4.895874
v -7.323480 1.628566 4.895874
v -7.323480 1.628566 4.895874
v -7.498116 2.218046 4.895874
v -7.498116 2.218046 4.895874
v -7.323480 2.218046 4.895874
v -7.498117 1.628566 5.158000
v -7.323480 1.628566 5.158000
v -7.498116 1.628566 4.895874
v -7.323480 1.628566 4.895874
v 2.056719 5.187295 4.024046
v 1.887986 5.187295 4.282026
v 1.887986 5.229123 4.282026
v 1.871752 5.187294 5.981880
v 1.871752 5.187294 5.981880
v 1.871752 5.229122 5.981880
v 1.871752 5.229122 5.981880
v 1.887985 5.229122 7.681913
v 1.887985 5.187294 7.681913
v 2.056718 5.187294 7.939893
v 2.056718 5.229122 7.939893
v 2.237750 5.187294 8.010021
v 2.237750 5.229122 8.010021
v 3.875891 5.187294 7.907984
v 3.875891 5.229122 7.907984
v 4.025930 5.187294 7.796932
v 4.025930 5.229122 7.796932
v 4.314204 5.229122 5.981880
v 4.314204 5.229122 5.981880
v 4.314204 5.187294 5.981880
v 4.314204 5.187294 5.981880
v 4.025931 5.187295 4.167008
v 4.025931 5.229123 4.167008
v 3.875892 5.229123 4.055956
v 3.875892 5.187295 4.055956
v 2.237751 5.229123 3.953918
v 2.237751 5.187295 3.953918
v 2.056719 5.229123 4.024046
v 1.948986 5.229123 4.300415
v 1.935211 5.229122 5.981880
v 1.935211 5.229122 5.981880
v 1.871752 5.229122 5.981880
v 1.871752 5.229122 5.981880
v 1.948985 5.229122 7.663525
v 1.887985 5.229122 7.681913
v 2.056718 5.229122 7.939893
v 2.096565 5.229122 7.890496
v 2.237750 5.229122 8.010021
v 2.247589 5.229122 7.947284
v 3.875891 5.229122 7.907984
v 3.854246 5.229122 7.848131
v 4.025930 5.229122 7.796932
v 3.971818 5.229122 7.763761
v 4.314204 5.229122 5.981880
v 4.314204 5.229122 5.981880
v 4.249761 5.229122 5.981880
v 4.249761 5.229122 5.981880
v 3.971819 5.229123 4.200180
v 4.025931 5.229123 4.167008
v 3.854247 5.229123 4.115809
v 3.875892 5.229123 4.055956
v 2.247590 5.229123 4.016655
v 2.237751 5.229123 3.953918
v 2.096566 5.229123 4.073443
v 2.056719 5.229123 4.024046
v 1.887986 5.229123 4.282026
v 4.025931 5.187295 4.167008
v 3.875892 5.187295 4.055956
v 3.971819 5.187295 4.200180
v 3.854247 5.187295 4.115809
v 2.237751 5.187295 3.953918
v 2.247590 5.187295 4.016655
v 2.056719 5.187295 4.024046
v 2.096566 5.187295 4.073443
v 1.887986 5.187295 4.282026
v 1.948986 5.187295 4.300415
v 4.314204 5.187294 5.981880
v 4.314204 5.187294 5.981880
v 4.249761 5.187294 5.981880
v 4.249761 5.187294 5.981880
v 3.971818 5.187294 7.763761
v 4.025930 5.187294 7.796932
v 3.875891 5.187294 7.907984
v 3.854246 5.187294 7.848131
v 2.237750 5.187294 8.010021
v 2.247589 5.187294 7.947284
v 2.056718 5.187294 7.939893
v 2.096565 5.187294 7.890496
v 1.887985 5.187294 7.681913
v 1.948985 5.187294 7.663525
v 1.871752 5.187294 5.981880
v 1.871752 5.187294 5.981880
v 1.935211 5.187294 5.981880
v 1.935211 5.187294 5.981880
v 4.835163 4.029501 5.293393
v 5.222807 4.001051 5.293394
v 4.835163 4.029501 5.206318
v 5.222807 4.001051 5.206318
v 4.788429 3.978868 5.303850
v 4.835163 4.029501 5.293393
v 4.788429 3.978868 5.195862
v 4.835163 4.029501 5.206318
v 5.269541 3.943475 5.303850
v 5.222807 4.001051 5.293394
v 4.788429 3.978868 5.303850
v 4.835163 4.029501 5.293393
v 5.269541 3.943475 5.195862
v 5.222807 4.001051 5.206318
v 5.269541 3.943475 5.303850
v 5.222807 4.001051 5.293394
v 4.788429 3.978868 5.195862
v 4.835163 4.029501 5.206318
v 5.269541 3.943475 5.195862
v 5.222807 4.001051 5.206318
v 4.255173 3.990891 3.725324
v 4.296495 3.636289 4.059562
v 4.227133 4.051346 3.579118
v 4.299939 3.553988 4.047843
v 3.989037 4.493499 3.215134
v 3.954109 4.487573 3.212430
v 3.985101 4.304683 3.205038
v 3.969359 4.300619 3.171867
v 3.938368 4.485540 3.179258
v 3.988545 4.303667 3.141400
v 3.957061 4.489774 3.148971
v 4.023472 4.310948 3.144104
v 3.991988 4.495871 3.151676
v 4.019537 4.311795 3.207742
v 4.051021 4.179708 3.282738
v 4.074142 4.203586 3.270660
v 4.043642 4.151259 3.263449
v 4.059875 4.146517 3.232080
v 4.082996 4.170394 3.220181
v 4.090375 4.198844 3.239471
v 4.038722 4.315013 3.177275
v 4.074142 4.203586 3.270660
v 4.019537 4.311795 3.207742
v 4.008222 4.497733 3.184847
v 3.989037 4.493499 3.215134
v 4.213358 4.136695 3.543242
v 4.242875 4.119591 3.533146
v 4.297479 3.798857 4.110761
v 4.241399 4.085554 3.524132
v 4.210407 4.068450 3.525394
v 4.180891 4.085554 3.535490
v 4.182859 4.119591 3.544504
v 4.213358 4.136695 3.543242
v 4.264520 3.789374 4.097961
v 4.297479 3.798857 4.110761
v 4.266488 3.181604 4.095077
v 4.299447 3.181604 4.109319
v 4.261076 3.181604 4.058480
v 4.260092 3.767698 4.062627
v 4.288133 3.755675 4.040092
v 4.321092 3.765158 4.052711
v 4.325520 3.786664 4.088046
v 4.299447 3.181604 4.109319
v 4.326995 3.181604 4.087144
v 4.322076 3.181604 4.050548
v 4.289116 3.181604 4.036305
v 4.211391 4.051685 3.583264
v 4.227133 4.051346 3.579118
v 4.284197 3.554327 4.051990
v 4.299939 3.553988 4.047843
v 4.280754 3.636627 4.063528
v 4.296495 3.636289 4.059562
v 4.239431 3.991230 3.729290
v 4.255173 3.990891 3.725324
v 4.211391 4.051685 3.583264
v 4.284197 3.554327 4.051990
v 4.239431 3.991230 3.729290
v 4.280754 3.636627 4.063528
v 3.954109 4.487573 3.212430
v 3.989037 4.493499 3.215134
v 3.938368 4.485540 3.179258
v 3.991988 4.495871 3.151676
v 3.957061 4.489774 3.148971
v 4.008222 4.497733 3.184847
v 4.326995 3.181604 4.087144
v 4.299447 3.181604 4.109319
v 4.322076 3.181604 4.050548
v 4.261076 3.181604 4.058480
v 4.289116 3.181604 4.036305
v 4.266488 3.181604 4.095077
v 3.915247 4.452519 3.263449
v 3.894585 4.288595 3.269578
v 4.005270 4.452180 3.236407
v 4.026916 4.291813 3.229917
v 3.972803 4.452180 3.128780
v 3.994940 4.291813 3.122290
v 3.882779 4.452519 3.155822
v 3.862118 4.288595 3.161951
v 4.005270 4.452180 3.236407
v 4.026916 4.291813 3.229917
v 3.972803 4.452180 3.128780
v 3.994940 4.291813 3.122290
v 3.915247 4.452519 3.263449
v 4.005270 4.452180 3.236407
v 3.882779 4.452519 3.155822
v 3.972803 4.452180 3.128780
v 3.994940 4.291813 3.122290
v 4.026916 4.291813 3.229917
v 3.862118 4.288595 3.161951
v 3.894585 4.288595 3.269578
v 3.950174 4.626095 3.281837
v 3.953617 4.608144 3.300586
v 3.902456 4.626095 3.121569
v 3.895569 4.608144 3.104082
v 3.850803 4.145670 3.117422
v 3.908851 4.145670 3.313927
v 3.901964 4.127720 3.296440
v 3.854247 4.127720 3.135991
v 3.811449 4.674357 3.035936
v 3.760288 4.097746 3.074696
v 3.755368 4.093005 3.052702
v 3.769634 4.050161 3.123912
v 3.815384 4.670124 3.057930
v 3.837029 4.738708 3.098854
v 3.834077 4.717709 3.104623
v 3.907376 4.738708 3.337003
v 3.901964 4.717709 3.333577
v 3.920658 4.674357 3.403526
v 3.911803 4.669954 3.382794
v 3.864085 4.093005 3.420472
v 3.856215 4.097746 3.399559
v 3.838505 4.028655 3.357554
v 3.837521 4.050161 3.353047
v 3.768158 4.028655 3.119405
v 3.839981 4.671140 3.028364
v 3.865069 4.734812 3.090561
v 3.811449 4.674357 3.035936
v 3.837029 4.738708 3.098854
v 3.935416 4.734812 3.328349
v 3.907376 4.738708 3.337003
v 3.948206 4.671140 3.394151
v 3.920658 4.674357 3.403526
v 3.864085 4.093005 3.420472
v 3.892126 4.090126 3.411097
v 3.920658 4.674357 3.403526
v 3.948206 4.671140 3.394151
v 3.892126 4.090126 3.411097
v 3.864085 4.093005 3.420472
v 3.867037 4.026623 3.348901
v 3.838505 4.028655 3.357554
v 3.796690 4.026623 3.111112
v 3.768158 4.028655 3.119405
v 3.783900 4.090126 3.045310
v 3.755368 4.093005 3.052702
v 3.911803 4.669954 3.382794
v 3.901964 4.717709 3.333577
v 3.919182 4.706024 3.326186
v 3.852771 4.706024 3.101197
v 3.927545 4.666059 3.367470
v 3.856215 4.097746 3.399559
v 3.872448 4.097916 3.383875
v 3.837521 4.050161 3.353047
v 3.856707 4.057951 3.344935
v 3.769634 4.050161 3.123912
v 3.790296 4.057951 3.120126
v 3.760288 4.097746 3.074696
v 3.781933 4.097916 3.078842
v 3.815384 4.670124 3.057930
v 3.837029 4.666059 3.062257
v 3.834077 4.717709 3.104623
v 3.811449 4.674357 3.035936
v 3.755368 4.093005 3.052702
v 3.839981 4.671140 3.028364
v 3.783900 4.090126 3.045310
v 3.856707 4.057951 3.344935
v 3.790296 4.057951 3.120126
v 3.872448 4.097916 3.383875
v 3.781933 4.097916 3.078842
v 3.919182 4.706024 3.326186
v 3.837029 4.666059 3.062257
v 3.852771 4.706024 3.101197
v 3.927545 4.666059 3.367470
v 3.935416 4.734812 3.328349
v 3.923609 4.638795 3.321859
v 3.948206 4.671140 3.394151
v 3.873432 4.122640 3.336822
v 3.919674 4.658778 3.301127
v 3.865069 4.734812 3.090561
v 3.866545 4.658778 3.122109
v 3.839981 4.671140 3.028364
v 3.858674 4.638795 3.102639
v 3.783900 4.090126 3.045310
v 3.808497 4.122640 3.117602
v 3.796690 4.026623 3.111112
v 3.812432 4.102488 3.138335
v 3.867037 4.026623 3.348901
v 3.865561 4.102488 3.317352
v 3.892126 4.090126 3.411097
v 3.919674 4.658778 3.301127
v 3.953617 4.608144 3.300586
v 3.923609 4.638795 3.321859
v 3.908851 4.145670 3.313927
v 3.950174 4.626095 3.281837
v 3.866545 4.658778 3.122109
v 3.902456 4.626095 3.121569
v 3.858674 4.638795 3.102639
v 3.895569 4.608144 3.104082
v 3.808497 4.122640 3.117602
v 3.850803 4.145670 3.117422
v 3.812432 4.102488 3.138335
v 3.854247 4.127720 3.135991
v 3.865561 4.102488 3.317352
v 3.901964 4.127720 3.296440
v 3.873432 4.122640 3.336822
v 7.907784 2.666465 4.391637
v 7.867938 2.782634 4.379017
v 7.907784 2.773320 4.362972
v 7.867938 2.867644 4.293925
v 7.867938 2.666465 4.410205
v 7.907784 2.559610 4.362972
v 7.867938 2.550296 4.379017
v 7.907784 2.481374 4.284731
v 7.867938 2.465286 4.293925
v 7.907784 2.452755 4.177825
v 7.867938 2.434127 4.177825
v 7.907784 2.481374 4.070920
v 7.867938 2.465286 4.061726
v 7.907784 2.559610 3.992859
v 7.867938 2.550296 3.976634
v 7.907784 2.666465 3.964195
v 7.867938 2.666465 3.945626
v 7.907784 2.773320 3.992859
v 7.867938 2.782634 3.976634
v 7.907784 2.851556 4.070920
v 7.867938 2.867644 4.061726
v 7.907784 2.880175 4.177825
v 7.867938 2.898803 4.177825
v 7.907784 2.851556 4.284731
v 7.907784 2.666465 4.391637
v 7.907784 2.773320 4.362972
v 7.907784 2.666465 4.368020
v 7.907784 2.761466 4.342421
v 7.907784 2.851556 4.284731
v 7.907784 2.831066 4.272833
v 7.907784 2.880175 4.177825
v 7.907784 2.856467 4.177825
v 7.907784 2.851556 4.070920
v 7.907784 2.831066 4.082819
v 7.907784 2.773320 3.992859
v 7.907784 2.761466 4.013231
v 7.907784 2.666465 3.964195
v 7.907784 2.666465 3.987811
v 7.907784 2.559610 3.992859
v 7.907784 2.571464 4.013231
v 7.907784 2.481374 4.070920
v 7.907784 2.501864 4.082819
v 7.907784 2.452755 4.177825
v 7.907784 2.476293 4.177825
v 7.907784 2.481374 4.284731
v 7.907784 2.501864 4.272833
v 7.907784 2.559610 4.362972
v 7.907784 2.571464 4.342421
v 7.763155 2.666465 4.177825
v 7.892534 2.640386 3.689449
v 7.865477 2.706769 3.675027
v 7.892534 2.702535 3.669258
v 7.865477 2.747919 3.618599
v 7.865477 2.640386 3.696660
v 7.892534 2.578068 3.669258
v 7.865477 2.573835 3.675027
v 7.892534 2.539628 3.616256
v 7.865477 2.532854 3.618599
v 7.892534 2.539628 3.550814
v 7.865477 2.532854 3.548651
v 7.892534 2.578068 3.497813
v 7.865477 2.573835 3.492043
v 7.892534 2.640386 3.477621
v 7.865477 2.640386 3.470590
v 7.892534 2.702535 3.497813
v 7.865477 2.706769 3.492043
v 7.892534 2.741145 3.550814
v 7.865477 2.747919 3.548651
v 7.892534 2.741145 3.616256
v 7.892534 2.640386 3.689449
v 7.892534 2.702535 3.669258
v 7.892534 2.640386 3.665472
v 7.892534 2.688479 3.649968
v 7.892534 2.741145 3.616256
v 7.892534 2.718284 3.608865
v 7.892534 2.741145 3.550814
v 7.892534 2.718284 3.558206
v 7.892534 2.702535 3.497813
v 7.892534 2.688479 3.517282
v 7.892534 2.640386 3.477621
v 7.892534 2.640386 3.501598
v 7.892534 2.578068 3.497813
v 7.892534 2.592124 3.517282
v 7.892534 2.539628 3.550814
v 7.892534 2.562489 3.558206
v 7.892534 2.539628 3.616256
v 7.892534 2.562489 3.608865
v 7.892534 2.578068 3.669258
v 7.892534 2.592124 3.649968
v 7.907784 2.640386 3.583625
v 1.850599 4.380209 5.981879
v 1.850599 4.380209 5.981879
v 1.869292 4.347526 5.981879
v 1.869292 4.347526 5.981879
v 1.850599 4.380887 5.234622
v 1.869292 4.348542 5.200369
v 1.850598 4.380886 6.729317
v 1.869292 4.348542 6.763570
v 1.876671 4.901105 6.727875
v 1.898316 4.932095 6.761227
v 1.898316 4.931079 5.981880
v 1.898316 4.931079 5.981880
v 1.876671 4.900428 5.981880
v 1.876671 4.900428 5.981880
v 1.876671 4.901106 5.236064
v 1.898317 4.932096 5.202713
v 1.850599 4.380887 5.234622
v 1.899792 4.391386 5.248683
v 1.850599 4.380209 5.981879
v 1.850599 4.380209 5.981879
v 1.899792 4.390877 5.981879
v 1.899792 4.390877 5.981879
v 1.899792 4.391385 6.715256
v 1.850598 4.380886 6.729317
v 1.899792 4.391386 5.248683
v 1.899792 4.390877 5.981879
v 1.899792 4.390877 5.981879
v 1.918486 4.358194 5.981879
v 1.918486 4.358194 5.981879
v 1.899792 4.391385 6.715256
v 1.918485 4.359210 6.749508
v 1.946526 4.916516 6.747526
v 1.924881 4.885357 6.714174
v 1.946526 4.915500 5.981880
v 1.946526 4.915500 5.981880
v 1.924881 4.884849 5.981880
v 1.924881 4.884849 5.981880
v 1.924881 4.885357 5.249765
v 1.946526 4.916516 5.216413
v 1.918486 4.359210 5.214430
v 1.869292 4.348542 5.200369
v 1.918486 4.359210 5.214430
v 1.869292 4.347526 5.981879
v 1.869292 4.347526 5.981879
v 1.918486 4.358194 5.981879
v 1.918486 4.358194 5.981879
v 1.918485 4.359210 6.749508
v 1.869292 4.348542 6.763570
v 1.899792 4.391386 5.248683
v 1.850599 4.380887 5.234622
v 1.924881 4.885357 5.249765
v 1.876671 4.901106 5.236064
v 1.869292 4.348542 5.200369
v 1.918486 4.359210 5.214430
v 1.898317 4.932096 5.202713
v 1.946526 4.916516 5.216413
v 8.198024 3.381767 5.713445
v 8.228524 3.381767 5.713445
v 8.198024 3.476429 5.689648
v 8.228524 3.476429 5.689648
v 8.228524 3.381767 5.713445
v 8.198024 3.381767 5.713445
v 8.228524 3.381767 5.981881
v 8.228524 3.381767 5.981881
v 8.198024 3.381767 5.981881
v 8.198024 3.381767 5.981881
v 8.198024 3.381766 6.250497
v 8.228524 3.381766 6.250497
v 8.198024 3.381767 5.713445
v 8.198024 3.381767 5.981881
v 8.198024 3.381767 5.981881
v 8.198024 3.476429 5.689648
v 8.198024 3.476429 5.981881
v 8.198024 3.476429 5.981881
v 8.198024 3.476429 6.274294
v 8.198024 3.381766 6.250497
v 8.198024 3.476429 5.689648
v 8.198024 3.476429 5.981881
v 8.198024 3.476429 5.981881
v 8.228524 3.476429 5.689648
v 8.228524 3.476429 5.981881
v 8.228524 3.476429 5.981881
v 8.228524 3.476429 6.274294
v 8.198024 3.476429 6.274294
v 8.228524 3.476429 5.689648
v 8.228524 3.476429 5.981881
v 8.228524 3.476429 5.981881
v 8.228524 3.381767 5.713445
v 8.228524 3.381767 5.981881
v 8.228524 3.381767 5.981881
v 8.228524 3.381766 6.250497
v 8.228524 3.476429 6.274294
v 2.935806 3.599372 3.962391
v 2.676556 3.720790 3.939676
v 2.676556 3.720790 3.939676
v 2.919572 3.564657 3.960949
v 2.919572 3.564657 3.960949
v 2.660322 3.685906 3.938233
v 2.677048 3.685228 3.902358
v 2.688855 3.710799 3.903440
v 2.911701 3.574648 3.942921
v 2.923507 3.600049 3.944003
v 2.660322 3.685906 3.938233
v 2.677048 3.685228 3.902358
v 2.919572 3.564657 3.960949
v 2.911701 3.574648 3.942921
v 2.676556 3.720790 3.939676
v 2.688855 3.710799 3.903440
v 2.660322 3.685906 3.938233
v 2.677048 3.685228 3.902358
v 2.935806 3.599372 3.962391
v 2.923507 3.600049 3.944003
v 2.676556 3.720790 3.939676
v 2.688855 3.710799 3.903440
v 2.919572 3.564657 3.960949
v 2.911701 3.574648 3.942921
v 2.935806 3.599372 3.962391
v 2.923507 3.600049 3.944003
v 2.701645 3.631547 3.942380
v 2.671145 3.631547 3.939676
v 2.722306 3.700469 3.944183
v 2.650976 3.700469 3.937873
v 2.671145 3.762787 3.939676
v 2.701645 3.762787 3.942380
v 2.666718 3.622064 3.966177
v 2.701645 3.622064 3.969242
v 2.671145 3.631547 3.939676
v 2.701645 3.631547 3.942380
v 2.666718 3.622064 3.966177
v 2.671145 3.631547 3.939676
v 2.643105 3.700808 3.964194
v 2.650976 3.700469 3.937873
v 2.671145 3.762787 3.939676
v 2.666718 3.772270 3.966177
v 2.701645 3.772270 3.969242
v 2.701645 3.762787 3.942380
v 2.666718 3.772270 3.966177
v 2.671145 3.762787 3.939676
v 2.701645 3.772270 3.969242
v 2.725258 3.700808 3.971225
v 2.701645 3.762787 3.942380
v 2.722306 3.700469 3.944183
v 2.701645 3.631547 3.942380
v 2.701645 3.622064 3.969242
v 4.216802 3.755336 4.114727
v 4.243367 3.755336 4.098322
v 4.216802 3.926033 4.114727
v 4.243367 3.926033 4.098322
v 4.242875 3.755336 4.065872
v 4.242875 3.926033 4.065872
v 4.215818 3.755336 4.049827
v 4.215818 3.926033 4.049827
v 4.189254 3.755336 4.066412
v 4.189254 3.926033 4.066412
v 4.189746 3.755336 4.098863
v 4.189746 3.926033 4.098863
v 4.216802 3.755336 4.114727
v 4.216802 3.926033 4.114727
v 4.216802 2.439038 4.114727
v 4.216802 2.609905 4.114727
v 4.243367 2.439038 4.098321
v 4.243367 2.609905 4.098321
v 4.242875 2.439038 4.065871
v 4.242875 2.609905 4.065871
v 4.215818 2.439038 4.049827
v 4.215818 2.609905 4.049827
v 4.189254 2.439038 4.066412
v 4.189254 2.609905 4.066412
v 4.189746 2.439038 4.098863
v 4.189746 2.609905 4.098863
v 4.216802 2.439038 4.114727
v 4.216802 2.609905 4.114727
v 4.189254 2.609905 4.066412
v 4.215818 2.609905 4.049827
v 4.189746 2.609905 4.098863
v 4.243367 2.609905 4.098321
v 4.216802 2.609905 4.114727
v 4.242875 2.609905 4.065871
v 4.189254 3.926033 4.066412
v 4.215818 3.926033 4.049827
v 4.189746 3.926033 4.098863
v 4.243367 3.926033 4.098322
v 4.216802 3.926033 4.114727
v 4.242875 3.926033 4.065872
v 4.189746 3.755336 4.098863
v 4.216802 3.755336 4.114727
v 4.189254 3.755336 4.066412
v 4.242875 3.755336 4.065872
v 4.215818 3.755336 4.049827
v 4.243367 3.755336 4.098322
v 4.189254 2.439038 4.066412
v 4.189746 2.439038 4.098863
v 4.215818 2.439038 4.049827
v 4.243367 2.439038 4.098321
v 4.242875 2.439038 4.065871
v 4.216802 2.439038 4.114727
v 3.936399 5.387627 5.716689
v 3.881794 5.392368 5.621502
v 3.948205 5.438768 5.704611
v 3.899996 5.443001 5.621502
v 4.046101 5.377974 5.716689
v 3.936399 5.387627 5.716689
v 4.043641 5.430470 5.704611
v 3.948205 5.438768 5.704611
v 4.100705 5.373232 5.621502
v 4.046101 5.377974 5.716689
v 4.091358 5.426236 5.621502
v 4.043641 5.430470 5.704611
v 4.046101 5.377974 5.526314
v 4.100705 5.373232 5.621502
v 4.043641 5.430470 5.538393
v 4.091358 5.426236 5.621502
v 3.936399 5.387627 5.526314
v 4.046101 5.377974 5.526314
v 3.948205 5.438768 5.538393
v 4.043641 5.430470 5.538393
v 3.881794 5.392368 5.621502
v 3.936399 5.387627 5.526314
v 3.899996 5.443001 5.621502
v 3.948205 5.438768 5.538393
v 3.948205 5.438768 5.704611
v 3.899996 5.443001 5.621502
v 4.043641 5.430470 5.704611
v 4.043641 5.430470 5.538393
v 4.091358 5.426236 5.621502
v 3.948205 5.438768 5.538393
v 4.046101 5.388812 5.886693
v 4.100705 5.384070 5.981880
v 4.043641 5.441308 5.898771
v 4.091358 5.437075 5.981880
v 3.936399 5.398464 5.886693
v 4.046101 5.388812 5.886693
v 3.948205 5.449605 5.898771
v 4.043641 5.441308 5.898771
v 3.881794 5.403206 5.981880
v 3.936399 5.398464 5.886693
v 3.899996 5.453839 5.981880
v 3.948205 5.449605 5.898771
v 3.948205 5.449605 5.898771
v 4.043641 5.441308 5.898771
v 3.899996 5.453839 5.981880
v 3.899996 5.453839 5.981880
v 4.091358 5.437075 5.981880
v 4.091358 5.437075 5.981880
v 4.043641 5.441308 6.065169
v 3.948205 5.449605 6.065169
v 2.257921 3.813759 3.974830
v 2.311541 3.813759 3.974830
v 2.263824 3.779044 3.827362
v 2.305638 3.779044 3.827362
v 2.304162 3.732136 3.790224
v 2.265300 3.732136 3.790224
v 2.265300 3.223432 3.790224
v 2.304162 3.223432 3.790224
v 2.305638 3.176524 3.827361
v 2.263824 3.176524 3.827361
v 2.257921 3.141809 3.974830
v 2.311541 3.141809 3.974830
v 2.257921 3.780568 3.978796
v 2.257921 3.813759 3.974830
v 2.262840 3.752627 3.860533
v 2.263824 3.779044 3.827362
v 2.265300 3.732136 3.790224
v 2.264316 3.705719 3.823576
v 2.265300 3.223432 3.790224
v 2.264316 3.249849 3.823575
v 2.263824 3.176524 3.827361
v 2.262840 3.202941 3.860533
v 2.257921 3.141809 3.974830
v 2.257921 3.175000 3.978796
v 2.311541 3.175000 3.978796
v 2.306622 3.202941 3.860533
v 2.311541 3.141809 3.974830
v 2.305638 3.176524 3.827361
v 2.304162 3.223432 3.790224
v 2.305146 3.249849 3.823575
v 2.304162 3.732136 3.790224
v 2.305146 3.705719 3.823576
v 2.305638 3.779044 3.827362
v 2.306622 3.752627 3.860533
v 2.311541 3.813759 3.974830
v 2.311541 3.780568 3.978796
v 2.257921 3.175000 3.978796
v 2.262840 3.202941 3.860533
v 2.311541 3.175000 3.978796
v 2.306622 3.202941 3.860533
v 2.305146 3.249849 3.823575
v 2.264316 3.249849 3.823575
v 2.305146 3.705719 3.823576
v 2.264316 3.705719 3.823576
v 2.306622 3.752627 3.860533
v 2.262840 3.752627 3.860533
v 2.311541 3.780568 3.978796
v 2.257921 3.780568 3.978796
v 3.667312 5.009147 4.152586
v 3.666820 4.082336 4.125905
v 3.618610 5.009147 4.147358
v 3.618118 4.082336 4.120677
v 3.617626 4.082336 4.067674
v 3.617626 5.009147 4.094356
v 3.618118 4.082336 4.120677
v 3.618610 5.009147 4.147358
v 3.660916 5.009147 4.093274
v 3.666327 4.082336 4.072903
v 3.667312 5.009147 4.152586
v 3.666820 4.082336 4.125905
v 3.666327 4.082336 4.072903
v 3.660916 5.009147 4.093274
v 3.617626 4.082336 4.067674
v 3.617626 5.009147 4.094356
v 4.019044 5.286191 4.569753
v 4.066762 5.113631 4.569752
v 4.083980 5.304141 4.569753
v 4.131697 5.131581 4.569752
v 4.026423 5.286191 4.614822
v 4.019044 5.286191 4.569753
v 4.090867 5.304141 4.614822
v 4.083980 5.304141 4.569753
v 4.074141 5.113631 4.614822
v 4.026423 5.286191 4.614822
v 4.138584 5.131581 4.614822
v 4.090867 5.304141 4.614822
v 4.066762 5.113631 4.569752
v 4.074141 5.113631 4.614822
v 4.131697 5.131581 4.569752
v 4.138584 5.131581 4.614822
v 4.131697 5.131581 4.569752
v 4.138584 5.131581 4.614822
v 4.083980 5.304141 4.569753
v 4.090867 5.304141 4.614822
v 4.172036 5.286191 5.621682
v 4.219753 5.113630 5.621682
v 4.236479 5.304141 5.621682
v 4.284197 5.131581 5.621682
v 4.178923 5.286191 5.666752
v 4.172036 5.286191 5.621682
v 4.243858 5.304141 5.666752
v 4.236479 5.304141 5.621682
v 4.226640 5.113630 5.666752
v 4.178923 5.286191 5.666752
v 4.291575 5.131581 5.666752
v 4.243858 5.304141 5.666752
v 4.219753 5.113630 5.621682
v 4.226640 5.113630 5.666752
v 4.226640 5.113630 5.666752
v 4.284197 5.131581 5.621682
v 4.284197 5.131581 5.621682
v 4.291575 5.131581 5.666752
v 4.284197 5.131581 5.621682
v 4.291575 5.131581 5.666752
v 4.236479 5.304141 5.621682
v 4.243858 5.304141 5.666752
v 8.223113 2.815994 5.613750
v 8.223113 3.345358 5.981881
v 8.223113 3.345358 5.981881
v 8.223113 2.815994 5.981881
v 8.223113 2.815994 5.981881
v 8.223113 2.815994 6.350191
v 4.326995 2.325071 4.135279
v 4.621664 2.640894 4.247052
v 4.327979 2.325240 5.981879
v 4.327979 2.325240 5.981879
v 4.627075 2.640894 5.981880
v 4.627075 2.640894 5.981880
v 4.621663 2.640893 7.716887
v 4.637405 3.823750 7.702105
v 4.632978 3.899107 5.981880
v 4.632978 3.899107 5.981880
v 4.637406 3.823750 4.261835
v 4.326994 2.325070 7.828660
v 4.360447 2.247173 4.135279
v 2.204299 2.240399 5.981879
v 2.204299 2.240399 5.981879
v 2.205775 2.238706 3.991956
v 1.952921 2.240230 4.174940
v 1.922421 2.240568 5.981879
v 1.922421 2.240568 5.981879
v 1.952920 2.240229 7.788999
v 2.205774 2.238705 7.971982
v 4.360446 2.247172 7.828660
v 4.368809 2.251068 5.981879
v 4.368809 2.251068 5.981879
v 7.978622 3.509789 4.868296
v 7.977146 3.509789 5.981881
v 7.977146 3.509789 5.981881
v 8.207863 3.509789 4.917512
v 8.206387 3.509789 5.981881
v 8.206387 3.509789 5.981881
v 8.207862 3.509789 7.046430
v 7.978621 3.509789 7.095646
v 7.978622 3.463220 4.914807
v 8.207863 3.463220 4.964024
v 7.977146 3.463220 5.981881
v 7.977146 3.463220 5.981881
v 8.206387 3.463220 5.981881
v 8.206387 3.463220 5.981881
v 8.207862 3.463220 6.999918
v 7.978621 3.463220 7.049134
v 4.539510 4.195287 5.924911
v 4.554760 4.137372 5.981880
v 4.554760 4.137372 5.981880
v 4.292559 5.098897 5.924912
v 4.276818 5.163417 5.981880
v 4.276818 5.163417 5.981880
v 4.292559 5.098897 6.039029
v 4.539510 4.195287 6.039029
v 1.876671 4.901106 5.236064
v 1.876671 4.900428 5.981880
v 1.876671 4.900428 5.981880
v 1.924881 4.885357 5.249765
v 1.924881 4.884849 5.981880
v 1.924881 4.884849 5.981880
v 1.924881 4.885357 6.714174
v 1.876671 4.901105 6.727875
v 1.898317 4.932096 5.202713
v 1.946526 4.916516 5.216413
v 1.898316 4.931079 5.981880
v 1.898316 4.931079 5.981880
v 1.946526 4.915500 5.981880
v 1.946526 4.915500 5.981880
v 1.946526 4.916516 6.747526
v 1.898316 4.932095 6.761227
v 5.412202 1.104790 3.425159
v 5.485500 1.524759 3.908668
v 5.485992 1.524759 3.425159
v 5.699000 1.893925 3.908668
v 5.411710 1.104790 3.908668
v 5.485992 0.684990 3.425159
v 5.485500 0.684990 3.908668
v 5.699492 0.315824 3.425159
v 5.699000 0.315824 3.908668
v 6.026135 0.041659 3.425159
v 6.025644 0.041659 3.908668
v 6.426570 -0.008636 3.425159
v 6.426078 -0.008636 3.908668
v 5.699492 1.893925 3.425159
v 6.025644 2.167921 3.908668
v 6.026135 2.167921 3.425159
v 6.426078 2.313894 3.908668
v 6.426570 2.313894 3.425159
v 6.852585 2.313894 3.908668
v 6.853077 2.313894 3.425159
v 7.253019 2.167921 3.908669
v 7.253511 2.167921 3.425159
v 7.579664 1.893925 3.908669
v 7.580155 1.893925 3.425159
v 7.792671 1.524759 3.908669
v 7.793163 1.524759 3.425159
v 7.866953 1.104790 3.908668
v 7.867445 1.104790 3.425159
v 7.792671 0.684990 3.908668
v 7.793163 0.684990 3.425159
v 7.579664 0.315824 3.908668
v 7.580155 0.315824 3.425159
v 7.253019 0.041659 3.908668
v 7.253511 0.041659 3.425159
v 6.852585 -0.008636 3.908668
v 6.853077 -0.008636 3.425159
v 6.426078 -0.008636 3.908668
v 6.426570 -0.008636 3.425159
v 5.999080 1.104790 3.406410
v 6.123539 1.104790 3.406410
v 6.154531 1.281414 3.406410
v 6.278006 1.236538 3.292293
v 6.344909 1.352369 3.292293
v 6.254885 1.104790 3.292293
v 6.037450 1.323919 3.406410
v 6.244062 1.436701 3.406410
v 6.149119 1.516800 3.406410
v 6.381804 1.552023 3.406410
v 6.319329 1.659725 3.406410
v 6.550046 1.613325 3.406410
v 6.528400 1.735929 3.406410
v 6.729601 1.613325 3.406410
v 6.751247 1.735929 3.406410
v 6.897843 1.552023 3.406410
v 6.960319 1.659725 3.406410
v 7.035093 1.436701 3.406410
v 7.130528 1.516800 3.406410
v 7.125117 1.281414 3.406410
v 7.241705 1.323919 3.406410
v 7.156108 1.104790 3.406410
v 7.280568 1.104790 3.406410
v 7.125117 0.928335 3.406410
v 7.241705 0.885661 3.406410
v 7.035093 0.773048 3.406410
v 7.130528 0.692950 3.406410
v 6.897843 0.657726 3.406410
v 6.960319 0.550025 3.406410
v 6.729601 0.596424 3.406410
v 6.751247 0.473820 3.406410
v 6.550046 0.596424 3.406410
v 6.528400 0.473820 3.406410
v 6.381804 0.657726 3.406410
v 6.319329 0.550025 3.406410
v 6.244062 0.773048 3.406410
v 6.149119 0.692950 3.406410
v 6.154531 0.928335 3.406410
v 6.037450 0.885661 3.406410
v 6.278006 0.973211 3.292293
v 6.344909 0.857381 3.292293
v 6.447231 0.771355 3.292293
v 6.573166 0.725633 3.292293
v 6.706481 0.725633 3.292293
v 6.832416 0.771355 3.292293
v 6.934738 0.857381 3.292293
v 7.001641 0.973211 3.292293
v 7.024762 1.104790 3.292293
v 7.001641 1.236538 3.292293
v 6.934738 1.352369 3.292293
v 6.832416 1.438395 3.292293
v 6.573166 1.484117 3.292293
v 6.706481 1.484117 3.292293
v 6.447231 1.438395 3.292293
v 5.975958 1.104790 3.358816
v 5.549452 1.501729 3.358816
v 6.015805 1.331878 3.358816
v 5.751144 1.850574 3.358816
v 6.131410 1.531533 3.358816
v 6.059587 2.109668 3.358816
v 6.308014 1.679877 3.358816
v 6.438376 2.247512 3.358816
v 6.524465 1.758621 3.358816
v 6.841270 2.247512 3.358816
v 6.755182 1.758621 3.358816
v 7.220060 2.109668 3.358816
v 6.971633 1.679877 3.358816
v 7.528502 1.850574 3.358816
v 7.148237 1.531533 3.358816
v 7.730196 1.501729 3.358816
v 7.263842 1.331878 3.358816
v 7.800050 1.104790 3.358816
v 7.303689 1.104790 3.358816
v 7.730196 0.708021 3.358816
v 7.263842 0.877871 3.358816
v 7.528502 0.359007 3.358816
v 7.148237 0.678047 3.358816
v 7.220060 0.100082 3.358816
v 6.971633 0.529873 3.358816
v 6.841270 -0.008636 3.358816
v 6.755182 0.451129 3.358816
v 6.438376 -0.008636 3.358816
v 6.524465 0.451129 3.358816
v 6.059587 0.100082 3.358816
v 6.308014 0.529873 3.358816
v 5.751144 0.359007 3.358815
v 6.131410 0.678047 3.358816
v 5.549452 0.708021 3.358816
v 6.015805 0.877871 3.358816
v 5.479597 1.104790 3.358816
v 5.412202 1.104790 3.425159
v 5.485992 1.524759 3.425159
v 5.485992 0.684990 3.425159
v 5.699492 0.315824 3.425159
v 6.026135 0.041659 3.425159
v 6.426570 -0.008636 3.425159
v 6.853077 -0.008636 3.425159
v 7.253511 0.041659 3.425159
v 7.580155 0.315824 3.425159
v 7.793163 0.684990 3.425159
v 7.867445 1.104790 3.425159
v 7.793163 1.524759 3.425159
v 7.580155 1.893925 3.425159
v 7.253511 2.167921 3.425159
v 6.853077 2.313894 3.425159
v 6.426570 2.313894 3.425159
v 6.026135 2.167921 3.425159
v 5.699492 1.893925 3.425159
v 5.975958 1.104790 3.358816
v 6.015805 1.331878 3.358816
v 6.037450 1.323919 3.406410
v 6.149119 1.516800 3.406410
v 5.999080 1.104790 3.406410
v 6.015805 0.877871 3.358816
v 6.037450 0.885661 3.406410
v 6.131410 0.678047 3.358816
v 6.149119 0.692950 3.406410
v 6.308014 0.529873 3.358816
v 6.319329 0.550025 3.406410
v 6.524465 0.451129 3.358816
v 6.528400 0.473820 3.406410
v 6.755182 0.451129 3.358816
v 6.751247 0.473820 3.406410
v 6.971633 0.529873 3.358816
v 6.960319 0.550025 3.406410
v 7.148237 0.678047 3.358816
v 7.130528 0.692950 3.406410
v 7.263842 0.877871 3.358816
v 7.241705 0.885661 3.406410
v 7.303689 1.104790 3.358816
v 7.280568 1.104790 3.406410
v 7.263842 1.331878 3.358816
v 7.241705 1.323919 3.406410
v 7.148237 1.531533 3.358816
v 7.130528 1.516800 3.406410
v 6.971633 1.679877 3.358816
v 6.960319 1.659725 3.406410
v 6.755182 1.758621 3.358816
v 6.751247 1.735929 3.406410
v 6.524465 1.758621 3.358816
v 6.528400 1.735929 3.406410
v 6.308014 1.679877 3.358816
v 6.319329 1.659725 3.406410
v 6.131410 1.531533 3.358816
v 6.939657 1.214355 3.699183
v 6.958843 1.104790 3.699183
v 6.884069 1.310710 3.699183
v 6.884069 0.898870 3.699183
v 6.694182 0.789305 3.699183
v 6.694182 0.789305 3.699183
v 6.798472 0.827407 3.699183
v 6.939657 0.995225 3.699183
v 6.798472 1.382342 3.699183
v 6.694182 1.420444 3.699183
v 6.694182 1.420444 3.699183
v 6.478223 1.382342 3.699183
v 6.478223 1.382342 3.699183
v 6.337530 0.995225 3.699183
v 6.478223 0.827407 3.699183
v 6.478223 0.827407 3.699183
v 6.478223 0.827407 3.699183
v 6.393119 0.898870 3.699183
v 6.583005 1.420444 3.699183
v 6.393119 1.310710 3.699183
v 6.337530 1.214355 3.699183
v 6.318345 1.104790 3.699183
v 6.583005 0.789305 3.699183
v 7.302213 1.104790 3.975552
v 7.262366 1.331878 3.975552
v 7.729212 1.501728 3.975011
v 7.528010 1.850574 3.975011
v 7.799558 1.104790 3.975011
v 7.262366 0.877871 3.975552
v 7.729212 0.708021 3.975011
v 7.147254 0.678047 3.975552
v 7.528010 0.359006 3.975011
v 6.970649 0.529873 3.975552
v 7.219076 0.100082 3.975011
v 6.753706 0.451128 3.975551
v 6.840779 -0.008636 3.975010
v 6.522989 0.451128 3.975551
v 6.437885 -0.008636 3.975010
v 6.306538 0.529873 3.975552
v 6.059096 0.100082 3.975010
v 6.129934 0.678047 3.975552
v 5.750161 0.359006 3.975010
v 6.014822 0.877871 3.975552
v 5.548960 0.708021 3.975010
v 5.974483 1.104790 3.975552
v 5.479105 1.104790 3.975010
v 6.014822 1.331878 3.975552
v 5.548960 1.501728 3.975011
v 6.129934 1.531533 3.975552
v 5.750161 1.850574 3.975011
v 6.306538 1.679877 3.975552
v 6.059096 2.109667 3.975011
v 6.522989 1.758621 3.975552
v 6.437885 2.247512 3.975011
v 6.753706 1.758621 3.975552
v 6.840779 2.247512 3.975011
v 6.970649 1.679877 3.975552
v 7.219076 2.109667 3.975011
v 7.147254 1.531533 3.975552
v 7.059197 1.457869 3.929941
v 6.913093 1.580473 3.929941
v 6.734029 1.645839 3.929941
v 6.543159 1.645839 3.929941
v 6.363602 1.580473 3.929941
v 6.217498 1.457869 3.929941
v 6.122555 1.292760 3.929941
v 6.089103 1.104790 3.929941
v 6.122555 0.916989 3.929941
v 6.217498 0.751711 3.929941
v 6.363602 0.629107 3.929941
v 6.543159 0.563910 3.929941
v 6.734029 0.563910 3.929941
v 6.913093 0.629107 3.929941
v 7.059197 0.751711 3.929941
v 7.154633 0.916989 3.929941
v 7.187592 1.104790 3.929941
v 7.154633 1.292760 3.929941
v 7.187592 1.104790 3.929941
v 7.135447 1.285648 3.463558
v 7.154633 1.292760 3.929941
v 7.043456 1.444829 3.463558
v 7.167423 1.104790 3.463558
v 7.154633 0.916989 3.929941
v 7.135447 0.923932 3.463558
v 7.059197 0.751711 3.929941
v 7.043456 0.764920 3.463558
v 6.913093 0.629107 3.929941
v 6.902762 0.646888 3.463558
v 6.734029 0.563910 3.929941
v 6.730093 0.584062 3.463558
v 6.543159 0.563910 3.929941
v 6.546602 0.584062 3.463558
v 6.363602 0.629107 3.929941
v 6.373933 0.646888 3.463558
v 6.217498 0.751711 3.929941
v 6.233240 0.764920 3.463558
v 6.122555 0.916989 3.929941
v 6.141741 0.923932 3.463558
v 6.089103 1.104790 3.929941
v 6.109765 1.104790 3.463558
v 6.122555 1.292760 3.929941
v 6.141741 1.285648 3.463558
v 6.217498 1.457869 3.929941
v 6.233240 1.444829 3.463558
v 6.363602 1.580473 3.929941
v 6.373933 1.562861 3.463558
v 6.543159 1.645839 3.929941
v 6.546602 1.625687 3.463558
v 6.734029 1.645839 3.929941
v 6.730093 1.625687 3.463558
v 6.913093 1.580473 3.929941
v 6.902762 1.562861 3.463559
v 7.059197 1.457869 3.929941
v 7.167423 1.104790 3.463558
v 6.939657 1.214355 3.699183
v 7.135447 1.285648 3.463558
v 6.884069 1.310710 3.699183
v 6.958843 1.104790 3.699183
v 7.135447 0.923932 3.463558
v 6.939657 0.995225 3.699183
v 7.043456 0.764920 3.463558
v 6.884069 0.898870 3.699183
v 6.902762 0.646888 3.463558
v 6.798472 0.827407 3.699183
v 6.730093 0.584062 3.463558
v 6.694182 0.789305 3.699183
v 6.546602 0.584062 3.463558
v 6.583005 0.789305 3.699183
v 6.373933 0.646888 3.463558
v 6.478223 0.827407 3.699183
v 6.233240 0.764920 3.463558
v 6.393119 0.898870 3.699183
v 6.141741 0.923932 3.463558
v 6.337530 0.995225 3.699183
v 6.109765 1.104790 3.463558
v 6.318345 1.104790 3.699183
v 6.141741 1.285648 3.463558
v 6.337530 1.214355 3.699183
v 6.233240 1.444829 3.463558
v 6.393119 1.310710 3.699183
v 6.373933 1.562861 3.463558
v 6.478223 1.382342 3.699183
v 6.546602 1.625687 3.463558
v 6.583005 1.420444 3.699183
v 6.730093 1.625687 3.463558
v 6.694182 1.420444 3.699183
v 6.902762 1.562861 3.463559
v 6.798472 1.382342 3.699183
v 7.043456 1.444829 3.463558
v 5.485500 1.524759 3.908668
v 5.479105 1.104790 3.975010
v 5.411710 1.104790 3.908668
v 5.548960 0.708021 3.975010
v 5.548960 1.501728 3.975011
v 5.699000 1.893925 3.908668
v 5.750161 1.850574 3.975011
v 6.025644 2.167921 3.908668
v 6.059096 2.109667 3.975011
v 6.426078 2.313894 3.908668
v 6.437885 2.247512 3.975011
v 6.852585 2.313894 3.908668
v 6.840779 2.247512 3.975011
v 7.253019 2.167921 3.908669
v 7.219076 2.109667 3.975011
v 7.579664 1.893925 3.908669
v 7.528010 1.850574 3.975011
v 7.792671 1.524759 3.908669
v 7.729212 1.501728 3.975011
v 7.866953 1.104790 3.908668
v 7.799558 1.104790 3.975011
v 7.792671 0.684990 3.908668
v 7.729212 0.708021 3.975011
v 7.579664 0.315824 3.908668
v 7.528010 0.359006 3.975011
v 7.253019 0.041659 3.908668
v 7.219076 0.100082 3.975011
v 6.852585 -0.008636 3.908668
v 6.840779 -0.008636 3.975010
v 6.426078 -0.008636 3.908668
v 6.437885 -0.008636 3.975010
v 6.025644 0.041659 3.908668
v 6.059096 0.100082 3.975010
v 5.699000 0.315824 3.908668
v 5.750161 0.359006 3.975010
v 5.485500 0.684990 3.908668
v 8.223113 2.815994 5.613750
v 8.246233 2.815994 5.613750
v 8.223113 3.345358 5.981881
v 8.246233 3.345358 5.981881
v 8.246233 2.815994 5.613750
v 8.223113 2.815994 5.613750
v 8.246233 2.815994 5.981881
v 8.246233 2.815994 5.981881
v 8.223113 2.815994 5.981881
v 8.223113 2.815994 5.981881
v 8.223113 2.815994 6.350191
v 8.246233 2.815994 6.350191
v 8.246233 2.815994 5.613750
v 8.246233 3.345358 5.981881
v 8.246233 3.345358 5.981881
v 8.246233 2.815994 5.981881
v 8.246233 2.815994 5.981881
v 8.246233 2.815994 6.350191
v 2.160025 4.347018 4.319164
v 2.290388 3.507080 4.319163
v 2.160025 4.347018 5.804124
v 2.290388 3.507080 5.804124
v 2.354831 2.961121 4.319163
v 2.354831 2.961120 5.804124
v 2.482734 2.297807 4.477448
v 2.482734 2.297806 5.645838
v 2.408944 4.364460 5.804124
v 2.603750 3.507080 5.804124
v 2.603750 3.507080 5.804124
v 2.603750 3.507080 5.804124
v 2.160025 4.347018 5.804124
v 2.160025 4.347018 5.804124
v 2.290388 3.507080 5.804124
v 2.290388 3.507080 5.804124
v 2.290388 3.507080 5.804124
v 2.571282 3.210053 5.804124
v 2.571282 3.210053 5.804124
v 2.354831 2.961120 5.804124
v 3.045998 2.961120 5.804124
v 3.045998 3.298450 5.804124
v 3.441513 3.217674 5.804124
v 3.371167 2.961120 5.804124
v 3.371167 2.961121 4.319163
v 3.441514 3.217674 4.319163
v 3.371167 2.961120 5.804124
v 3.441513 3.217674 5.804124
v 3.371167 2.961121 4.319163
v 3.045999 2.961121 4.319163
v 3.441514 3.217674 4.319163
v 3.045999 3.298450 4.319163
v 2.571282 3.210054 4.319163
v 2.571282 3.210054 4.319163
v 2.354831 2.961121 4.319163
v 2.290388 3.507080 4.319163
v 2.290388 3.507080 4.319163
v 2.290388 3.507080 4.319163
v 2.603750 3.507080 4.319163
v 2.603750 3.507080 4.319163
v 2.160025 4.347018 4.319164
v 2.408944 4.364460 4.319164
v 2.160025 4.347018 5.804124
v 2.160025 4.347018 4.319164
v 2.408944 4.364460 5.804124
v 2.408944 4.364460 4.319164
v 3.441514 3.217674 4.319163
v 3.441513 3.217674 5.804124
v 3.045999 3.298450 4.319163
v 3.045998 3.298450 5.804124
v 2.571282 3.210054 4.319163
v 2.571282 3.210053 5.804124
v 2.571282 3.210053 5.804124
v 2.603750 3.507080 5.804124
v 2.571282 3.210054 4.319163
v 2.603750 3.507080 4.319163
v 2.408944 4.364460 4.319164
v 2.408944 4.364460 5.804124
v 2.354831 2.961120 5.804124
v 3.045998 2.961120 5.804124
v 2.482734 2.297806 5.645838
v 3.026321 2.297806 5.645839
v 3.282127 2.297806 5.645839
v 3.371167 2.961120 5.804124
v 2.354831 2.961121 4.319163
v 2.482734 2.297807 4.477448
v 3.045999 2.961121 4.319163
v 3.026321 2.297807 4.477448
v 3.282127 2.297807 4.477448
v 3.371167 2.961121 4.319163
v 3.371167 2.961120 5.804124
v 3.282127 2.297806 5.645839
v 3.371167 2.961121 4.319163
v 3.282127 2.297807 4.477448
v 8.498104 1.558457 6.695245
v 4.834671 1.558457 6.695245
v 8.498104 2.096627 6.695246
v 4.834671 2.096627 6.695245
v 4.429809 2.288153 6.805936
v 4.429809 1.558457 6.805936
v -6.945675 2.288153 6.805933
v -6.945675 1.558457 6.805933
v 8.498104 1.558457 6.989281
v 8.498104 2.096627 6.989281
v 4.834671 1.558457 6.989280
v 4.834671 2.096627 6.989280
v 4.429809 1.558457 7.138010
v 4.429809 2.288153 7.138011
v -7.323481 1.558457 7.138008
v -7.323481 2.288153 7.138008
v -7.498117 1.558457 7.138007
v -7.498117 2.288153 7.138008
v 8.498104 1.558457 6.695245
v 8.498104 1.558457 6.989281
v 4.834671 1.558457 6.695245
v 4.834671 1.558457 6.989280
v 4.429809 1.558457 6.805936
v 4.429809 1.558457 7.138010
v -6.945675 1.558457 6.805933
v -7.323481 1.558457 7.138008
v -7.323480 1.558457 6.805933
v -7.498117 1.558457 6.805933
v -7.498117 1.558457 7.138007
v 8.498104 2.096627 6.989281
v 8.498104 1.558457 6.989281
v 8.498104 2.096627 6.695246
v 8.498104 1.558457 6.695245
v 8.498104 2.096627 6.989281
v 8.498104 2.096627 6.695246
v 4.834671 2.096627 6.989280
v 4.834671 2.096627 6.695245
v 4.429809 2.288153 7.138011
v 4.429809 2.288153 6.805936
v -7.323481 2.288153 7.138008
v -6.945675 2.288153 6.805933
v -7.323480 2.288153 6.805933
v -7.498117 2.288153 7.138008
v -7.498117 2.288153 6.805933
v 2.507330 1.600624 6.820358
v 1.026609 1.600624 6.820357
v 2.507330 1.962339 5.981879
v 1.026609 1.962339 5.981879
v 4.289115 4.136863 7.756730
v 4.248285 4.111631 7.823974
v 4.419478 4.024251 7.695795
v 4.388486 3.892164 7.844165
v 4.957162 3.869303 7.574287
v 4.957162 3.730781 7.722476
v 4.961098 2.354705 7.731670
v 4.224672 2.354705 7.873370
v 4.961589 2.220755 7.732752
v 4.224672 2.220755 7.873730
v 4.225656 4.013752 7.871027
v 4.224672 2.354705 7.873370
v 2.500443 2.354705 7.993795
v 4.224672 2.220755 7.873730
v 2.500443 2.220755 7.993795
v 4.225656 4.013752 7.871027
v 4.248285 4.111631 7.823974
v 3.910818 5.162231 7.868322
v 3.962963 5.162231 7.823974
v 4.289115 4.136863 7.756730
v 4.011173 5.164094 7.756730
v 4.211882 2.354536 7.789720
v 2.493556 2.354705 7.909425
v 4.213850 2.220586 7.789720
v 2.494048 2.220755 7.909425
v 2.494048 2.220755 7.909425
v 2.493556 2.354705 7.909425
v 2.069509 2.220755 7.889774
v 2.069509 3.859989 7.889775
v 2.493064 3.860327 7.909425
v 2.138380 5.272473 7.816943
v 2.496016 5.170190 7.863274
v 3.845883 5.164094 7.756730
v 3.869496 5.148515 7.795850
v 4.145471 4.136863 7.756730
v 4.193680 3.981576 7.796571
v 3.910818 5.162231 7.868322
v 4.225656 4.013752 7.871027
v 2.500443 2.354705 7.993795
v 4.224672 2.354705 7.873370
v 4.224672 2.354705 7.873370
v 2.493556 2.354705 7.909425
v 2.493556 2.354705 7.909425
v 4.211882 2.354536 7.789720
v 4.224672 2.220755 7.873730
v 2.500443 2.220755 7.993795
v 4.213850 2.220586 7.789720
v 2.494048 2.220755 7.909425
v 2.502903 5.164772 7.947645
v 2.500443 3.861682 7.993796
v 2.496016 5.170190 7.863274
v 2.493064 3.860327 7.909425
v 2.500443 2.354705 7.993795
v 2.493556 2.354705 7.909425
v 1.879130 4.357517 6.742477
v 1.963743 4.356331 6.739233
v 1.902743 4.920411 6.734004
v 1.987356 4.915669 6.731120
v 3.910818 5.162231 7.868322
v 3.869496 5.148515 7.795850
v 2.502903 5.164772 7.947645
v 2.496016 5.170190 7.863274
v 4.961589 2.220755 7.732752
v 4.945848 2.220078 7.649463
v 4.224672 2.220755 7.873730
v 4.213850 2.220586 7.789720
v 8.207862 3.509789 7.046430
v 8.207862 2.105264 7.046430
v 7.978621 3.509789 7.095646
v 7.978621 2.105264 7.095645
v 7.978621 3.463220 7.049134
v 7.978621 2.151833 7.049133
v 8.207862 3.463220 6.999918
v 8.207862 2.151833 6.999918
v 4.980775 2.392637 7.716166
v 5.232645 2.390605 7.662443
v 4.980775 3.513006 7.716166
v 5.420564 2.568076 7.621520
v 5.976450 3.513006 7.501635
v 6.024659 2.726581 7.491178
v 7.061164 3.513006 7.267993
v 7.055753 2.720654 7.269074
v 7.965831 3.513006 7.073111
v 7.549655 2.524386 7.162710
v 7.668703 2.394162 7.137110
v 7.965831 2.392638 7.073111
v 7.813823 2.157083 7.105020
v 7.964355 2.155389 7.073471
v 5.188371 2.524555 7.704268
v 5.363008 2.689156 7.666409
v 5.118024 3.277112 7.719231
v 5.983337 3.277112 7.532642
v 6.015312 2.860192 7.525792
v 7.068051 3.277112 7.299001
v 7.087237 2.854095 7.294854
v 7.075430 2.800922 7.286561
v 6.019740 2.807018 7.514073
v 7.060180 2.720654 7.289806
v 6.029087 2.726581 7.511910
v 5.386621 2.640893 7.650545
v 7.554082 2.524386 7.183442
v 7.599340 2.592631 7.173707
v 7.631316 2.637845 7.177672
v 7.841863 3.277112 7.132243
v 7.732654 2.527434 7.155859
v 7.707565 2.474430 7.150451
v 7.673622 2.394162 7.157842
v 7.065591 3.330455 7.288725
v 5.980877 3.330455 7.522367
v 5.980877 3.513006 7.522367
v 4.985202 3.513006 7.736899
v 5.063912 3.330455 7.719953
v 7.065591 3.513006 7.288725
v 7.891549 3.330456 7.110789
v 7.841863 2.526926 7.132242
v 7.891549 2.473414 7.110789
v 7.970258 2.392638 7.093843
v 7.968782 2.155389 7.094203
v 7.818251 2.157083 7.125752
v 7.970258 3.513006 7.093843
v 4.985202 2.392637 7.736898
v 5.063912 2.472398 7.719952
v 5.118024 2.525233 7.719051
v 5.206573 2.471212 7.689665
v 5.425483 2.568076 7.642252
v 5.237072 2.390605 7.683175
v 5.232645 2.390605 7.662443
v 5.237072 2.390605 7.683175
v 5.237072 2.390605 7.683175
v 5.420564 2.568076 7.621520
v 5.425483 2.568076 7.642252
v 6.024659 2.726581 7.491178
v 6.029087 2.726581 7.511910
v 7.055753 2.720654 7.269074
v 7.060180 2.720654 7.289806
v 7.549655 2.524386 7.162710
v 7.554082 2.524386 7.183442
v 7.668703 2.394162 7.137110
v 7.673622 2.394162 7.157842
v 7.818251 2.157083 7.125752
v 7.813823 2.157083 7.105020
v 4.985202 2.392637 7.736898
v 5.232645 2.390605 7.662443
v 4.980775 2.392637 7.716166
v 4.980775 3.513006 7.716166
v 4.980775 2.392637 7.716166
v 4.985202 3.513006 7.736899
v 4.985202 2.392637 7.736898
v 7.965831 3.513006 7.073111
v 7.061164 3.513006 7.267993
v 7.970258 3.513006 7.093843
v 7.065591 3.513006 7.288725
v 5.976450 3.513006 7.501635
v 5.980877 3.513006 7.522367
v 4.980775 3.513006 7.716166
v 4.985202 3.513006 7.736899
v 7.813823 2.157083 7.105020
v 7.818251 2.157083 7.125752
v 7.964355 2.155389 7.073471
v 7.968782 2.155389 7.094203
v 7.970258 3.513006 7.093843
v 7.965831 3.513006 7.073111
v 7.970258 2.392638 7.093843
v 7.965831 2.392638 7.073111
v 7.964355 2.155389 7.073471
v 7.968782 2.155389 7.094203
v 8.134563 3.547383 7.003163
v 8.145387 3.512160 6.999557
v 8.045032 3.560253 7.020650
v 8.046016 3.521304 7.014881
v 7.372066 3.600726 7.162890
v 7.372066 3.521304 7.158383
v 4.972904 3.726378 7.683536
v 4.972904 3.521304 7.680111
v 4.030358 5.098897 7.688223
v 4.011173 5.164094 7.756730
v 4.273374 4.195287 7.688223
v 4.289115 4.136863 7.756730
v 4.137108 5.098897 6.039029
v 4.292559 5.098897 6.039029
v 3.866544 5.098897 7.688223
v 4.030358 5.098897 7.688223
v 3.866544 5.098897 7.688223
v 4.030358 5.098897 7.688223
v 4.030358 5.098897 7.688223
v 4.128253 4.195287 7.688223
v 4.128253 4.195287 7.688223
v 4.273374 4.195287 7.688223
v 4.128253 4.195287 7.688223
v 4.273374 4.195287 7.688223
v 4.246809 4.195287 6.946554
v 4.392914 4.195287 6.946554
v 4.392422 4.195287 6.039029
v 4.539510 4.195287 6.039029
v 4.392422 4.195287 6.039029
v 4.539510 4.195287 6.039029
v 4.539510 4.195287 6.039029
v 4.137108 5.098897 6.039029
v 4.137108 5.098897 6.039029
v 4.292559 5.098897 6.039029
v 3.866544 5.098897 7.688223
v 4.128253 4.195287 7.688223
v 3.845883 5.164094 7.756730
v 4.145471 4.136863 7.756730
v 4.294527 4.217978 7.668753
v 4.064794 5.080608 7.668753
v 4.312236 4.161757 7.726983
v 4.046592 5.136491 7.726984
v 4.064794 5.080608 7.668753
v 4.325519 5.080609 6.056516
v 4.046592 5.136491 7.726984
v 4.306826 5.136492 6.002432
v 4.025930 5.148853 7.739423
v 4.286656 5.148854 5.990533
v 3.921149 5.148853 7.739423
v 4.181874 5.148854 5.990533
v 4.325519 5.080609 6.056516
v 4.554760 4.217979 6.056516
v 4.306826 5.136492 6.002432
v 4.572470 4.161757 6.002432
v 4.554760 4.217979 6.056516
v 4.294527 4.217978 7.668753
v 4.572470 4.161757 6.002432
v 4.312236 4.161757 7.726983
v 4.312236 4.161757 7.726983
v 4.046592 5.136491 7.726984
v 4.291575 4.149564 7.739423
v 4.025930 5.148853 7.739423
v 4.186793 4.149564 7.739423
v 3.921149 5.148853 7.739423
v 4.306826 5.136492 6.002432
v 4.572470 4.161757 6.002432
v 4.286656 5.148854 5.990533
v 4.552301 4.149565 5.990533
v 4.181874 5.148854 5.990533
v 4.447519 4.149565 5.990533
v 4.572470 4.161757 6.002432
v 4.312236 4.161757 7.726983
v 4.552301 4.149565 5.990533
v 4.291575 4.149564 7.739423
v 4.447519 4.149565 5.990533
v 4.186793 4.149564 7.739423
v 4.294527 4.217978 7.668753
v 4.169084 4.217978 7.668753
v 4.169084 4.217978 7.668753
v 4.064794 5.080608 7.668753
v 4.064794 5.080608 7.668753
v 3.939842 5.080608 7.668753
v 4.064794 5.080608 7.668753
v 3.939842 5.080608 7.668753
v 4.325519 5.080609 6.056516
v 4.200076 5.080609 6.056516
v 4.325519 5.080609 6.056516
v 4.200076 5.080609 6.056516
v 4.200076 5.080609 6.056516
v 4.554760 4.217979 6.056516
v 4.554760 4.217979 6.056516
v 4.429809 4.217979 6.056516
v 4.554760 4.217979 6.056516
v 4.429809 4.217979 6.056516
v 4.294527 4.217978 7.668753
v 4.169084 4.217978 7.668753
v 4.447519 4.149565 5.990533
v 4.429809 4.217979 6.056516
v 4.181874 5.148854 5.990533
v 4.200076 5.080609 6.056516
v 4.181874 5.148854 5.990533
v 4.200076 5.080609 6.056516
v 3.921149 5.148853 7.739423
v 3.939842 5.080608 7.668753
v 3.921149 5.148853 7.739423
v 3.939842 5.080608 7.668753
v 4.186793 4.149564 7.739423
v 4.169084 4.217978 7.668753
v 4.186793 4.149564 7.739423
v 4.169084 4.217978 7.668753
v 4.447519 4.149565 5.990533
v 4.429809 4.217979 6.056516
v 4.237955 5.066722 6.080132
v 3.971818 5.066722 7.651807
v 4.218769 5.126839 6.017035
v 3.952632 5.126839 7.715085
v 4.277802 5.066722 6.080132
v 4.259108 5.126839 6.017035
v 4.012156 5.066722 7.651807
v 3.992971 5.126839 7.715085
v 3.971818 5.066722 7.651807
v 4.215325 4.232711 7.651807
v 3.952632 5.126839 7.715085
v 4.232051 4.172595 7.715085
v 4.012156 5.066722 7.651807
v 3.992971 5.126839 7.715085
v 4.255172 4.232711 7.651807
v 4.272390 4.172595 7.715085
v 4.215325 4.232711 7.651807
v 4.466212 4.232712 6.080132
v 4.232051 4.172595 7.715085
v 4.483430 4.172595 6.017035
v 4.255172 4.232711 7.651807
v 4.272390 4.172595 7.715085
v 4.506551 4.232712 6.080132
v 4.523768 4.172595 6.017035
v 4.466212 4.232712 6.080132
v 4.237955 5.066722 6.080132
v 4.483430 4.172595 6.017035
v 4.218769 5.126839 6.017035
v 4.506551 4.232712 6.080132
v 4.523768 4.172595 6.017035
v 4.277802 5.066722 6.080132
v 4.259108 5.126839 6.017035
v 4.237955 5.066722 6.080132
v 4.277802 5.066722 6.080132
v 3.971818 5.066722 7.651807
v 4.012156 5.066722 7.651807
v 3.971818 5.066722 7.651807
v 4.012156 5.066722 7.651807
v 4.215325 4.232711 7.651807
v 4.255172 4.232711 7.651807
v 4.215325 4.232711 7.651807
v 4.255172 4.232711 7.651807
v 4.466212 4.232712 6.080132
v 4.506551 4.232712 6.080132
v 4.466212 4.232712 6.080132
v 4.506551 4.232712 6.080132
v 4.506551 4.232712 6.080132
v 4.237955 5.066722 6.080132
v 4.237955 5.066722 6.080132
v 4.277802 5.066722 6.080132
v 7.975669 2.122028 8.526523
v 7.815791 2.306273 8.734565
v 7.896468 2.132527 8.734565
v 7.824646 2.162332 8.815870
v 7.752824 2.257671 8.815870
v 7.601800 2.514225 8.734565
v 7.538340 2.435820 8.815870
v 7.891057 2.381799 8.526523
v 7.988460 2.113392 7.930339
v 7.901388 2.388912 7.930339
v 7.905323 2.118811 7.353986
v 7.665259 2.607872 8.526523
v 7.280567 2.640046 8.734565
v 7.247116 2.503726 8.815870
v 6.323755 2.668665 8.734565
v 6.337037 2.525571 8.815870
v 7.320906 2.762142 8.526523
v 7.670179 2.620403 7.930339
v 7.820710 2.329812 7.353986
v 7.826121 2.128972 7.151172
v 7.745444 2.297637 7.151172
v 7.594421 2.555884 7.353986
v 7.531453 2.505589 7.151172
v 7.250559 2.710155 7.353986
v 7.210220 2.631580 7.151172
v 6.306046 2.746055 7.353986
v 6.323755 2.660029 7.151171
v 5.709330 2.668327 7.353985
v 5.763934 2.587212 7.151171
v 5.394492 2.514564 7.353985
v 5.473201 2.451230 7.151171
v 5.078670 2.125077 7.353985
v 5.171154 2.080201 7.151171
v 4.886816 1.334079 7.353985
v 4.983727 1.340344 7.151171
v 4.880420 1.032311 7.353985
v 4.959130 1.055002 7.151171
v 7.316970 2.778399 7.930339
v 4.845001 1.016900 7.930338
v 4.849428 1.372180 7.930338
v 5.045710 2.183669 7.930338
v 5.365468 2.578914 7.930338
v 5.687192 2.735894 7.930338
v 6.299158 2.815146 7.930338
v 6.306046 2.798043 8.526522
v 5.763934 2.595848 8.734564
v 5.801321 2.454617 8.815870
v 5.473201 2.459697 8.734564
v 5.568144 2.348269 8.815870
v 4.880420 1.031294 8.526522
v 5.709330 2.720315 8.526522
v 5.394492 2.566552 8.526522
v 5.171154 2.088837 8.734564
v 5.285282 2.026011 8.815870
v 4.983727 1.348811 8.734564
v 5.089492 1.350166 8.815870
v 4.959130 1.063639 8.734564
v 4.886816 1.386066 8.526522
v 5.078670 2.177064 8.526522
v 6.674995 2.763497 7.628732
v 6.712383 2.815316 7.663345
v 7.259414 2.734370 7.511189
v 7.275647 2.753167 7.545623
v 7.609179 2.559609 7.418345
v 7.613114 2.582301 7.454041
v 7.830058 2.336416 7.418165
v 7.841372 2.347085 7.454221
v 7.878267 2.214659 7.421951
v 7.867444 2.275283 7.454401
v 7.867444 2.913704 7.522908
v 7.402566 2.913704 7.591413
v 6.712383 2.913704 7.732573
v 6.712383 2.913704 7.732573
v 6.682375 2.771287 8.584392
v 6.712383 2.803631 8.546713
v 6.682375 2.797535 8.524539
v 6.678932 2.805833 7.934665
v 6.712383 2.831065 7.936108
v 6.674995 2.763497 7.628732
v 6.712383 2.815316 7.663345
v 6.712383 2.913704 8.524359
v 6.712383 2.913704 8.524359
v 6.712383 2.803631 8.546713
v 7.318446 2.760449 8.547795
v 6.682375 2.771287 8.584392
v 7.309099 2.739450 8.586195
v 7.661324 2.611089 8.547795
v 7.648042 2.587381 8.585654
v 7.867444 2.408894 8.526342
v 7.884662 2.364357 8.588178
v 7.402566 2.913704 8.524359
v 7.867444 2.913704 8.501102
v 7.867444 2.741144 7.581498
v 7.867444 2.856974 7.697238
v 7.867444 2.913704 7.522908
v 7.867444 2.859175 7.865619
v 7.867444 2.275283 7.454401
v 7.867444 2.579592 7.586546
v 7.867444 2.399073 7.647841
v 7.867444 2.466979 7.709136
v 7.867444 2.469180 7.877697
v 7.867444 2.442424 7.892480
v 7.867444 2.408894 8.526342
v 7.867444 2.585010 7.993256
v 7.867444 2.913704 8.501102
v 7.867444 2.746563 7.988389
v 7.867444 2.913704 7.522908
v 7.867444 2.913704 8.501102
v 7.402566 2.913704 7.591413
v 7.402566 2.913704 8.524359
v 6.712383 2.913704 8.524359
v 6.712383 2.913704 7.732573
v 7.878267 2.214659 7.421951
v 7.867444 2.275283 7.454401
v 7.890565 2.211102 7.455844
v 7.867444 2.399073 7.647841
v 7.885154 2.351995 7.670015
v 7.895977 2.397887 7.930699
v 7.867444 2.442424 7.892480
v 7.867444 2.408894 8.526342
v 7.896468 2.379767 8.521475
v 7.884662 2.364357 8.588178
v 7.867444 2.741144 7.581498
v 7.867444 2.856974 7.697238
v 7.602292 2.663077 7.787377
v 7.867444 2.859175 7.865619
v 7.867444 2.746563 7.988389
v 7.867444 2.585010 7.993256
v 7.867444 2.469180 7.877697
v 7.867444 2.466979 7.709136
v 7.867444 2.579592 7.586546
v 4.959130 1.055002 7.151171
v 4.959130 1.063639 8.734564
v 4.983727 1.340344 7.151171
v 5.089492 1.350166 8.815870
v 5.171154 2.080201 7.151171
v 5.285282 2.026011 8.815870
v 5.568144 2.348269 8.815870
v 5.473201 2.451230 7.151171
v 5.801321 2.454617 8.815870
v 5.763934 2.587212 7.151171
v 6.337037 2.525571 8.815870
v 6.323755 2.660029 7.151171
v 7.210220 2.631580 7.151172
v 7.247116 2.503726 8.815870
v 7.531453 2.505589 7.151172
v 7.538340 2.435820 8.815870
v 7.745444 2.297637 7.151172
v 7.824646 2.162332 8.815870
v 7.896468 2.132527 8.734565
v 7.826121 2.128972 7.151172
v 7.975669 2.122028 8.526523
v 7.988460 2.113392 7.930339
v 7.905323 2.118811 7.353986
v 7.752824 2.257671 8.815870
v 4.880420 1.031294 8.526522
v 4.959130 1.063639 8.734564
v 4.845001 1.016900 7.930338
v 4.880420 1.032311 7.353985
v 4.959130 1.055002 7.151171
v 3.962963 4.124840 7.802340
v 2.726732 4.123655 7.899691
v 4.134648 4.004269 7.787197
v 2.581612 4.003760 7.912310
v 2.581612 2.486961 7.912310
v 4.134648 2.486961 7.789720
v 2.521104 2.368422 8.010562
v 4.209422 2.368422 7.877336
v 3.776520 4.954448 7.797653
v 3.848342 5.054699 7.776200
v 2.581612 5.053852 7.869764
v 2.727225 4.953940 7.862373
v 4.023471 4.089109 7.889415
v 2.692297 4.088770 7.995238
v 4.021995 4.088940 7.843804
v 2.690821 4.088093 7.949628
v 3.899503 5.162909 7.862554
v 3.848342 5.054699 7.776200
v 4.209914 4.018324 7.874632
v 4.134648 4.004269 7.787197
v 4.209422 2.368422 7.877336
v 4.134648 2.486961 7.789720
v 3.822762 4.993397 7.884007
v 4.023471 4.089109 7.889415
v 3.820302 4.992042 7.838576
v 4.021995 4.088940 7.843804
v 2.692789 4.991026 7.954495
v 3.822762 4.993397 7.884007
v 2.690821 4.990518 7.909065
v 3.820302 4.992042 7.838576
v 2.521596 5.160199 7.964411
v 2.581612 5.053852 7.869764
v 3.899503 5.162909 7.862554
v 3.848342 5.054699 7.776200
v 2.581612 5.053852 7.869764
v 2.521596 5.160199 7.964411
v 2.581612 4.003760 7.912310
v 2.521104 4.018155 8.010562
v 2.581612 2.486961 7.912310
v 2.521104 2.368422 8.010562
v 2.692297 4.088770 7.995238
v 2.692789 4.991026 7.954495
v 2.690821 4.088093 7.949628
v 2.690821 4.990518 7.909065
v 2.690821 4.088093 7.949628
v 2.728209 4.124332 7.941154
v 4.021995 4.088940 7.843804
v 3.964439 4.125010 7.843804
v 4.021995 4.088940 7.843804
v 3.964439 4.125010 7.843804
v 3.820302 4.992042 7.838576
v 3.778980 4.955803 7.839117
v 3.820302 4.992042 7.838576
v 3.778980 4.955803 7.839117
v 2.690821 4.990518 7.909065
v 2.728700 4.954279 7.903837
v 2.690821 4.990518 7.909065
v 2.728700 4.954279 7.903837
v 2.690821 4.088093 7.949628
v 2.728209 4.124332 7.941154
v 2.728209 4.124332 7.941154
v 2.726732 4.123655 7.899691
v 3.964439 4.125010 7.843804
v 3.962963 4.124840 7.802340
v 3.964439 4.125010 7.843804
v 3.962963 4.124840 7.802340
v 3.778980 4.955803 7.839117
v 3.776520 4.954448 7.797653
v 3.778980 4.955803 7.839117
v 3.776520 4.954448 7.797653
v 2.728700 4.954279 7.903837
v 2.727225 4.953940 7.862373
v 2.728700 4.954279 7.903837
v 2.727225 4.953940 7.862373
v 2.728209 4.124332 7.941154
v 2.726732 4.123655 7.899691
v 2.081315 1.109022 8.494791
v 2.159533 1.109022 8.573214
v 2.081315 1.109023 7.861470
v 2.159533 1.109023 7.783049
v 4.742187 1.109023 7.783050
v 4.742187 1.109022 8.573214
v 4.820896 1.109022 8.494792
v 4.820896 1.109023 7.861471
v 2.081315 1.222313 7.861470
v 2.081315 1.222312 8.494791
v 2.159533 1.222313 7.783049
v 2.159533 1.222312 8.573214
v 4.742187 1.222312 8.573214
v 4.742187 1.222313 7.783050
v 4.820896 1.222313 7.861471
v 4.820896 1.222312 8.494792
v 2.081315 1.109022 8.494791
v 2.081315 1.222312 8.494791
v 2.081315 1.109023 7.861470
v 2.081315 1.222313 7.861470
v 2.159533 1.109023 7.783049
v 2.159533 1.222313 7.783049
v 4.742187 1.109023 7.783050
v 4.742187 1.222313 7.783050
v 4.820896 1.109023 7.861471
v 4.820896 1.222313 7.861471
v 4.820896 1.109023 7.861471
v 4.820896 1.222313 7.861471
v 4.820896 1.109022 8.494792
v 4.820896 1.222312 8.494792
v 4.742187 1.109022 8.573214
v 4.742187 1.222312 8.573214
v 2.159533 1.109022 8.573214
v 2.159533 1.222312 8.573214
v 2.081315 1.109022 8.494791
v 2.081315 1.222312 8.494791
v 2.159533 1.222313 7.783049
v 2.159533 1.109023 7.783049
v 2.159533 1.109023 7.783049
v 2.081315 1.222313 7.861470
v 2.081315 1.222313 7.861470
v 2.081315 1.109023 7.861470
v 4.742187 1.222312 8.573214
v 4.742187 1.109022 8.573214
v 4.820896 1.222312 8.494792
v 4.820896 1.109022 8.494792
v 2.522580 1.261939 7.157119
v 2.522580 1.946929 7.157120
v 4.149898 1.261939 7.157120
v 4.149898 1.946929 7.157120
v 4.149898 1.946928 7.959904
v 2.522580 1.946928 7.959903
v 4.149898 1.261939 7.959904
v 2.522580 1.261939 7.959903
v 4.149898 1.261939 7.959904
v 2.522580 1.261939 7.959903
v 4.149898 1.261939 7.157120
v 2.522580 1.261939 7.157119
v 2.522580 1.261939 7.959903
v 2.522580 1.946928 7.959903
v 2.522580 1.261939 7.157119
v 2.522580 1.946929 7.157120
v 2.522580 1.946928 7.959903
v 4.149898 1.946928 7.959904
v 2.522580 1.946929 7.157120
v 4.149898 1.946929 7.157120
v 4.149898 1.946928 7.959904
v 4.149898 1.261939 7.959904
v 4.149898 1.946929 7.157120
v 4.149898 1.261939 7.157120
v 4.260091 2.148107 7.098349
v 4.396357 2.148107 7.098349
v 4.260091 1.693762 7.098349
v 4.396357 1.693762 7.098349
v 4.260091 1.294622 7.231395
v 4.396357 1.294622 7.231395
v 4.260091 1.161688 8.349667
v 4.260091 1.161688 7.630533
v 4.396357 1.161688 8.349667
v 4.396357 1.161688 7.630533
v 4.396357 1.294622 7.231395
v 4.260091 1.294622 7.231395
v 4.396357 2.148107 7.213548
v 4.396357 1.809084 7.213548
v 4.396357 2.148107 7.098349
v 4.396357 1.693762 7.098349
v 4.396357 1.294622 7.231395
v 4.396357 1.409944 7.346593
v 4.396357 1.161688 7.630533
v 4.396357 1.276841 7.745732
v 4.396357 1.161688 8.349667
v 4.396357 1.276841 8.349667
v 4.396357 1.276841 8.349667
v 4.260091 1.276841 8.349667
v 4.396357 1.161688 8.349667
v 4.260091 1.161688 8.349667
v 4.260091 1.276841 8.349667
v 4.260091 1.276841 7.745732
v 4.260091 1.161688 8.349667
v 4.260091 1.161688 7.630533
v 4.260091 1.294622 7.231395
v 4.260091 1.409944 7.346593
v 4.260091 1.693762 7.098349
v 4.260091 1.809084 7.213548
v 4.260091 2.148107 7.098349
v 4.260091 2.148107 7.213548
v 4.260091 2.148107 7.213548
v 4.396357 2.148107 7.213548
v 4.260091 2.148107 7.098349
v 4.396357 2.148107 7.098349
v 4.260091 1.276841 8.349667
v 4.396357 1.276841 8.349667
v 4.260091 1.276841 7.745732
v 4.396357 1.276841 7.745732
v 4.260091 1.409944 7.346593
v 4.396357 1.409944 7.346593
v 4.260091 2.148107 7.213548
v 4.260091 1.809084 7.213548
v 4.396357 2.148107 7.213548
v 4.396357 1.809084 7.213548
v 4.396357 1.409944 7.346593
v 4.260091 1.409944 7.346593
v 2.281041 2.148107 7.098349
v 2.417306 2.148107 7.098349
v 2.281041 1.693762 7.098349
v 2.417306 1.693762 7.098349
v 2.281041 1.294622 7.231394
v 2.417306 1.294622 7.231394
v 2.281040 1.161688 8.349667
v 2.281040 1.161688 7.630533
v 2.417306 1.161688 8.349667
v 2.417306 1.161688 7.630533
v 2.417306 1.294622 7.231394
v 2.281041 1.294622 7.231394
v 2.417306 2.148107 7.213547
v 2.417306 1.809084 7.213547
v 2.417306 2.148107 7.098349
v 2.417306 1.693762 7.098349
v 2.417306 1.294622 7.231394
v 2.417306 1.409944 7.346593
v 2.417306 1.161688 7.630533
v 2.417306 1.276841 7.745731
v 2.417306 1.161688 8.349667
v 2.417306 1.276841 8.349667
v 2.417306 1.276841 8.349667
v 2.281040 1.276841 8.349667
v 2.417306 1.161688 8.349667
v 2.281040 1.161688 8.349667
v 2.281040 1.276841 8.349667
v 2.281040 1.276841 7.745731
v 2.281040 1.161688 8.349667
v 2.281040 1.161688 7.630533
v 2.281041 1.294622 7.231394
v 2.281040 1.409944 7.346593
v 2.281041 1.693762 7.098349
v 2.281041 1.809084 7.213547
v 2.281041 2.148107 7.098349
v 2.281041 2.148107 7.213547
v 2.281041 2.148107 7.213547
v 2.417306 2.148107 7.213547
v 2.281041 2.148107 7.098349
v 2.417306 2.148107 7.098349
v 2.281040 1.276841 8.349667
v 2.417306 1.276841 8.349667
v 2.281040 1.276841 7.745731
v 2.417306 1.276841 7.745731
v 2.281040 1.409944 7.346593
v 2.417306 1.409944 7.346593
v 2.281041 2.148107 7.213547
v 2.281041 1.809084 7.213547
v 2.417306 2.148107 7.213547
v 2.417306 1.809084 7.213547
v 2.417306 1.409944 7.346593
v 2.281040 1.409944 7.346593
v 5.189355 1.839735 7.011274
v 4.996517 1.839735 7.011274
v 5.189355 1.839735 7.246539
v 4.996517 1.839735 7.246539
v 5.189355 1.839735 7.011274
v 5.204606 1.236876 6.911399
v 4.996517 1.839735 7.011274
v 4.889768 1.236876 6.911399
v 5.100807 1.150173 6.911399
v 4.993566 1.150173 6.911399
v 4.889767 1.236876 7.246538
v 4.993565 1.150173 7.246538
v 4.889768 1.236876 6.911399
v 4.993566 1.150173 6.911399
v 5.100807 1.150173 6.911399
v 5.100807 1.150173 7.246538
v 5.204605 1.236876 7.246539
v 5.204606 1.236876 6.911399
v 4.996517 1.839735 7.246539
v 4.889767 1.236876 7.246538
v 4.889767 1.236876 7.246538
v 4.889767 1.236876 7.246538
v 5.189355 1.839735 7.246539
v 5.189355 1.839735 7.246539
v 5.204605 1.236876 7.246539
v 5.204605 1.236876 7.246539
v 5.204605 1.236876 7.246539
v 4.993565 1.150173 7.246538
v 4.993565 1.150173 7.246538
v 5.100807 1.150173 7.246538
v 5.189355 1.839735 7.246539
v 5.189355 1.839735 7.011274
v 5.204605 1.236876 7.246539
v 5.204606 1.236876 6.911399
v 4.996517 1.839735 7.011274
v 4.996517 1.839735 7.246539
v 4.889768 1.236876 6.911399
v 4.889767 1.236876 7.246538
v 7.934839 1.848710 7.011275
v 8.127677 1.848710 7.011275
v 7.934839 1.848710 7.246539
v 8.127677 1.848710 7.246539
v 7.934839 1.848710 7.011275
v 7.919590 1.252625 6.911400
v 8.127677 1.848710 7.011275
v 8.234427 1.252625 6.911400
v 8.023388 1.171341 6.911400
v 8.130629 1.171341 6.911400
v 8.234427 1.252625 7.246539
v 8.130629 1.171341 7.246539
v 8.234427 1.252625 6.911400
v 8.130629 1.171341 6.911400
v 8.023388 1.171341 6.911400
v 8.023387 1.171341 7.246539
v 7.919590 1.252625 7.246539
v 7.919590 1.252625 6.911400
v 8.127677 1.848710 7.246539
v 8.234427 1.252625 7.246539
v 8.234427 1.252625 7.246539
v 8.234427 1.252625 7.246539
v 7.934839 1.848710 7.246539
v 7.934839 1.848710 7.246539
v 7.919590 1.252625 7.246539
v 7.919590 1.252625 7.246539
v 7.919590 1.252625 7.246539
v 8.130629 1.171341 7.246539
v 8.130629 1.171341 7.246539
v 8.023387 1.171341 7.246539
v 7.934839 1.848710 7.246539
v 7.934839 1.848710 7.011275
v 7.919590 1.252625 7.246539
v 7.919590 1.252625 6.911400
v 8.127677 1.848710 7.011275
v 8.127677 1.848710 7.246539
v 8.234427 1.252625 6.911400
v 8.234427 1.252625 7.246539
v 5.205589 1.383188 7.176229
v 5.205589 1.383188 6.921134
v 5.894788 0.984556 7.176410
v 5.894789 0.984556 6.921315
v 6.514625 0.893450 7.176410
v 6.514626 0.893450 6.921315
v 7.134462 0.984556 7.176411
v 7.134463 0.984556 6.921315
v 7.943202 1.361681 6.921315
v 7.943202 1.361681 7.176411
v 7.943202 1.361681 7.176411
v 7.134462 0.984556 7.176411
v 7.943202 1.484116 7.176411
v 7.134462 1.259399 7.176411
v 6.514625 0.893450 7.176410
v 6.514625 1.244158 7.176410
v 5.894788 1.291404 7.176410
v 5.894788 1.291404 7.176410
v 5.894788 0.984556 7.176410
v 5.894788 0.984556 7.176410
v 5.894788 0.984556 7.176410
v 5.205589 1.474463 7.176229
v 5.205589 1.474463 7.176229
v 5.205589 1.383188 7.176229
v 5.205589 1.383188 6.921134
v 5.894789 0.984556 6.921315
v 5.894789 0.984556 6.921315
v 5.894789 0.984556 6.921315
v 5.205589 1.474463 6.921134
v 5.205589 1.474463 6.921134
v 5.894789 1.291404 6.921315
v 5.894789 1.291404 6.921315
v 6.514626 0.893450 6.921315
v 6.514626 1.244158 6.921315
v 7.134463 1.259399 6.921315
v 7.134463 0.984556 6.921315
v 7.943202 1.484116 6.921315
v 7.943202 1.361681 6.921315
v 5.205589 1.474463 6.921134
v 5.894789 1.291404 6.921315
v 5.205589 1.474463 7.176229
v 5.894788 1.291404 7.176410
v 6.514626 1.244158 6.921315
v 6.514625 1.244158 7.176410
v 7.134463 1.259399 6.921315
v 7.134462 1.259399 7.176411
v 7.943202 1.484116 7.176411
v 7.943202 1.484116 6.921315
v -4.562254 1.440934 7.167394
v -5.087148 1.419427 7.165951
v -4.562254 1.440934 7.395447
v -5.087148 1.419427 7.396348
v -5.557437 1.383865 7.168836
v -5.557437 1.383865 7.394365
v -4.562254 1.949469 7.167394
v -4.562254 1.440934 7.167394
v -5.075834 1.865475 7.165952
v -5.087148 1.419427 7.165951
v -5.548091 1.630597 7.168836
v -5.557437 1.383865 7.168836
v -4.562254 1.949469 7.395447
v -5.075834 1.865475 7.396348
v -4.562254 1.440934 7.395447
v -5.087148 1.419427 7.396348
v -5.548091 1.630597 7.394365
v -5.557437 1.383865 7.394365
v -4.562254 1.949469 7.395447
v -5.075834 1.865475 7.396348
v -4.562254 1.949469 7.167394
v -5.075834 1.865475 7.165952
v -5.548091 1.630597 7.394365
v -5.548091 1.630597 7.168836
v -6.125621 1.486317 7.394365
v -6.125621 1.486317 7.168836
v -6.126113 1.372689 7.394365
v -6.126113 1.372689 7.168836
v -5.548091 1.630597 7.168836
v -5.557437 1.383865 7.168836
v -6.125621 1.486317 7.168836
v -6.126113 1.372689 7.168836
v -5.557437 1.383865 7.168836
v -5.557437 1.383865 7.394365
v -6.126113 1.372689 7.168836
v -6.126113 1.372689 7.394365
v -5.548091 1.630597 7.394365
v -6.125621 1.486317 7.394365
v -6.125621 1.486317 7.394365
v -5.557437 1.383865 7.394365
v -5.557437 1.383865 7.394365
v -6.126113 1.372689 7.394365
v -5.548091 1.630597 7.394365
v -5.548091 1.630597 7.168836
v -6.125621 1.486317 7.394365
v -6.125621 1.486317 7.168836
v -4.562254 1.440934 7.167394
v -4.037853 1.419427 7.168836
v -4.562254 1.440934 7.395447
v -4.037853 1.419427 7.394365
v -3.563628 1.386067 7.395447
v -3.563628 1.386067 7.166673
v -3.563628 1.386067 7.395447
v -3.574451 1.632799 7.395447
v -4.037853 1.419427 7.394365
v -4.049168 1.865475 7.394365
v -4.562254 1.440934 7.395447
v -4.562254 1.949469 7.395447
v -4.562254 1.949469 7.395447
v -4.049168 1.865475 7.394365
v -4.562254 1.949469 7.167394
v -4.049168 1.865475 7.168836
v -3.574451 1.632799 7.166673
v -3.574451 1.632799 7.395447
v -3.563628 1.386067 7.166673
v -4.037853 1.419427 7.168836
v -3.574451 1.632799 7.166673
v -4.049168 1.865475 7.168836
v -4.562254 1.440934 7.167394
v -4.562254 1.949469 7.167394
v -2.995445 1.378446 7.166673
v -2.995445 1.378446 7.395447
v -2.995937 1.491906 7.166673
v -2.995937 1.491906 7.395447
v -2.995445 1.378446 7.166673
v -2.995937 1.491906 7.166673
v -2.995937 1.491906 7.166673
v -3.563628 1.386067 7.166673
v -3.563628 1.386067 7.166673
v -3.574451 1.632799 7.166673
v -3.563628 1.386067 7.166673
v -3.563628 1.386067 7.395447
v -2.995445 1.378446 7.166673
v -2.995445 1.378446 7.395447
v -3.574451 1.632799 7.395447
v -2.995937 1.491906 7.395447
v -3.563628 1.386067 7.395447
v -2.995445 1.378446 7.395447
v -3.574451 1.632799 7.395447
v -3.574451 1.632799 7.166673
v -2.995937 1.491906 7.395447
v -2.995937 1.491906 7.166673
v 7.918606 3.491669 6.909598
v 7.918606 2.107296 6.909597
v 7.736590 3.491669 6.909598
v 7.736590 2.107296 6.909597
v 8.149323 2.100183 6.606548
v 8.162113 2.100183 6.630165
v 8.162113 3.483372 6.630165
v 8.149323 3.483372 6.653601
v 8.149323 2.100183 6.653601
v 8.123742 3.483372 6.653601
v 8.123742 2.100183 6.653601
v 8.110952 3.483372 6.630165
v 8.110952 2.100183 6.630165
v 8.123742 3.483372 6.606548
v 8.123742 2.100183 6.606548
v 8.149323 3.483372 6.606548
v 8.149323 2.100183 6.606548
v 8.149323 3.483372 6.606548
v 8.149323 3.483372 6.431497
v 8.123742 3.483372 6.431497
v 8.149323 2.100183 6.431497
v 8.123742 2.100183 6.431497
v 8.110952 3.483372 6.407881
v 8.110952 2.100183 6.407880
v 8.123742 3.483372 6.384264
v 8.123742 2.100183 6.384264
v 8.149323 3.483372 6.384264
v 8.149323 2.100183 6.384264
v 8.162113 3.483372 6.407881
v 8.162113 2.100183 6.407880
v 8.149323 3.483372 6.431497
v 8.149323 2.100183 6.431497
v 8.149323 3.483372 6.220931
v 8.149323 2.100184 6.220931
v 8.123742 3.483372 6.220931
v 8.123742 2.100184 6.220931
v 8.110952 3.483372 6.197314
v 8.110952 2.100184 6.197314
v 8.123742 3.483372 6.173698
v 8.123742 2.100184 6.173697
v 8.149323 3.483372 6.173698
v 8.149323 2.100184 6.173697
v 8.162113 3.483372 6.197314
v 8.162113 2.100184 6.197314
v 8.149323 3.483372 6.220931
v 8.149323 2.100184 6.220931
v 8.149323 3.483372 6.868134
v 8.149323 2.100183 6.868133
v 8.123742 3.483372 6.868134
v 8.123742 2.100183 6.868133
v 8.110952 3.483372 6.844517
v 8.110952 2.100183 6.844517
v 8.123742 3.483372 6.821081
v 8.123742 2.100183 6.821080
v 8.149323 3.483372 6.821081
v 8.149323 2.100183 6.821080
v 8.162113 3.483372 6.844517
v 8.162113 2.100183 6.844517
v 8.149323 3.483372 6.868134
v 8.149323 2.100183 6.868133
v 8.049460 2.099845 5.981880
v 8.049459 2.754692 7.071849
v 8.100621 2.099676 5.981880
v 8.117347 2.099676 5.981880
v 8.117346 2.754692 7.052739
v 8.049459 2.788560 7.071849
v 8.049460 2.133713 5.981880
v 8.117346 2.788560 7.052739
v 8.117347 2.133713 5.981880
v 6.719270 1.241110 8.006777
v 6.719270 1.038576 8.006777
v 6.719270 1.038576 8.006777
v 6.502327 1.241110 8.006777
v 6.502327 1.038576 8.006777
v 6.719270 0.594391 7.748617
v 6.502327 1.038576 8.006777
v 6.502327 0.594391 7.748616
v 1.374898 1.969790 7.394907
v 1.374898 1.684448 7.318469
v 1.374898 2.178758 7.603851
v 1.374898 2.178758 8.174616
v 1.374898 2.255131 7.889234
v 1.374898 1.969790 8.383559
v 1.374898 1.684448 8.460178
v 1.374898 1.189968 8.174616
v 1.374898 1.189968 7.603851
v 1.374898 1.398937 7.394907
v 1.374898 1.398937 8.383559
v 1.374898 1.113595 7.889233
v -0.410331 1.398937 7.394907
v 1.374898 1.398937 7.394907
v -0.410331 1.684448 7.318469
v 1.374898 1.684448 7.318469
v -0.410331 1.969790 7.394907
v 1.374898 1.969790 7.394907
v -0.410331 2.178758 7.603851
v 1.374898 2.178758 7.603851
v -0.410331 2.255131 7.889233
v 1.374898 2.255131 7.889234
v -0.410331 2.178758 8.174615
v 1.374898 2.178758 8.174616
v -0.410331 1.969790 8.383558
v 1.374898 1.969790 8.383559
v -0.410331 1.684448 8.460177
v 1.374898 1.684448 8.460178
v -0.410331 1.398937 8.383558
v 1.374898 1.398937 8.383559
v -0.410331 1.189968 8.174615
v 1.374898 1.189968 8.174616
v -0.410331 1.113595 7.889233
v 1.374898 1.113595 7.889233
v -0.410331 1.189968 7.603851
v 1.374898 1.189968 7.603851
v -0.410331 1.398937 7.394907
v 1.374898 1.398937 7.394907
v -0.410331 1.113595 7.889233
v -0.410331 1.189968 7.603851
v -0.410331 1.189968 8.174615
v -0.410331 1.684448 8.460177
v -0.410331 1.398937 8.383558
v -0.410331 1.969790 8.383558
v -0.410331 2.178758 8.174615
v -0.410331 2.178758 7.603851
v -0.410331 1.684448 7.318469
v -0.410331 1.398937 7.394907
v -0.410331 2.255131 7.889233
v -0.410331 1.969790 7.394907
v 0.393489 2.070040 8.188677
v 0.393489 2.294080 8.376708
v 0.365449 2.026519 8.240417
v 0.365449 2.250728 8.428449
v 0.393489 1.983168 8.292157
v 0.393489 2.207207 8.480369
v 0.393489 2.294080 8.376708
v 0.393489 2.070040 8.188677
v 0.460884 2.312200 8.355255
v 0.460884 2.087991 8.167224
v 0.528771 2.294080 8.376708
v 0.528771 2.070040 8.188677
v 0.528771 2.294080 8.376708
v 0.528771 2.070040 8.188677
v 0.556811 2.250728 8.428449
v 0.556811 2.026519 8.240417
v 0.528771 2.207207 8.480369
v 0.528771 1.983168 8.292157
v 0.528771 2.207207 8.480369
v 0.528771 1.983168 8.292157
v 0.460884 2.189257 8.501822
v 0.460884 1.965048 8.313610
v 0.393489 2.207207 8.480369
v 0.393489 1.983168 8.292157
v 0.528771 2.207207 8.480369
v 0.460884 2.189257 8.501822
v 0.556811 2.250728 8.428449
v 0.460884 2.312200 8.355255
v 0.528771 2.294080 8.376708
v 0.393489 2.294080 8.376708
v 0.365449 2.250728 8.428449
v 0.393489 2.207207 8.480369
v 0.900182 1.648886 7.129897
v 1.100399 1.648886 7.129897
v 0.900182 1.648886 7.229952
v 1.100399 1.648886 7.229952
v 0.900182 2.206700 7.129897
v 1.100399 2.206700 7.129897
v 1.100399 2.206700 7.129897
v 0.900182 1.648886 7.129897
v 0.900182 1.648886 7.129897
v 1.100399 1.648886 7.129897
v 1.100399 2.078846 7.229952
v 0.900182 2.078846 7.229952
v 1.100399 1.648886 7.229952
v 0.900182 1.648886 7.229952
v 0.900182 1.648886 7.129897
v 0.900182 1.648886 7.229952
v 0.900182 2.206700 7.129897
v 0.900182 2.078846 7.229952
v 0.900182 2.332860 7.834429
v 0.900182 2.201111 7.834428
v 0.900181 2.136422 8.220767
v 0.900181 2.267663 8.220767
v 1.100399 2.136422 8.220767
v 1.100399 2.267663 8.220767
v 1.100399 2.201111 7.834428
v 1.100399 2.332860 7.834429
v 1.100399 2.206700 7.129897
v 1.100399 2.078846 7.229952
v 1.100399 1.648886 7.129897
v 1.100399 1.648886 7.229952
v 1.100399 2.267663 8.220767
v 1.100399 2.332860 7.834429
v 0.900181 2.267663 8.220767
v 0.900182 2.332860 7.834429
v 0.900182 2.206700 7.129897
v 1.100399 2.206700 7.129897
v 0.900182 2.078846 7.229952
v 1.100399 2.078846 7.229952
v 0.900182 2.201111 7.834428
v 1.100399 2.201111 7.834428
v 0.900181 2.136422 8.220767
v 1.100399 2.136422 8.220767
v -0.150098 1.648886 7.129897
v 0.050611 1.648886 7.129897
v -0.150098 1.648886 7.229952
v 0.050611 1.648886 7.229952
v -0.150098 2.206700 7.129897
v 0.050611 2.206700 7.129897
v -0.150098 1.648886 7.129897
v 0.050611 1.648886 7.129897
v 0.050611 2.078846 7.229952
v -0.150098 2.078846 7.229952
v 0.050611 1.648886 7.229952
v -0.150098 1.648886 7.229952
v -0.150098 1.648886 7.129897
v -0.150098 1.648886 7.229952
v -0.150098 2.206700 7.129897
v -0.150098 2.078846 7.229952
v -0.150098 2.332860 7.834428
v -0.150098 2.201111 7.834428
v -0.150098 2.136422 8.220766
v -0.150098 2.267663 8.220766
v 0.050611 2.136422 8.220767
v 0.050611 2.267663 8.220767
v 0.050611 2.201111 7.834428
v 0.050611 2.332860 7.834428
v 0.050611 2.206700 7.129897
v 0.050611 2.078846 7.229952
v 0.050611 1.648886 7.129897
v 0.050611 1.648886 7.229952
v 0.050611 2.267663 8.220767
v 0.050611 2.332860 7.834428
v -0.150098 2.267663 8.220766
v -0.150098 2.332860 7.834428
v -0.150098 2.206700 7.129897
v 0.050611 2.206700 7.129897
v -0.150098 2.078846 7.229952
v 0.050611 2.078846 7.229952
v -0.150098 2.201111 7.834428
v 0.050611 2.201111 7.834428
v -0.150098 2.136422 8.220766
v 0.050611 2.136422 8.220767
v 0.900181 2.136422 8.220767
v 1.100399 2.136422 8.220767
v 0.900181 2.267663 8.220767
v 1.100399 2.267663 8.220767
v -0.150098 2.136422 8.220766
v 0.050611 2.136422 8.220767
v -0.150098 2.267663 8.220766
v 0.050611 2.267663 8.220767
v -7.323480 2.218046 6.805933
v -7.498117 2.218046 6.805933
v -7.323480 2.288153 6.805933
v -7.498117 2.288153 6.805933
v -7.498117 2.218046 6.805933
v -7.498117 2.218046 7.068059
v -7.498117 2.288153 6.805933
v -7.498117 2.288153 7.138008
v -7.498117 2.218046 7.068059
v -7.498117 1.628565 7.068059
v -7.498117 2.288153 7.138008
v -7.498117 1.558457 7.138007
v -7.498117 1.628565 7.068059
v -7.498117 1.628565 6.805933
v -7.498117 1.558457 7.138007
v -7.498117 1.558457 6.805933
v -7.498117 1.628565 6.805933
v -7.323480 1.628565 6.805933
v -7.498117 1.558457 6.805933
v -7.323480 1.558457 6.805933
v -7.323480 2.218046 6.805933
v -7.323481 2.218046 7.068059
v -7.498117 2.218046 6.805933
v -7.498117 2.218046 7.068059
v -7.323481 2.218046 7.068059
v -7.323481 1.628565 7.068059
v -7.323481 1.628565 7.068059
v -7.498117 2.218046 7.068059
v -7.498117 2.218046 7.068059
v -7.498117 1.628565 7.068059
v -7.323481 1.628565 7.068059
v -7.323480 1.628565 6.805933
v -7.498117 1.628565 7.068059
v -7.498117 1.628565 6.805933
v 5.222807 4.001051 6.757622
v 5.222807 4.001051 6.670547
v 4.835163 4.029500 6.757622
v 4.835163 4.029500 6.670547
v 4.835163 4.029500 6.757622
v 4.835163 4.029500 6.670547
v 4.788429 3.978867 6.768078
v 4.788429 3.978868 6.660090
v 4.835163 4.029500 6.670547
v 5.222807 4.001051 6.670547
v 4.788429 3.978868 6.660090
v 5.269541 3.943475 6.660091
v 5.222807 4.001051 6.670547
v 5.222807 4.001051 6.757622
v 5.269541 3.943475 6.660091
v 5.269541 3.943475 6.768078
v 5.222807 4.001051 6.757622
v 4.835163 4.029500 6.757622
v 5.269541 3.943475 6.768078
v 4.788429 3.978867 6.768078
v 4.299938 3.553987 7.916096
v 4.296494 3.636288 7.904378
v 4.227132 4.051345 8.384823
v 4.255172 3.990890 8.238616
v 3.989035 4.493498 8.748806
v 4.008221 4.497732 8.779093
v 4.019536 4.311794 8.756198
v 4.038721 4.315012 8.786665
v 4.074140 4.203584 8.693280
v 4.090374 4.198843 8.724468
v 4.213357 4.136694 8.420698
v 4.242874 4.119590 8.430794
v 4.297478 3.798856 7.853179
v 4.325519 3.786664 7.875894
v 4.299446 3.181603 7.854621
v 4.326994 3.181603 7.876795
v 4.321091 3.765157 7.911229
v 4.322075 3.181603 7.913392
v 3.991987 4.495869 8.812264
v 4.023471 4.310947 8.819836
v 3.957059 4.489773 8.814969
v 3.988543 4.303665 8.822540
v 3.938366 4.485539 8.784682
v 4.082995 4.170393 8.743758
v 4.241398 4.085553 8.439808
v 4.210406 4.068449 8.438545
v 4.288132 3.755674 7.923848
v 4.289115 3.181603 7.927634
v 4.260091 3.767697 7.901313
v 4.261075 3.181603 7.905459
v 4.059874 4.146516 8.731860
v 4.043640 4.151258 8.700491
v 4.180890 4.085553 8.428450
v 3.969358 4.300617 8.792073
v 3.954108 4.487571 8.751511
v 3.985100 4.304681 8.758902
v 3.989035 4.493498 8.748806
v 4.019536 4.311794 8.756198
v 4.051019 4.179707 8.681202
v 4.182858 4.119590 8.419436
v 4.264519 3.789373 7.865979
v 4.266487 3.181603 7.868863
v 4.297478 3.798856 7.853179
v 4.299446 3.181603 7.854621
v 4.213357 4.136694 8.420698
v 4.074140 4.203584 8.693280
v 4.299938 3.553987 7.916096
v 4.284196 3.554326 7.911950
v 4.227132 4.051345 8.384823
v 4.211390 4.051684 8.380676
v 4.255172 3.990890 8.238616
v 4.239430 3.991229 8.234650
v 4.296494 3.636288 7.904378
v 4.280753 3.636626 7.900412
v 4.280753 3.636626 7.900412
v 4.239430 3.991229 8.234650
v 4.284196 3.554326 7.911950
v 4.211390 4.051684 8.380676
v 4.008221 4.497732 8.779093
v 3.991987 4.495869 8.812264
v 3.989035 4.493498 8.748806
v 3.938366 4.485539 8.784682
v 3.954108 4.487571 8.751511
v 3.957059 4.489773 8.814969
v 4.266487 3.181603 7.868863
v 4.261075 3.181603 7.905459
v 4.299446 3.181603 7.854621
v 4.322075 3.181603 7.913392
v 4.326994 3.181603 7.876795
v 4.289115 3.181603 7.927634
v 4.026915 4.291811 8.734023
v 4.005269 4.452178 8.727533
v 3.894584 4.288594 8.694362
v 3.915245 4.452518 8.700491
v 3.862116 4.288594 8.801989
v 3.882777 4.452518 8.808119
v 3.994938 4.291811 8.841650
v 3.972802 4.452178 8.835160
v 3.994938 4.291811 8.841650
v 3.972802 4.452178 8.835160
v 4.026915 4.291811 8.734023
v 4.005269 4.452178 8.727533
v 3.972802 4.452178 8.835160
v 3.882777 4.452518 8.808119
v 4.005269 4.452178 8.727533
v 3.915245 4.452518 8.700491
v 3.894584 4.288594 8.694362
v 3.862116 4.288594 8.801989
v 4.026915 4.291811 8.734023
v 3.994938 4.291811 8.841650
v 3.950172 4.626093 8.682103
v 3.953616 4.608143 8.663354
v 3.902455 4.626093 8.842371
v 3.895568 4.608143 8.859859
v 3.850802 4.145669 8.846518
v 3.908850 4.145669 8.650013
v 3.901963 4.127719 8.667500
v 3.854245 4.127719 8.827949
v 3.760286 4.097745 8.889244
v 3.811447 4.674356 8.928004
v 3.815383 4.669953 8.906010
v 3.837028 4.738706 8.865087
v 3.755367 4.093004 8.911238
v 3.769633 4.049991 8.840027
v 3.768157 4.028654 8.844534
v 3.837519 4.049991 8.610892
v 3.838504 4.028654 8.606385
v 3.856213 4.097745 8.564381
v 3.864084 4.093004 8.543468
v 3.911802 4.669953 8.581146
v 3.920656 4.674356 8.560414
v 3.901963 4.717707 8.630363
v 3.907374 4.738706 8.626938
v 3.834076 4.717707 8.859318
v 3.920656 4.674356 8.560414
v 3.907374 4.738706 8.626938
v 3.948205 4.671138 8.569789
v 3.935414 4.734811 8.635592
v 3.837028 4.738706 8.865087
v 3.865068 4.734811 8.873380
v 3.811447 4.674356 8.928004
v 3.839979 4.671138 8.935575
v 3.948205 4.671138 8.569789
v 3.920656 4.674356 8.560414
v 3.892124 4.090125 8.552843
v 3.864084 4.093004 8.543468
v 3.892124 4.090125 8.552843
v 3.864084 4.093004 8.543468
v 3.867036 4.026621 8.615039
v 3.838504 4.028654 8.606385
v 3.796689 4.026621 8.852827
v 3.768157 4.028654 8.844534
v 3.783899 4.090125 8.918629
v 3.755367 4.093004 8.911238
v 3.919181 4.706023 8.637754
v 3.927543 4.666058 8.596470
v 3.911802 4.669953 8.581146
v 3.856213 4.097745 8.564381
v 3.901963 4.717707 8.630363
v 3.852769 4.706023 8.862743
v 3.834076 4.717707 8.859318
v 3.837028 4.666058 8.901683
v 3.815383 4.669953 8.906010
v 3.781931 4.097914 8.885098
v 3.760286 4.097745 8.889244
v 3.790294 4.057950 8.843813
v 3.769633 4.049991 8.840027
v 3.856705 4.057950 8.619005
v 3.837519 4.049991 8.610892
v 3.872447 4.097914 8.580065
v 3.783899 4.090125 8.918629
v 3.839979 4.671138 8.935575
v 3.755367 4.093004 8.911238
v 3.811447 4.674356 8.928004
v 3.927543 4.666058 8.596470
v 3.872447 4.097914 8.580065
v 3.919181 4.706023 8.637754
v 3.781931 4.097914 8.885098
v 3.837028 4.666058 8.901683
v 3.852769 4.706023 8.862743
v 3.790294 4.057950 8.843813
v 3.856705 4.057950 8.619005
v 3.923608 4.638794 8.642081
v 3.919673 4.658776 8.662813
v 3.935414 4.734811 8.635592
v 3.865068 4.734811 8.873380
v 3.948205 4.671138 8.569789
v 3.873431 4.122638 8.627117
v 3.892124 4.090125 8.552843
v 3.865560 4.102487 8.646587
v 3.867036 4.026621 8.615039
v 3.812431 4.102487 8.825605
v 3.796689 4.026621 8.852827
v 3.808496 4.122638 8.846337
v 3.783899 4.090125 8.918629
v 3.858673 4.638794 8.861300
v 3.839979 4.671138 8.935575
v 3.866544 4.658776 8.841830
v 3.953616 4.608143 8.663354
v 3.919673 4.658776 8.662813
v 3.950172 4.626093 8.682103
v 3.866544 4.658776 8.841830
v 3.923608 4.638794 8.642081
v 3.908850 4.145669 8.650013
v 3.873431 4.122638 8.627117
v 3.901963 4.127719 8.667500
v 3.865560 4.102487 8.646587
v 3.854245 4.127719 8.827949
v 3.812431 4.102487 8.825605
v 3.850802 4.145669 8.846518
v 3.808496 4.122638 8.846337
v 3.895568 4.608143 8.859859
v 3.858673 4.638794 8.861300
v 3.902455 4.626093 8.842371
v 7.867937 2.782633 7.584924
v 7.907783 2.666464 7.572304
v 7.867937 2.666464 7.553735
v 7.907783 2.559609 7.600968
v 7.907783 2.773319 7.600969
v 7.867937 2.867643 7.670015
v 7.907783 2.851555 7.679210
v 7.867937 2.898802 7.786116
v 7.907783 2.880174 7.786116
v 7.867937 2.867643 7.902215
v 7.907783 2.851555 7.893021
v 7.867937 2.782633 7.987307
v 7.907783 2.773319 7.971082
v 7.867937 2.666464 8.018315
v 7.907783 2.666464 7.999746
v 7.867937 2.550295 7.987307
v 7.907783 2.559609 7.971082
v 7.867937 2.465285 7.902215
v 7.907783 2.481373 7.893021
v 7.867937 2.434126 7.786115
v 7.907783 2.452754 7.786115
v 7.867937 2.465285 7.670015
v 7.907783 2.481373 7.679210
v 7.867937 2.550295 7.584924
v 7.907783 2.666464 7.595921
v 7.907783 2.773319 7.600969
v 7.907783 2.761465 7.621521
v 7.907783 2.851555 7.679210
v 7.907783 2.666464 7.572304
v 7.907783 2.571463 7.621520
v 7.907783 2.559609 7.600968
v 7.907783 2.501863 7.691108
v 7.907783 2.481373 7.679210
v 7.907783 2.476293 7.786115
v 7.907783 2.452754 7.786115
v 7.907783 2.501863 7.881123
v 7.907783 2.481373 7.893021
v 7.907783 2.571463 7.950710
v 7.907783 2.559609 7.971082
v 7.907783 2.666464 7.976130
v 7.907783 2.666464 7.999746
v 7.907783 2.761465 7.950710
v 7.907783 2.773319 7.971082
v 7.907783 2.831065 7.881123
v 7.907783 2.851555 7.893021
v 7.907783 2.856466 7.786116
v 7.907783 2.880174 7.786116
v 7.907783 2.831065 7.691108
v 7.763155 2.666464 7.786115
v 7.865476 2.706767 8.288914
v 7.865476 2.640385 8.267281
v 7.892533 2.640385 8.274312
v 7.892533 2.578067 8.294683
v 7.892533 2.702534 8.294683
v 7.865476 2.747918 8.345342
v 7.892533 2.741144 8.347686
v 7.865476 2.747917 8.415290
v 7.892533 2.741144 8.413127
v 7.865476 2.706767 8.471718
v 7.892533 2.702534 8.465949
v 7.865476 2.640385 8.493351
v 7.892533 2.640385 8.486320
v 7.865476 2.573833 8.471718
v 7.892533 2.578067 8.465949
v 7.865476 2.532853 8.415290
v 7.892533 2.539627 8.413127
v 7.865476 2.532853 8.345342
v 7.892533 2.539627 8.347686
v 7.865476 2.573834 8.288914
v 7.892533 2.640385 8.298470
v 7.892533 2.702534 8.294683
v 7.892533 2.688478 8.313973
v 7.892533 2.741144 8.347686
v 7.892533 2.640385 8.274312
v 7.892533 2.592123 8.313973
v 7.892533 2.578067 8.294683
v 7.892533 2.562488 8.355077
v 7.892533 2.539627 8.347686
v 7.892533 2.562488 8.405735
v 7.892533 2.539627 8.413127
v 7.892533 2.592123 8.446659
v 7.892533 2.578067 8.465949
v 7.892533 2.640385 8.462343
v 7.892533 2.640385 8.486320
v 7.892533 2.688478 8.446659
v 7.892533 2.702534 8.465949
v 7.892533 2.718283 8.405735
v 7.892533 2.741144 8.413127
v 7.892533 2.718283 8.355077
v 7.907783 2.640385 8.380316
v 1.876671 4.901105 6.727875
v 1.850598 4.380886 6.729317
v 1.924881 4.885357 6.714174
v 1.899792 4.391385 6.715256
v 1.946526 4.916516 6.747526
v 1.918485 4.359210 6.749508
v 1.898316 4.932095 6.761227
v 1.869292 4.348542 6.763570
v 8.228524 3.476429 6.274294
v 8.228524 3.381766 6.250497
v 8.198024 3.476429 6.274294
v 8.198024 3.381766 6.250497
v 2.660321 3.685905 8.025705
v 2.919571 3.564656 8.002991
v 2.919571 3.564656 8.002991
v 2.676555 3.720789 8.024263
v 2.676555 3.720789 8.024263
v 2.935805 3.599371 8.001549
v 2.923506 3.600048 8.019938
v 2.911700 3.574647 8.021019
v 2.688854 3.710798 8.060499
v 2.677047 3.685227 8.061581
v 2.911700 3.574647 8.021019
v 2.919571 3.564656 8.002991
v 2.677047 3.685227 8.061581
v 2.660321 3.685905 8.025705
v 2.677047 3.685227 8.061581
v 2.660321 3.685905 8.025705
v 2.688854 3.710798 8.060499
v 2.676555 3.720789 8.024263
v 2.688854 3.710798 8.060499
v 2.676555 3.720789 8.024263
v 2.923506 3.600048 8.019938
v 2.935805 3.599371 8.001549
v 2.923506 3.600048 8.019938
v 2.935805 3.599371 8.001549
v 2.911700 3.574647 8.021019
v 2.919571 3.564656 8.002991
v 2.701644 3.631546 8.021559
v 2.671144 3.631546 8.024263
v 2.722305 3.700468 8.019756
v 2.650975 3.700468 8.026066
v 2.671144 3.762786 8.024263
v 2.701644 3.762786 8.021559
v 2.701644 3.631546 8.021559
v 2.671144 3.631546 8.024263
v 2.701644 3.622063 7.994698
v 2.666717 3.622063 7.997762
v 2.666717 3.622063 7.997762
v 2.671144 3.631546 8.024263
v 2.643104 3.700807 7.999745
v 2.650975 3.700468 8.026066
v 2.671144 3.762786 8.024263
v 2.666717 3.772269 7.997762
v 2.671144 3.762786 8.024263
v 2.666717 3.772269 7.997762
v 2.701644 3.762786 8.021559
v 2.701644 3.772269 7.994698
v 2.701644 3.772269 7.994698
v 2.725257 3.700807 7.992715
v 2.701644 3.762786 8.021559
v 2.722305 3.700468 8.019756
v 2.701644 3.631546 8.021559
v 2.701644 3.622063 7.994698
v 4.216801 3.755335 7.849213
v 4.243366 3.755335 7.865618
v 4.216801 3.926032 7.849213
v 4.243366 3.926032 7.865618
v 4.242874 3.755335 7.898068
v 4.242874 3.926032 7.898068
v 4.215817 3.755335 7.914113
v 4.215817 3.926032 7.914113
v 4.189253 3.755335 7.897528
v 4.189253 3.926032 7.897528
v 4.189745 3.755335 7.865077
v 4.189745 3.926032 7.865077
v 4.216801 3.755335 7.849213
v 4.216801 3.926032 7.849213
v 4.216801 2.439037 7.849212
v 4.216801 2.609904 7.849212
v 4.243366 2.439037 7.865618
v 4.243366 2.609904 7.865618
v 4.242874 2.439037 7.898068
v 4.242874 2.609904 7.898068
v 4.215817 2.439037 7.914113
v 4.215817 2.609904 7.914113
v 4.189253 2.439037 7.897527
v 4.189253 2.609904 7.897527
v 4.189745 2.439037 7.865077
v 4.189745 2.609904 7.865077
v 4.216801 2.439037 7.849212
v 4.216801 2.609904 7.849212
v 4.216801 2.609904 7.849212
v 4.189745 2.609904 7.865077
v 4.243366 2.609904 7.865618
v 4.215817 2.609904 7.914113
v 4.242874 2.609904 7.898068
v 4.189253 2.609904 7.897527
v 4.216801 3.926032 7.849213
v 4.189745 3.926032 7.865077
v 4.243366 3.926032 7.865618
v 4.215817 3.926032 7.914113
v 4.242874 3.926032 7.898068
v 4.189253 3.926032 7.897528
v 4.215817 3.755335 7.914113
v 4.189253 3.755335 7.897528
v 4.242874 3.755335 7.898068
v 4.216801 3.755335 7.849213
v 4.243366 3.755335 7.865618
v 4.189745 3.755335 7.865077
v 4.242874 2.439037 7.898068
v 4.215817 2.439037 7.914113
v 4.243366 2.439037 7.865618
v 4.189745 2.439037 7.865077
v 4.216801 2.439037 7.849212
v 4.189253 2.439037 7.897527
v 3.899996 5.443001 6.342439
v 3.948205 5.438768 6.259330
v 3.881794 5.392368 6.342439
v 3.936399 5.387627 6.247251
v 3.948205 5.438768 6.259330
v 4.043641 5.430470 6.259330
v 3.936399 5.387627 6.247251
v 4.046101 5.377974 6.247251
v 4.043641 5.430470 6.259330
v 4.091358 5.426236 6.342439
v 4.046101 5.377974 6.247251
v 4.100705 5.373232 6.342439
v 4.091358 5.426236 6.342439
v 4.043641 5.430470 6.425548
v 4.100705 5.373232 6.342439
v 4.046101 5.377974 6.437626
v 4.043641 5.430470 6.425548
v 3.948205 5.438768 6.425548
v 4.046101 5.377974 6.437626
v 3.936399 5.387627 6.437626
v 3.948205 5.438768 6.425548
v 3.899996 5.443001 6.342439
v 3.936399 5.387627 6.437626
v 3.881794 5.392368 6.342439
v 4.091358 5.426236 6.342439
v 4.043641 5.430470 6.259330
v 4.043641 5.430470 6.425548
v 3.899996 5.443001 6.342439
v 3.948205 5.438768 6.425548
v 3.948205 5.438768 6.259330
v 4.091358 5.437075 5.981880
v 4.043641 5.441308 6.065169
v 4.100705 5.384070 5.981880
v 4.046101 5.388812 6.077248
v 4.043641 5.441308 6.065169
v 3.948205 5.449605 6.065169
v 4.046101 5.388812 6.077248
v 3.936399 5.398464 6.077248
v 3.948205 5.449605 6.065169
v 3.899996 5.453839 5.981880
v 3.936399 5.398464 6.077248
v 3.881794 5.403206 5.981880
v 2.311540 3.141808 7.989109
v 2.305637 3.176523 8.136578
v 2.257920 3.141808 7.989109
v 2.263823 3.176523 8.136578
v 2.265299 3.223431 8.173715
v 2.304161 3.223431 8.173715
v 2.304161 3.732135 8.173715
v 2.265299 3.732135 8.173715
v 2.263823 3.779043 8.136578
v 2.305637 3.779043 8.136578
v 2.311540 3.813758 7.989109
v 2.257920 3.813758 7.989109
v 2.257920 3.780567 7.985143
v 2.257920 3.813758 7.989109
v 2.262839 3.752626 8.103406
v 2.263823 3.779043 8.136578
v 2.265299 3.732135 8.173715
v 2.264315 3.705718 8.140364
v 2.265299 3.223431 8.173715
v 2.264315 3.249848 8.140363
v 2.263823 3.176523 8.136578
v 2.262839 3.202940 8.103406
v 2.257920 3.141808 7.989109
v 2.257920 3.174999 7.985143
v 2.311540 3.174999 7.985143
v 2.306621 3.202940 8.103406
v 2.311540 3.141808 7.989109
v 2.305637 3.176523 8.136578
v 2.304161 3.223431 8.173715
v 2.305145 3.249848 8.140363
v 2.304161 3.732135 8.173715
v 2.305145 3.705718 8.140364
v 2.305637 3.779043 8.136578
v 2.306621 3.752626 8.103406
v 2.311540 3.813758 7.989109
v 2.311540 3.780567 7.985143
v 2.257920 3.780567 7.985143
v 2.311540 3.780567 7.985143
v 2.262839 3.752626 8.103406
v 2.306621 3.752626 8.103406
v 2.264315 3.705718 8.140364
v 2.305145 3.705718 8.140364
v 2.264315 3.249848 8.140363
v 2.305145 3.249848 8.140363
v 2.262839 3.202940 8.103406
v 2.306621 3.202940 8.103406
v 2.311540 3.174999 7.985143
v 2.257920 3.174999 7.985143
v 3.618117 4.082335 7.843263
v 3.666819 4.082335 7.838035
v 3.618609 5.009146 7.816582
v 3.667311 5.009146 7.811354
v 3.618609 5.009146 7.816582
v 3.617625 5.009146 7.869584
v 3.618117 4.082335 7.843263
v 3.617625 4.082335 7.896266
v 3.666819 4.082335 7.838035
v 3.666327 4.082335 7.891037
v 3.667311 5.009146 7.811354
v 3.660915 5.009146 7.870666
v 3.617625 5.009146 7.869584
v 3.660915 5.009146 7.870666
v 3.617625 4.082335 7.896266
v 3.666327 4.082335 7.891037
v 4.131697 5.131580 7.394188
v 4.066761 5.113630 7.394188
v 4.083979 5.304140 7.394188
v 4.019044 5.286190 7.394188
v 4.083979 5.304140 7.394188
v 4.019044 5.286190 7.394188
v 4.090866 5.304140 7.349118
v 4.026423 5.286190 7.349118
v 4.090866 5.304140 7.349118
v 4.026423 5.286190 7.349118
v 4.138584 5.131580 7.349118
v 4.074141 5.113630 7.349118
v 4.138584 5.131580 7.349118
v 4.074141 5.113630 7.349118
v 4.074141 5.113630 7.349118
v 4.131697 5.131580 7.394188
v 4.131697 5.131580 7.394188
v 4.066761 5.113630 7.394188
v 4.090866 5.304140 7.349118
v 4.138584 5.131580 7.349118
v 4.083979 5.304140 7.394188
v 4.131697 5.131580 7.394188
v 4.284197 5.131581 6.342258
v 4.219753 5.113630 6.342258
v 4.236479 5.304141 6.342258
v 4.172036 5.286191 6.342258
v 4.236479 5.304141 6.342258
v 4.172036 5.286191 6.342258
v 4.243858 5.304141 6.297189
v 4.178923 5.286191 6.297189
v 4.243858 5.304141 6.297189
v 4.178923 5.286191 6.297189
v 4.291575 5.131581 6.297189
v 4.226640 5.113630 6.297189
v 4.291575 5.131581 6.297189
v 4.226640 5.113630 6.297189
v 4.226640 5.113630 6.297189
v 4.284197 5.131581 6.342258
v 4.284197 5.131581 6.342258
v 4.219753 5.113630 6.342258
v 4.243858 5.304141 6.297189
v 4.291575 5.131581 6.297189
v 4.236479 5.304141 6.342258
v 4.284197 5.131581 6.342258
v 5.485499 1.524758 8.055271
v 5.412201 1.104789 8.538780
v 5.411709 1.104789 8.055271
v 5.485991 0.684989 8.538780
v 5.485991 1.524758 8.538780
v 5.698999 1.893924 8.055271
v 5.699491 1.893924 8.538780
v 6.025643 2.167920 8.055272
v 6.026134 2.167920 8.538781
v 6.426077 2.313893 8.055272
v 6.426569 2.313893 8.538781
v 6.852584 2.313893 8.055272
v 6.853076 2.313893 8.538781
v 7.253018 2.167920 8.055272
v 7.253510 2.167920 8.538781
v 7.579663 1.893924 8.055272
v 7.580154 1.893924 8.538781
v 7.792670 1.524758 8.055272
v 7.793162 1.524758 8.538781
v 7.866952 1.104789 8.055272
v 7.867444 1.104789 8.538781
v 7.792670 0.684989 8.055272
v 7.793162 0.684989 8.538781
v 7.579663 0.315823 8.055271
v 7.580154 0.315823 8.538780
v 7.253018 0.041658 8.055271
v 7.253510 0.041658 8.538780
v 6.852584 -0.008637 8.055271
v 6.853076 -0.008637 8.538780
v 6.426077 -0.008637 8.055271
v 6.426569 -0.008637 8.538780
v 6.426077 -0.008637 8.055271
v 6.426569 -0.008637 8.538780
v 6.025643 0.041658 8.055271
v 6.026134 0.041658 8.538780
v 5.698999 0.315823 8.055271
v 5.699491 0.315823 8.538780
v 5.485499 0.684989 8.055271
v 6.528399 0.473819 8.557529
v 6.381803 0.657725 8.557529
v 6.550045 0.596423 8.557529
v 6.447230 0.771354 8.671646
v 6.573165 0.725631 8.671646
v 6.344908 0.857380 8.671646
v 6.751246 0.473819 8.557529
v 6.729600 0.596423 8.557529
v 6.960318 0.550023 8.557529
v 6.897842 0.657725 8.557529
v 7.130527 0.692948 8.557529
v 7.035092 0.773047 8.557529
v 7.241704 0.885660 8.557529
v 7.125116 0.928334 8.557529
v 7.280567 1.104789 8.557529
v 6.706480 0.725631 8.671646
v 6.832415 0.771354 8.671646
v 6.934737 0.857380 8.671647
v 7.001640 0.973210 8.671647
v 7.156107 1.104789 8.557529
v 7.241704 1.324087 8.557529
v 7.125116 1.281413 8.557529
v 7.130527 1.516799 8.557530
v 7.024761 1.104789 8.671647
v 7.001640 1.236537 8.671647
v 7.035092 1.436700 8.557529
v 6.960318 1.659724 8.557530
v 6.897842 1.552022 8.557530
v 6.751246 1.735928 8.557529
v 6.934737 1.352367 8.671647
v 6.832415 1.438393 8.671646
v 6.729600 1.613324 8.557529
v 6.706480 1.484116 8.671646
v 6.550045 1.613324 8.557529
v 6.573165 1.484116 8.671646
v 6.381803 1.552022 8.557529
v 6.319328 1.659724 8.557529
v 6.149118 1.516799 8.557529
v 6.244061 1.436700 8.557529
v 6.037449 1.324087 8.557529
v 6.528399 1.735928 8.557529
v 6.344908 1.352367 8.671646
v 6.254884 1.104789 8.671646
v 6.278005 1.236537 8.671646
v 6.154530 1.281413 8.557529
v 5.999079 1.104789 8.557529
v 6.123538 1.104789 8.557529
v 6.154530 0.928334 8.557529
v 6.037449 0.885660 8.557529
v 6.149118 0.692948 8.557529
v 6.244061 0.773047 8.557529
v 6.319328 0.550023 8.557529
v 6.278005 0.973210 8.671646
v 6.447230 1.438393 8.671646
v 5.549451 1.501727 8.605124
v 5.479596 1.104789 8.605124
v 5.975957 1.104789 8.605124
v 6.015804 0.877870 8.605124
v 6.015804 1.331877 8.605124
v 5.751143 1.850572 8.605124
v 6.131409 1.531532 8.605124
v 6.059587 2.109666 8.605124
v 6.308013 1.679875 8.605124
v 6.438375 2.247511 8.605124
v 6.524464 1.758620 8.605124
v 6.841269 2.247511 8.605124
v 6.755181 1.758620 8.605124
v 7.220059 2.109666 8.605124
v 6.971632 1.679875 8.605124
v 7.528502 1.850572 8.605124
v 7.148236 1.531532 8.605124
v 7.730195 1.501727 8.605124
v 7.263841 1.331877 8.605124
v 7.800049 1.104789 8.605124
v 7.303688 1.104789 8.605124
v 7.730195 0.708020 8.605124
v 7.263841 0.877870 8.605124
v 7.528502 0.359005 8.605124
v 7.148236 0.678046 8.605124
v 7.220059 0.100081 8.605124
v 6.971632 0.529872 8.605124
v 6.841269 -0.008637 8.605124
v 6.755181 0.451127 8.605124
v 6.438375 -0.008637 8.605124
v 6.524464 0.451127 8.605124
v 6.059587 0.100081 8.605124
v 6.308013 0.529872 8.605124
v 5.751143 0.359005 8.605123
v 6.131409 0.678046 8.605124
v 5.549451 0.708020 8.605124
v 5.485991 0.684989 8.538780
v 5.699491 0.315823 8.538780
v 6.026134 0.041658 8.538780
v 6.426569 -0.008637 8.538780
v 6.853076 -0.008637 8.538780
v 7.253510 0.041658 8.538780
v 7.580154 0.315823 8.538780
v 7.793162 0.684989 8.538781
v 7.867444 1.104789 8.538781
v 7.793162 1.524758 8.538781
v 7.580154 1.893924 8.538781
v 7.253510 2.167920 8.538781
v 6.853076 2.313893 8.538781
v 6.426569 2.313893 8.538781
v 6.026134 2.167920 8.538781
v 5.699491 1.893924 8.538780
v 5.485991 1.524758 8.538780
v 5.412201 1.104789 8.538780
v 6.037449 1.324087 8.557529
v 5.975957 1.104789 8.605124
v 5.999079 1.104789 8.557529
v 6.015804 0.877870 8.605124
v 6.015804 1.331877 8.605124
v 6.149118 1.516799 8.557529
v 6.131409 1.531532 8.605124
v 6.319328 1.659724 8.557529
v 6.308013 1.679875 8.605124
v 6.528399 1.735928 8.557529
v 6.524464 1.758620 8.605124
v 6.751246 1.735928 8.557529
v 6.755181 1.758620 8.605124
v 6.960318 1.659724 8.557530
v 6.971632 1.679875 8.605124
v 7.130527 1.516799 8.557530
v 7.148236 1.531532 8.605124
v 7.241704 1.324087 8.557529
v 7.263841 1.331877 8.605124
v 7.280567 1.104789 8.557529
v 7.303688 1.104789 8.605124
v 7.241704 0.885660 8.557529
v 7.263841 0.877870 8.605124
v 7.130527 0.692948 8.557529
v 7.148236 0.678046 8.605124
v 6.960318 0.550023 8.557529
v 6.971632 0.529872 8.605124
v 6.751246 0.473819 8.557529
v 6.755181 0.451127 8.605124
v 6.528399 0.473819 8.557529
v 6.524464 0.451127 8.605124
v 6.319328 0.550023 8.557529
v 6.308013 0.529872 8.605124
v 6.149118 0.692948 8.557529
v 6.131409 0.678046 8.605124
v 6.037449 0.885660 8.557529
v 6.798471 0.827406 8.264756
v 6.694181 0.789304 8.264756
v 6.694181 0.789304 8.264756
v 6.694181 0.789304 8.264756
v 6.694181 0.789304 8.264756
v 6.884068 0.898869 8.264756
v 6.884068 1.310709 8.264756
v 6.884068 1.310709 8.264756
v 6.958842 1.104789 8.264756
v 6.958842 1.104789 8.264756
v 6.939656 1.214353 8.264756
v 6.939656 0.995224 8.264756
v 6.798471 1.382341 8.264756
v 6.694181 1.420443 8.264756
v 6.694181 1.420443 8.264756
v 6.478222 1.382341 8.264756
v 6.478222 1.382341 8.264756
v 6.478222 1.382341 8.264756
v 6.478222 1.382341 8.264756
v 6.478222 1.382341 8.264756
v 6.337529 0.995224 8.264756
v 6.337529 0.995224 8.264756
v 6.337529 0.995224 8.264756
v 6.337529 0.995224 8.264756
v 6.478222 0.827406 8.264756
v 6.478222 0.827406 8.264756
v 6.478222 0.827406 8.264756
v 6.393118 0.898869 8.264756
v 6.583004 1.420443 8.264756
v 6.583004 0.789304 8.264756
v 6.318344 1.104789 8.264756
v 6.337529 1.214353 8.264756
v 6.337529 1.214353 8.264756
v 6.393118 1.310709 8.264756
v 7.799557 1.104789 7.988929
v 7.302212 1.104789 7.988388
v 7.729211 1.501727 7.988929
v 7.262365 1.331877 7.988388
v 7.528009 1.850573 7.988929
v 7.147253 1.531532 7.988389
v 7.219075 2.109666 7.988929
v 6.970648 1.679876 7.988389
v 6.840778 2.247511 7.988929
v 6.753706 1.758620 7.988388
v 6.437884 2.247511 7.988929
v 6.522988 1.758620 7.988388
v 6.059095 2.109666 7.988929
v 6.306537 1.679876 7.988388
v 5.750160 1.850573 7.988929
v 6.129933 1.531532 7.988388
v 5.548959 1.501727 7.988929
v 6.014821 1.331877 7.988388
v 5.479104 1.104789 7.988929
v 5.974482 1.104789 7.988388
v 5.548959 0.708020 7.988929
v 6.014821 0.877870 7.988388
v 5.750160 0.359005 7.988928
v 6.129933 0.678046 7.988388
v 6.059095 0.100081 7.988929
v 6.306537 0.529872 7.988388
v 6.437884 -0.008637 7.988929
v 6.522988 0.451128 7.988388
v 6.840778 -0.008637 7.988929
v 6.753706 0.451128 7.988388
v 7.219075 0.100081 7.988929
v 6.970648 0.529872 7.988388
v 7.528009 0.359005 7.988929
v 7.147253 0.678046 7.988388
v 7.729211 0.708020 7.988929
v 7.262365 0.877870 7.988388
v 7.187591 1.104789 8.033998
v 7.154632 1.292759 8.033998
v 7.154632 0.916988 8.033998
v 7.059196 0.751710 8.033998
v 6.913092 0.629106 8.033998
v 6.734028 0.563910 8.033998
v 6.543158 0.563910 8.033998
v 6.363601 0.629106 8.033998
v 6.217497 0.751710 8.033998
v 6.122554 0.916988 8.033998
v 6.089102 1.104789 8.033998
v 6.122554 1.292759 8.033998
v 6.217497 1.457868 8.033998
v 6.363601 1.580472 8.033998
v 6.543158 1.645838 8.033998
v 6.734028 1.645838 8.033998
v 6.913092 1.580472 8.033999
v 7.059196 1.457868 8.033998
v 7.135446 1.285646 8.500381
v 7.187591 1.104789 8.033998
v 7.167422 1.104789 8.500381
v 7.154632 0.916988 8.033998
v 7.154632 1.292759 8.033998
v 7.043455 1.444828 8.500381
v 7.059196 1.457868 8.033998
v 6.902761 1.562860 8.500381
v 6.913092 1.580472 8.033999
v 6.730092 1.625686 8.500381
v 6.734028 1.645838 8.033998
v 6.546601 1.625686 8.500381
v 6.543158 1.645838 8.033998
v 6.373932 1.562860 8.500381
v 6.363601 1.580472 8.033998
v 6.233239 1.444828 8.500381
v 6.217497 1.457868 8.033998
v 6.141740 1.285646 8.500381
v 6.122554 1.292759 8.033998
v 6.109764 1.104789 8.500381
v 6.089102 1.104789 8.033998
v 6.141740 0.923931 8.500381
v 6.122554 0.916988 8.033998
v 6.233239 0.764919 8.500381
v 6.217497 0.751710 8.033998
v 6.373932 0.646887 8.500381
v 6.363601 0.629106 8.033998
v 6.546601 0.584061 8.500381
v 6.543158 0.563910 8.033998
v 6.730092 0.584061 8.500381
v 6.734028 0.563910 8.033998
v 6.902761 0.646887 8.500381
v 6.913092 0.629106 8.033998
v 7.043455 0.764919 8.500381
v 7.059196 0.751710 8.033998
v 7.135446 0.923931 8.500381
v 6.939656 1.214353 8.264756
v 7.167422 1.104789 8.500381
v 6.958842 1.104789 8.264756
v 7.135446 0.923931 8.500381
v 7.135446 1.285646 8.500381
v 6.884068 1.310709 8.264756
v 7.043455 1.444828 8.500381
v 6.798471 1.382341 8.264756
v 6.902761 1.562860 8.500381
v 6.694181 1.420443 8.264756
v 6.730092 1.625686 8.500381
v 6.583004 1.420443 8.264756
v 6.546601 1.625686 8.500381
v 6.478222 1.382341 8.264756
v 6.373932 1.562860 8.500381
v 6.393118 1.310709 8.264756
v 6.233239 1.444828 8.500381
v 6.337529 1.214353 8.264756
v 6.141740 1.285646 8.500381
v 6.318344 1.104789 8.264756
v 6.109764 1.104789 8.500381
v 6.337529 0.995224 8.264756
v 6.141740 0.923931 8.500381
v 6.393118 0.898869 8.264756
v 6.233239 0.764919 8.500381
v 6.478222 0.827406 8.264756
v 6.373932 0.646887 8.500381
v 6.583004 0.789304 8.264756
v 6.546601 0.584061 8.500381
v 6.694181 0.789304 8.264756
v 6.730092 0.584061 8.500381
v 6.798471 0.827406 8.264756
v 6.902761 0.646887 8.500381
v 6.884068 0.898869 8.264756
v 7.043455 0.764919 8.500381
v 6.939656 0.995224 8.264756
v 5.479104 1.104789 7.988929
v 5.485499 1.524758 8.055271
v 5.548959 1.501727 7.988929
v 5.698999 1.893924 8.055271
v 5.411709 1.104789 8.055271
v 5.548959 0.708020 7.988929
v 5.485499 0.684989 8.055271
v 5.750160 0.359005 7.988928
v 5.698999 0.315823 8.055271
v 6.059095 0.100081 7.988929
v 6.025643 0.041658 8.055271
v 6.437884 -0.008637 7.988929
v 6.426077 -0.008637 8.055271
v 6.840778 -0.008637 7.988929
v 6.852584 -0.008637 8.055271
v 7.219075 0.100081 7.988929
v 7.253018 0.041658 8.055271
v 7.528009 0.359005 7.988929
v 7.579663 0.315823 8.055271
v 7.729211 0.708020 7.988929
v 7.792670 0.684989 8.055272
v 7.799557 1.104789 7.988929
v 7.866952 1.104789 8.055272
v 7.729211 1.501727 7.988929
v 7.792670 1.524758 8.055272
v 7.528009 1.850573 7.988929
v 7.579663 1.893924 8.055272
v 7.219075 2.109666 7.988929
v 7.253018 2.167920 8.055272
v 6.840778 2.247511 7.988929
v 6.852584 2.313893 8.055272
v 6.437884 2.247511 7.988929
v 6.426077 2.313893 8.055272
v 6.059095 2.109666 7.988929
v 6.025643 2.167920 8.055272
v 5.750160 1.850573 7.988929
v 8.246233 3.345358 5.981881
v 8.223113 3.345358 5.981881
v 8.246233 2.815994 6.350191
v 8.223113 2.815994 6.350191
v 2.482734 2.297806 6.318100
v 2.482733 2.297806 7.486490
v 2.354831 2.961120 6.159815
v 2.354831 2.961120 7.644775
v 2.290388 3.507080 6.159815
v 2.290387 3.507079 7.644775
v 2.160025 4.347018 6.159815
v 2.160025 4.347017 7.644775
v 2.408944 4.364460 6.159815
v 2.603750 3.507080 6.159815
v 2.603750 3.507080 6.159815
v 2.603750 3.507080 6.159815
v 2.160025 4.347018 6.159815
v 2.160025 4.347018 6.159815
v 2.290388 3.507080 6.159815
v 2.290388 3.507080 6.159815
v 2.290388 3.507080 6.159815
v 2.571282 3.210053 6.159815
v 2.571282 3.210053 6.159815
v 2.354831 2.961120 6.159815
v 3.045998 2.961120 6.159815
v 3.045998 3.298450 6.159815
v 3.441513 3.217674 6.159815
v 3.371167 2.961120 6.159815
v 3.441513 3.217674 6.159815
v 3.371167 2.961120 6.159815
v 3.441513 3.217673 7.644775
v 3.371166 2.961120 7.644775
v 3.371166 2.961120 7.644775
v 3.045998 2.961120 7.644775
v 3.441513 3.217673 7.644775
v 3.045998 3.298450 7.644775
v 2.571281 3.210053 7.644775
v 2.571281 3.210053 7.644775
v 2.354831 2.961120 7.644775
v 2.290387 3.507079 7.644775
v 2.290387 3.507079 7.644775
v 2.603749 3.507079 7.644775
v 2.160025 4.347017 7.644775
v 2.408943 4.364460 7.644775
v 2.408943 4.364460 7.644775
v 2.408944 4.364460 6.159815
v 2.160025 4.347017 7.644775
v 2.160025 4.347018 6.159815
v 3.441513 3.217673 7.644775
v 3.441513 3.217674 6.159815
v 3.045998 3.298450 7.644775
v 3.045998 3.298450 6.159815
v 2.571281 3.210053 7.644775
v 2.571282 3.210053 6.159815
v 2.571282 3.210053 6.159815
v 2.603750 3.507080 6.159815
v 2.571281 3.210053 7.644775
v 2.603749 3.507079 7.644775
v 2.408943 4.364460 7.644775
v 2.408944 4.364460 6.159815
v 2.354831 2.961120 6.159815
v 3.045998 2.961120 6.159815
v 2.482734 2.297806 6.318100
v 3.026321 2.297806 6.318100
v 3.282127 2.297806 6.318100
v 3.371167 2.961120 6.159815
v 2.354831 2.961120 7.644775
v 2.482733 2.297806 7.486490
v 3.045998 2.961120 7.644775
v 3.026320 2.297806 7.486490
v 3.282126 2.297806 7.486490
v 3.371166 2.961120 7.644775
v 3.282126 2.297806 7.486490
v 3.371166 2.961120 7.644775
v 3.282127 2.297806 6.318100
v 3.371167 2.961120 6.159815
v 4.957163 3.869303 4.389653
v 4.957163 3.952789 5.067323
v 4.419479 4.024252 4.268145
v 4.472607 4.071329 5.019008
v 4.289116 4.136864 4.207211
v 4.408656 4.136864 5.010896
v 4.554760 4.137372 5.981880
v 4.570011 4.072175 5.981880
v 4.472607 4.071328 6.944932
v 4.957163 3.952789 6.896617
v 4.419478 4.024251 7.695795
v 4.957162 3.869303 7.574287
v 4.957163 3.968876 5.981880
v 4.408656 4.136864 6.953044
v 4.289115 4.136863 7.756730
v 1.919469 5.172900 5.981880
v 1.970631 5.164773 4.179267
v 1.949970 5.307358 4.214962
v 2.085743 5.164773 4.056677
v 2.085743 5.293134 4.060463
v 2.242671 5.296182 3.994481
v 2.243654 5.164773 3.993399
v 2.531928 5.303802 4.002233
v 2.502903 5.164773 4.016294
v 3.883271 5.258080 4.099404
v 3.910819 5.162232 4.095618
v 3.962964 5.162232 4.139966
v 3.940827 5.270950 4.154930
v 4.011174 5.164095 4.207211
v 3.965424 5.283482 4.214963
v 4.233036 5.324292 5.981880
v 4.276818 5.163417 5.981880
v 4.011173 5.164094 7.756730
v 3.965423 5.283481 7.748978
v 3.940826 5.270949 7.809011
v 3.962963 5.162231 7.823974
v 3.883270 5.258079 7.864537
v 3.910818 5.162231 7.868322
v 2.502903 5.164772 7.947645
v 2.531927 5.303802 7.961707
v 2.243653 5.164772 7.970360
v 2.242670 5.296181 7.969459
v 2.085742 5.164772 7.907262
v 3.867529 5.303972 4.154930
v 2.543241 5.382715 7.883646
v 3.867528 5.303971 7.809011
v 3.890649 5.325139 7.748978
v 4.146455 5.393723 5.981880
v 3.890650 5.325140 4.214963
v 2.543242 5.382716 4.080294
v 2.239227 5.375604 4.079032
v 2.134937 5.346307 4.070919
v 2.007526 5.374249 4.214962
v 1.926356 5.353589 5.981880
v 1.949969 5.307357 7.748977
v 1.970630 5.164772 7.784672
v 2.085742 5.293133 7.903477
v 2.134936 5.346306 7.893020
v 2.239226 5.375603 7.884908
v 2.550620 5.419971 7.748977
v 2.642121 5.540204 5.981880
v 2.550621 5.419971 4.214962
v 2.126082 5.411165 4.214962
v 1.983913 5.465015 5.981880
v 2.007525 5.374248 7.748977
v 2.126081 5.411164 7.748977
v 2.102469 5.526487 5.981880
v 8.157194 3.567874 4.931394
v 8.159162 3.604113 5.048755
v 8.054872 3.647465 5.023516
v 8.054872 3.704025 5.487916
v 7.380922 3.786495 5.399037
v 7.380922 3.799703 5.981881
v 8.054872 3.714185 5.981881
v 8.162113 3.642045 5.495667
v 8.208847 3.552633 5.050558
v 8.175396 3.520119 4.935900
v 8.213766 3.519950 5.051459
v 8.216226 3.518764 5.498191
v 8.211798 3.562794 5.498732
v 8.211798 3.568551 5.981881
v 8.162113 3.649327 5.981881
v 8.211798 3.562793 6.465209
v 8.216226 3.518764 6.465750
v 8.216226 3.518087 5.981881
v 8.162113 3.642045 6.468274
v 8.054872 3.704025 6.476026
v 8.159162 3.604113 6.915186
v 8.208847 3.552633 6.913383
v 8.213766 3.519950 6.912482
v 8.175395 3.520119 7.028041
v 8.157193 3.567873 7.032548
v 8.054872 3.647464 6.940426
v 7.380922 3.786494 6.564904
v 4.981759 3.980730 5.981880
v 8.054871 3.580913 7.056165
v 7.380922 3.714862 7.068604
v 7.380922 3.619692 7.199667
v 4.981759 3.875399 7.576090
v 4.981759 3.742804 7.721395
v 4.981759 3.964812 6.895535
v 4.981759 3.964812 5.068405
v 7.380923 3.714863 4.895337
v 8.054872 3.580913 4.907777
v 4.981760 3.875400 4.387851
v 7.380923 3.619693 4.764274
v 4.981760 3.742805 4.242546
v 8.157194 3.567874 4.931394
v 8.175396 3.520119 4.935900
v 8.054872 3.580913 4.907777
v 8.054872 3.521305 4.907597
v 7.380923 3.619693 4.764274
v 7.380923 3.521305 4.764094
v 4.981760 3.742805 4.242546
v 4.981760 3.521305 4.242365
v 8.216226 3.518764 5.498191
v 8.173919 3.514531 5.498372
v 8.213766 3.519950 5.051459
v 8.172444 3.513684 5.057949
v 8.175396 3.520119 4.935900
v 8.145388 3.512160 4.964385
v 8.054872 3.521305 4.907597
v 8.046017 3.521305 4.949060
v 7.380923 3.521305 4.764094
v 8.216226 3.518087 5.981881
v 8.173919 3.514361 5.981881
v 8.173919 3.514531 6.465570
v 8.216226 3.518764 6.465750
v 8.213766 3.519950 6.912482
v 8.172444 3.513684 6.905992
v 8.175395 3.520119 7.028041
v 8.145387 3.512160 6.999557
v 8.054871 3.521304 7.056345
v 8.046016 3.521304 7.014881
v 7.380922 3.521304 7.199847
v 7.372066 3.521304 7.158383
v 4.981759 3.521304 7.721575
v 4.972904 3.521304 7.680111
v 7.372067 3.521305 4.805558
v 4.981760 3.521305 4.242365
v 4.972905 3.521305 4.283829
v 4.975856 3.837975 4.406600
v 4.978808 3.922646 5.071830
v 4.981759 3.964812 5.068405
v 4.978808 3.938564 5.981880
v 4.981759 3.980730 5.981880
v 4.981759 3.964812 6.895535
v 4.978808 3.922646 6.892110
v 4.975855 3.837974 7.557341
v 4.981759 3.875399 7.576090
v 4.972904 3.726378 7.683536
v 4.981759 3.742804 7.721395
v 4.972904 3.521304 7.680111
v 4.981759 3.521304 7.721575
v 4.981760 3.875400 4.387851
v 4.972905 3.726378 4.280404
v 4.981760 3.742805 4.242546
v 4.972905 3.521305 4.283829
v 4.981760 3.521305 4.242365
v 4.289116 4.136864 4.207211
v 4.273375 4.195288 4.275717
v 4.408656 4.136864 5.010896
v 4.392914 4.195287 5.017386
v 4.539510 4.195287 5.924911
v 4.554760 4.137372 5.981880
v 4.554760 4.137372 5.981880
v 4.408656 4.136864 6.953044
v 4.539510 4.195287 6.039029
v 4.392914 4.195287 6.946554
v 4.273374 4.195287 7.688223
v 4.289115 4.136863 7.756730
v 7.877776 2.168937 3.175473
v 7.868429 2.137270 3.159788
v 7.920574 2.168937 3.145005
v 7.917622 2.137270 3.123552
v 7.868429 1.822124 3.159788
v 7.917622 1.822124 3.123552
v 7.920574 1.790457 3.145005
v 7.877776 1.790457 3.175473
v 7.920574 1.790457 3.145005
v 8.123251 1.790457 3.284542
v 7.917622 1.822124 3.123552
v 8.138009 1.822124 3.263089
v 8.138009 2.137270 3.263089
v 8.363315 2.137270 3.546668
v 8.363315 1.822124 3.546668
v 8.526145 2.137270 3.944364
v 8.339210 1.790457 3.558927
v 8.499581 1.790457 3.947429
v 7.917622 2.137270 3.123552
v 8.123251 2.168937 3.284542
v 7.920574 2.168937 3.145005
v 8.339210 2.168937 3.558927
v 8.499581 2.168937 3.947429
v 8.590588 2.168937 4.570113
v 8.619120 2.137270 4.570113
v 8.590096 2.168937 5.981881
v 8.568943 2.022287 4.233712
v 8.559104 2.091717 4.165026
v 8.546314 2.091717 4.080295
v 8.535983 2.022287 4.011608
v 8.526145 1.822124 3.944364
v 8.535983 1.937107 4.011608
v 8.546314 1.867677 4.080295
v 8.619120 1.822124 4.570113
v 8.559104 1.867677 4.165026
v 8.568943 1.937107 4.233712
v 8.590588 1.790457 4.570113
v 8.621088 2.137270 5.981881
v 8.621088 1.822124 5.981880
v 8.619120 1.822123 7.393827
v 8.619120 2.137269 7.393827
v 8.590588 2.168936 7.393827
v 8.526143 2.137269 8.019577
v 8.499579 2.168936 8.016512
v 8.363314 2.137269 8.417273
v 8.339209 2.168936 8.405014
v 8.138008 2.137269 8.700852
v 8.123250 2.168936 8.679399
v 7.917621 2.137269 8.840389
v 7.920573 2.168936 8.818935
v 7.917621 1.822123 8.840389
v 8.138008 1.822123 8.700852
v 8.363314 1.822123 8.417273
v 8.526143 1.822123 8.019577
v 8.535983 2.022286 7.952333
v 8.546314 2.091716 7.883646
v 8.559104 2.091716 7.798915
v 8.568943 2.022286 7.730229
v 8.568943 1.937107 7.730229
v 8.559104 1.867676 7.798915
v 8.546314 1.867676 7.883646
v 8.535983 1.937107 7.952333
v 8.621088 1.822124 5.981880
v 8.590096 1.790457 5.981880
v 8.590588 1.790456 7.393827
v 8.499579 1.790456 8.016512
v 8.339209 1.790456 8.405014
v 8.123250 1.790456 8.679399
v 7.920573 1.790456 8.818935
v 7.877776 2.168937 3.175473
v 7.920574 2.168937 3.145005
v 7.994856 2.169107 3.453644
v 8.123251 2.168937 3.284542
v 8.339210 2.168937 3.558927
v 8.038638 2.169106 3.796715
v 8.499581 2.168937 3.947429
v 7.985509 2.169106 4.327998
v 8.590588 2.168937 4.570113
v 8.222129 2.169106 4.904351
v 8.590096 2.168937 5.981881
v 8.224097 2.169106 5.981880
v 8.222128 2.169106 7.059590
v 8.590588 2.168936 7.393827
v 7.985508 2.169106 7.635942
v 8.499579 2.168936 8.016512
v 8.038637 2.169106 8.167226
v 8.339209 2.168936 8.405014
v 7.994855 2.169106 8.510298
v 8.123250 2.168936 8.679399
v 7.920573 2.168936 8.818935
v 7.877775 2.168936 8.788467
v 7.849244 2.169106 4.826470
v 7.849243 2.169106 7.137470
v 8.510895 1.790287 5.981880
v 8.513846 1.790288 4.575702
v 8.590096 1.790457 5.981880
v 8.590588 1.790457 4.570113
v 8.433169 1.790288 3.967440
v 8.499581 1.790457 3.947429
v 8.276734 1.790288 3.587231
v 8.513846 1.790287 7.388239
v 8.590588 1.790456 7.393827
v 8.433167 1.790287 7.996501
v 8.499579 1.790456 8.016512
v 8.276733 1.790287 8.376710
v 8.339209 1.790456 8.405014
v 8.079960 1.790287 8.634871
v 8.123250 1.790456 8.679399
v 7.920573 1.790456 8.818935
v 7.877775 1.790456 8.788467
v 8.339210 1.790457 3.558927
v 8.079961 1.790288 3.329071
v 8.123251 1.790457 3.284542
v 7.920574 1.790457 3.145005
v 7.877776 1.790457 3.175473
v 8.470556 2.014666 4.251740
v 8.568943 2.022287 4.233712
v 8.568943 2.022287 4.233712
v 8.470556 1.944050 4.251920
v 8.470556 1.944050 4.251920
v 8.568943 1.937107 4.233712
v 8.568943 2.022287 4.233712
v 8.470556 2.014666 4.251740
v 8.559104 2.091717 4.165026
v 8.460225 2.089854 4.177104
v 8.546314 2.091717 4.080295
v 8.450878 2.089854 4.104813
v 8.546314 2.091717 4.080295
v 8.450878 2.089854 4.104813
v 8.535983 2.022287 4.011608
v 8.441040 2.014666 4.030718
v 8.535983 1.937107 4.011608
v 8.441040 1.944051 4.031078
v 8.546314 1.867677 4.080295
v 8.451370 1.868863 4.106074
v 8.460717 1.868863 4.177465
v 8.559104 1.867677 4.165026
v 8.451370 1.868863 4.106074
v 8.546314 1.867677 4.080295
v 8.470556 1.944050 4.251920
v 8.568943 1.937107 4.233712
v 8.460717 1.868863 4.177465
v 8.559104 1.867677 4.165026
v 7.877776 2.139811 3.175473
v 7.877776 2.168937 3.175473
v 7.868429 2.137270 3.159788
v 2.692298 4.088771 3.968701
v 4.209915 4.018325 4.089308
v 4.023472 4.089110 4.074525
v 3.822763 4.993398 4.079934
v 3.899504 5.162910 4.101387
v 2.521597 5.160200 3.999529
v 2.692790 4.991027 4.009444
v 2.521105 4.018156 3.953377
v 2.521105 2.368423 3.953377
v 4.209423 2.368423 4.086603
v 4.396850 3.531635 4.235695
v 4.396850 3.522659 5.981880
v 4.045117 3.625112 4.288156
v 4.035770 3.616983 5.981880
v 4.045116 3.625111 7.675784
v 4.396849 3.531634 7.728245
v 4.203028 4.176321 4.235695
v 4.111036 4.162604 4.273013
v 4.493761 4.185126 5.981880
v 4.101689 4.171071 5.981880
v 4.111035 4.162603 7.690928
v 4.203027 4.176320 7.728245
v 4.111036 4.162604 4.273013
v 4.045117 3.625112 4.288156
v 4.203028 4.176321 4.235695
v 4.396850 3.531635 4.235695
v 4.111036 4.162604 4.273013
v 4.101689 4.171071 5.981880
v 4.045117 3.625112 4.288156
v 4.035770 3.616983 5.981880
v 4.045116 3.625111 7.675784
v 4.111035 4.162603 7.690928
v 4.011174 5.164095 4.207211
v 4.030359 5.098898 4.275717
v 4.276818 5.163417 5.981880
v 4.276818 5.163417 5.981880
v 4.292559 5.098897 5.924912
v 4.011173 5.164094 7.756730
v 4.030358 5.098897 7.688223
v 4.292559 5.098897 6.039029
v 8.157193 3.567873 7.032548
v 8.175395 3.520119 7.028041
v 8.054871 3.580913 7.056165
v 8.054871 3.521304 7.056345
v 7.380922 3.619692 7.199667
v 7.380922 3.521304 7.199847
v 4.981759 3.742804 7.721395
v 4.981759 3.521304 7.721575
v 7.877775 1.790456 8.788467
v 7.868428 1.822123 8.804152
v 7.920573 1.790456 8.818935
v 7.917621 1.822123 8.840389
v 7.917621 2.137269 8.840389
v 7.868428 2.137269 8.804152
v 7.920573 2.168936 8.818935
v 7.877775 2.168936 8.788467
v 8.568943 1.937107 7.730229
v 8.470556 1.944050 7.712021
v 8.470556 1.944050 7.712021
v 8.568943 2.022286 7.730229
v 8.568943 2.022286 7.730229
v 8.470556 2.014665 7.712201
v 8.568943 2.022286 7.730229
v 8.470556 2.014665 7.712201
v 8.559104 2.091716 7.798915
v 8.460225 2.089853 7.786837
v 8.546314 2.091716 7.883646
v 8.450878 2.089853 7.859128
v 8.546314 2.091716 7.883646
v 8.450878 2.089853 7.859128
v 8.535983 2.022286 7.952333
v 8.441040 2.014665 7.933223
v 8.535983 1.937107 7.952333
v 8.441040 1.944050 7.932863
v 8.546314 1.867676 7.883646
v 8.451370 1.868862 7.857866
v 8.546314 1.867676 7.883646
v 8.451370 1.868862 7.857866
v 8.559104 1.867676 7.798915
v 8.460717 1.868862 7.786476
v 8.559104 1.867676 7.798915
v 8.460717 1.868862 7.786476
v 8.568943 1.937107 7.730229
v 8.470556 1.944050 7.712021
v 7.877775 2.139809 8.788467
v 7.877775 2.168936 8.788467
v 7.868428 2.137269 8.804152
v 4.209422 2.368422 7.877336
v 4.209914 4.018324 7.874632
v 2.521104 2.368422 8.010562
v 2.521104 4.018155 8.010562
v 2.692297 4.088770 7.995238
v 2.521596 5.160199 7.964411
v 2.692789 4.991026 7.954495
v 3.822762 4.993397 7.884007
v 3.899503 5.162909 7.862554
v 4.023471 4.089109 7.889415
v 4.396849 3.531634 7.728245
v 4.045116 3.625111 7.675784
v 4.203027 4.176320 7.728245
v 4.111035 4.162603 7.690928
v 3.790295 3.978360 5.110950
v 3.815875 3.996310 5.092923
v 4.475559 2.392638 5.110950
v 4.505075 2.403307 5.092922
v 3.815875 3.996310 5.056686
v 4.505075 2.403307 5.056686
v 3.790295 3.978360 5.038659
v 4.475559 2.392638 5.038658
v 3.764714 3.960409 5.056686
v 4.446043 2.381969 5.056686
v 3.764714 3.960409 5.092923
v 4.446043 2.381969 5.092922
v 3.790295 3.978360 5.110950
v 4.475559 2.392638 5.110950
v 3.948206 4.245243 4.641143
v 3.866053 4.023235 5.022433
v 3.903932 4.214084 4.609774
v 3.790295 3.970231 4.969071
v 3.714537 3.917058 5.022433
v 3.790295 3.970231 5.182521
v 3.714537 3.917058 5.129159
v 3.287046 3.782261 5.106984
v 3.287046 3.782261 5.044427
v 3.866053 4.023235 5.129159
v 3.948205 4.245243 5.510449
v 3.903932 4.214084 5.541638
v 3.940335 4.256420 4.641143
v 3.948206 4.245243 4.641143
v 3.832601 4.070651 5.022433
v 3.866053 4.023235 5.022433
v 3.866053 4.023235 5.129159
v 3.832601 4.070651 5.129159
v 3.940335 4.256420 5.510449
v 3.948205 4.245243 5.510449
v 3.279176 3.793438 5.044427
v 3.287046 3.782261 5.044427
v 3.681577 3.964474 5.022433
v 3.714537 3.917058 5.022433
v 3.790295 3.970231 4.969071
v 3.757335 4.017647 4.969071
v 3.896060 4.225261 4.609774
v 3.903932 4.214084 4.609774
v 3.896060 4.225261 5.541638
v 3.903932 4.214084 5.541638
v 3.757335 4.017647 5.182521
v 3.790295 3.970231 5.182521
v 3.714537 3.917058 5.129159
v 3.681577 3.964474 5.129159
v 3.279176 3.793438 5.106984
v 3.287046 3.782261 5.106984
v 3.940335 4.256420 5.510449
v 3.896060 4.225261 5.541638
v 3.832601 4.070651 5.129159
v 3.757335 4.017647 5.182521
v 3.832601 4.070651 5.022433
v 3.681577 3.964474 5.022433
v 3.757335 4.017647 4.969071
v 3.940335 4.256420 4.641143
v 3.896060 4.225261 4.609774
v 3.681577 3.964474 5.129159
v 3.279176 3.793438 5.044427
v 3.279176 3.793438 5.106984
v 4.170068 4.416448 5.068585
v 4.146455 4.365984 5.068585
v 4.123826 4.384104 5.315387
v 4.104641 4.336519 5.294655
v 3.994447 4.293506 5.513514
v 3.986085 4.253541 5.475836
v 3.807513 4.162604 5.623304
v 4.114972 4.411538 5.068585
v 4.072665 4.381902 5.294655
v 4.170068 4.416448 5.068585
v 4.123826 4.384104 5.315387
v 3.954109 4.299094 5.475836
v 3.994447 4.293506 5.513514
v 3.782916 4.179200 5.576432
v 3.807513 4.162604 5.623304
v 3.814891 4.133646 5.576432
v 3.625005 4.000712 5.576432
v 3.593029 4.046266 5.576432
v 3.600408 4.017308 5.623304
v 3.421836 3.926372 5.475836
v 3.413473 3.886407 5.513514
v 3.600408 4.017308 5.623304
v 3.413473 3.886407 5.513514
v 3.453812 3.880818 5.475836
v 3.284095 3.795809 5.315387
v 3.335256 3.798010 5.294655
v 3.237853 3.763464 5.068584
v 3.303280 3.843394 5.294655
v 3.292950 3.768375 5.068585
v 3.261466 3.813928 5.068585
v 3.284095 3.795809 5.315387
v 3.237853 3.763464 5.068584
v 3.284095 3.795809 4.821602
v 3.335256 3.798010 4.842515
v 3.413473 3.886407 4.623655
v 3.303280 3.843394 4.842515
v 3.284095 3.795809 4.821602
v 3.421836 3.926372 4.661154
v 3.413473 3.886407 4.623655
v 3.453812 3.880819 4.661154
v 3.600408 4.017308 4.513685
v 3.625005 4.000713 4.560558
v 3.807513 4.162604 4.513685
v 3.593029 4.046266 4.560558
v 3.600408 4.017308 4.513685
v 3.782916 4.179200 4.560558
v 3.807513 4.162604 4.513685
v 3.814892 4.133646 4.560558
v 3.994447 4.293506 4.623656
v 3.986085 4.253541 4.661154
v 4.123826 4.384104 4.821602
v 3.954109 4.299094 4.661154
v 3.994447 4.293506 4.623656
v 4.072665 4.381902 4.842515
v 4.123826 4.384104 4.821602
v 4.114972 4.411538 5.068585
v 4.170068 4.416448 5.068585
v 4.146455 4.365984 5.068585
v 4.104641 4.336519 4.842515
v 4.170068 4.416448 5.068585
v -2.019447 1.104790 3.712522
v -2.093237 1.524759 3.712522
v -2.092745 1.524759 3.229013
v -2.306244 1.893925 3.229013
v -2.018955 1.104790 3.229013
v -2.093237 0.684990 3.712522
v -2.092745 0.684991 3.229013
v -2.306736 0.315824 3.712522
v -2.306244 0.315824 3.229013
v -2.632889 0.041659 3.712522
v -2.632396 0.041659 3.229013
v -3.033815 -0.008636 3.712522
v -3.033323 -0.008636 3.229013
v -2.306736 1.893925 3.712522
v -2.632396 2.167921 3.229013
v -2.632889 2.167921 3.712522
v -3.033323 2.313894 3.229013
v -3.033815 2.313894 3.712522
v -3.459829 2.313894 3.229013
v -3.460321 2.313894 3.712522
v -3.860264 2.167921 3.229013
v -3.860756 2.167921 3.712522
v -4.186908 1.893925 3.229013
v -4.187400 1.893925 3.712522
v -4.399915 1.524759 3.229013
v -4.400407 1.524759 3.712522
v -4.474197 1.104790 3.229012
v -4.474689 1.104790 3.712521
v -4.399915 0.684991 3.229012
v -4.400407 0.684990 3.712521
v -4.186908 0.315824 3.229012
v -4.187400 0.315824 3.712521
v -3.860264 0.041659 3.229012
v -3.860756 0.041659 3.712521
v -3.459829 -0.008636 3.229012
v -3.460321 -0.008636 3.712521
v -3.033323 -0.008636 3.229013
v -3.033815 -0.008636 3.712522
v -2.019447 1.104790 3.712522
v -2.086842 1.104790 3.778865
v -2.156696 1.501728 3.778865
v -3.246822 1.104790 3.771653
v -2.358389 1.850574 3.778865
v -2.666832 2.109667 3.778865
v -2.306736 1.893925 3.712522
v -2.632889 2.167921 3.712522
v -3.045621 2.247512 3.778865
v -3.033815 2.313894 3.712522
v -3.448515 2.247512 3.778865
v -3.460321 2.313894 3.712522
v -3.827305 2.109667 3.778865
v -3.860756 2.167921 3.712522
v -4.135747 1.850574 3.778864
v -2.093237 1.524759 3.712522
v -4.187400 1.893925 3.712522
v -4.337440 1.501728 3.778864
v -4.400407 1.524759 3.712522
v -4.407294 1.104790 3.778864
v -4.474689 1.104790 3.712521
v -4.337440 0.708021 3.778864
v -4.400407 0.684990 3.712521
v -4.135747 0.359006 3.778864
v -4.187400 0.315824 3.712521
v -3.827305 0.100082 3.778864
v -3.860756 0.041659 3.712521
v -3.448515 -0.008636 3.778864
v -3.460321 -0.008636 3.712521
v -3.045621 -0.008636 3.778864
v -3.033815 -0.008636 3.712522
v -2.666832 0.100082 3.778864
v -2.358389 0.359006 3.778864
v -2.156696 0.708021 3.778865
v -2.306736 0.315824 3.712522
v -2.093237 0.684990 3.712522
v -2.632889 0.041659 3.712522
v -3.546902 1.214355 3.438317
v -3.566087 1.104790 3.438317
v -3.491313 1.310710 3.438317
v -3.491313 0.898870 3.438317
v -3.301427 0.789305 3.438317
v -3.301427 0.789305 3.438317
v -3.301427 0.789305 3.438317
v -3.301427 0.789305 3.438317
v -3.405717 0.827407 3.438317
v -3.546902 0.995226 3.438317
v -3.405717 1.382342 3.438317
v -3.301427 1.420444 3.438317
v -3.301427 1.420444 3.438317
v -3.085468 1.382342 3.438317
v -3.085468 1.382342 3.438317
v -3.085468 1.382342 3.438317
v -3.085468 1.382342 3.438317
v -3.085468 1.382342 3.438317
v -2.944774 0.995226 3.438317
v -2.944774 0.995226 3.438317
v -2.944774 0.995226 3.438317
v -2.944774 0.995226 3.438317
v -3.085468 0.827407 3.438317
v -3.085468 0.827407 3.438317
v -3.085468 0.827407 3.438317
v -3.000363 0.898870 3.438317
v -3.190249 1.420444 3.438317
v -3.000363 1.310710 3.438317
v -2.944774 1.214355 3.438317
v -2.944774 1.214355 3.438317
v -2.925097 1.104790 3.438317
v -3.190249 0.789305 3.438317
v -3.909457 1.104790 3.161949
v -3.869611 1.331878 3.161949
v -4.336456 1.501729 3.162489
v -4.135255 1.850574 3.162489
v -4.406803 1.104790 3.162489
v -3.869611 0.877872 3.161949
v -4.336456 0.708021 3.162489
v -3.754498 0.678048 3.161949
v -4.135255 0.359007 3.162489
v -3.577893 0.529873 3.161949
v -3.826320 0.100082 3.162489
v -3.360951 0.451129 3.161948
v -3.448023 -0.008636 3.162489
v -3.130234 0.451129 3.161948
v -3.044637 -0.008636 3.162489
v -2.913782 0.529873 3.161949
v -2.666340 0.100082 3.162489
v -2.737178 0.678048 3.161949
v -2.357405 0.359007 3.162489
v -2.622066 0.877872 3.161949
v -2.156204 0.708021 3.162490
v -2.581727 1.104790 3.161949
v -2.085857 1.104790 3.162490
v -2.622066 1.331878 3.161949
v -2.156204 1.501729 3.162490
v -2.737178 1.531533 3.161949
v -2.357405 1.850574 3.162490
v -2.913782 1.679877 3.161949
v -2.666340 2.109668 3.162490
v -3.130234 1.758621 3.161949
v -3.044637 2.247512 3.162490
v -3.360951 1.758621 3.161949
v -3.448023 2.247512 3.162490
v -3.577893 1.679877 3.161949
v -3.826320 2.109668 3.162490
v -3.754498 1.531533 3.161949
v -3.666442 1.457869 3.207560
v -3.520337 1.580473 3.207560
v -3.341273 1.645839 3.207560
v -3.150403 1.645839 3.207560
v -2.970847 1.580473 3.207560
v -2.824743 1.457869 3.207560
v -2.729307 1.292760 3.207560
v -2.696348 1.104790 3.207560
v -2.729307 0.916990 3.207560
v -2.824743 0.751711 3.207560
v -2.970847 0.629108 3.207560
v -3.150403 0.563911 3.207560
v -3.341273 0.563911 3.207560
v -3.520337 0.629108 3.207560
v -3.666442 0.751711 3.207560
v -3.761877 0.916990 3.207560
v -3.794837 1.104790 3.207560
v -3.761877 1.292760 3.207560
v -3.794837 1.104790 3.207560
v -3.742692 1.285648 3.673942
v -3.761877 1.292760 3.207560
v -3.650700 1.444829 3.673942
v -3.774668 1.104790 3.673942
v -3.761877 0.916990 3.207560
v -3.742692 0.923932 3.673942
v -3.666442 0.751711 3.207560
v -3.650700 0.764920 3.673942
v -3.520337 0.629108 3.207560
v -3.510007 0.646888 3.673942
v -3.341273 0.563911 3.207560
v -3.337338 0.584062 3.673942
v -3.150403 0.563911 3.207560
v -3.153847 0.584062 3.673942
v -2.970847 0.629108 3.207560
v -2.981178 0.646888 3.673942
v -2.824743 0.751711 3.207560
v -2.840485 0.764920 3.673942
v -2.729307 0.916990 3.207560
v -2.748985 0.923932 3.673942
v -2.696348 1.104790 3.207560
v -2.717009 1.104790 3.673942
v -2.729307 1.292760 3.207560
v -2.748985 1.285648 3.673942
v -2.824743 1.457869 3.207560
v -2.840485 1.444829 3.673942
v -2.970847 1.580473 3.207560
v -2.981178 1.562861 3.673942
v -3.150403 1.645839 3.207560
v -3.153847 1.625687 3.673942
v -3.341273 1.645839 3.207560
v -3.337338 1.625687 3.673942
v -3.520337 1.580473 3.207560
v -3.510007 1.562861 3.673942
v -3.666442 1.457869 3.207560
v -3.774668 1.104790 3.673942
v -3.546902 1.214355 3.438317
v -3.742692 1.285648 3.673942
v -3.491313 1.310710 3.438317
v -3.566087 1.104790 3.438317
v -3.742692 0.923932 3.673942
v -3.546902 0.995226 3.438317
v -3.650700 0.764920 3.673942
v -3.491313 0.898870 3.438317
v -3.510007 0.646888 3.673942
v -3.405717 0.827407 3.438317
v -3.337338 0.584062 3.673942
v -3.301427 0.789305 3.438317
v -3.153847 0.584062 3.673942
v -3.190249 0.789305 3.438317
v -2.981178 0.646888 3.673942
v -3.085468 0.827407 3.438317
v -2.840485 0.764920 3.673942
v -3.000363 0.898870 3.438317
v -2.748985 0.923932 3.673942
v -2.944774 0.995226 3.438317
v -2.717009 1.104790 3.673942
v -2.925097 1.104790 3.438317
v -2.748985 1.285648 3.673942
v -2.944774 1.214355 3.438317
v -2.840485 1.444829 3.673942
v -3.000363 1.310710 3.438317
v -2.981178 1.562861 3.673942
v -3.085468 1.382342 3.438317
v -3.153847 1.625687 3.673942
v -3.190249 1.420444 3.438317
v -3.337338 1.625687 3.673942
v -3.301427 1.420444 3.438317
v -3.510007 1.562861 3.673942
v -3.405717 1.382342 3.438317
v -3.650700 1.444829 3.673942
v -2.092745 1.524759 3.229013
v -2.085857 1.104790 3.162490
v -2.018955 1.104790 3.229013
v -2.156204 0.708021 3.162490
v -2.156204 1.501729 3.162490
v -2.306244 1.893925 3.229013
v -2.357405 1.850574 3.162490
v -2.632396 2.167921 3.229013
v -2.666340 2.109668 3.162490
v -3.033323 2.313894 3.229013
v -3.044637 2.247512 3.162490
v -3.459829 2.313894 3.229013
v -3.448023 2.247512 3.162490
v -3.860264 2.167921 3.229013
v -3.826320 2.109668 3.162490
v -4.186908 1.893925 3.229013
v -4.135255 1.850574 3.162489
v -4.399915 1.524759 3.229013
v -4.336456 1.501729 3.162489
v -4.474197 1.104790 3.229012
v -4.406803 1.104790 3.162489
v -4.399915 0.684991 3.229012
v -4.336456 0.708021 3.162489
v -4.186908 0.315824 3.229012
v -4.135255 0.359007 3.162489
v -3.860264 0.041659 3.229012
v -3.826320 0.100082 3.162489
v -3.459829 -0.008636 3.229012
v -3.448023 -0.008636 3.162489
v -3.033323 -0.008636 3.229013
v -3.044637 -0.008636 3.162489
v -2.632396 0.041659 3.229013
v -2.666340 0.100082 3.162489
v -2.306244 0.315824 3.229013
v -2.357405 0.359007 3.162489
v -2.092745 0.684991 3.229013
v -4.473706 1.104790 3.866840
v -4.399424 1.524759 3.866841
v -4.399915 1.524759 4.350530
v -4.186908 1.893925 4.350530
v -4.474197 1.104790 4.350530
v -4.399424 0.684990 3.866840
v -4.399915 0.684990 4.350530
v -4.186416 0.315824 3.866840
v -4.186908 0.315824 4.350530
v -3.859772 0.041659 3.866840
v -3.860264 0.041659 4.350530
v -3.459338 -0.008636 3.866840
v -3.459830 -0.008636 4.350530
v -4.186416 1.893925 3.866841
v -3.860264 2.167921 4.350530
v -3.859772 2.167921 3.866841
v -3.459830 2.313894 4.350531
v -3.459338 2.313894 3.866841
v -3.033323 2.313894 4.350531
v -3.032831 2.313894 3.866841
v -2.632889 2.167921 4.350531
v -2.632396 2.167921 3.866841
v -2.306244 1.893925 4.350531
v -2.305752 1.893925 3.866841
v -2.092745 1.524759 4.350531
v -2.092253 1.524759 3.866841
v -2.018955 1.104790 4.350531
v -2.018463 1.104790 3.866841
v -2.092745 0.684990 4.350530
v -2.092253 0.684990 3.866841
v -2.306244 0.315824 4.350530
v -2.305752 0.315824 3.866841
v -2.632889 0.041659 4.350530
v -2.632396 0.041659 3.866841
v -3.033323 -0.008636 4.350530
v -3.032831 -0.008636 3.866841
v -3.459830 -0.008636 4.350530
v -3.459338 -0.008636 3.866840
v -4.473706 1.104790 3.866840
v -4.406311 1.104790 3.800498
v -4.335964 1.501728 3.800498
v -3.245838 1.104790 3.807889
v -4.134763 1.850574 3.800498
v -3.825828 2.109667 3.800498
v -4.186416 1.893925 3.866841
v -3.859772 2.167921 3.866841
v -3.447531 2.247512 3.800498
v -3.459338 2.313894 3.866841
v -3.044637 2.247512 3.800498
v -3.032831 2.313894 3.866841
v -2.665848 2.109667 3.800498
v -2.632396 2.167921 3.866841
v -2.356913 1.850574 3.800498
v -4.399424 1.524759 3.866841
v -2.305752 1.893925 3.866841
v -2.155712 1.501728 3.800498
v -2.092253 1.524759 3.866841
v -2.085858 1.104790 3.800498
v -2.018463 1.104790 3.866841
v -2.155712 0.708021 3.800498
v -2.092253 0.684990 3.866841
v -2.356913 0.359006 3.800498
v -2.305752 0.315824 3.866841
v -2.665848 0.100082 3.800498
v -2.632396 0.041659 3.866841
v -3.044637 -0.008636 3.800498
v -3.032831 -0.008636 3.866841
v -3.447531 -0.008636 3.800498
v -3.459338 -0.008636 3.866840
v -3.825828 0.100082 3.800498
v -4.134763 0.359006 3.800498
v -4.335964 0.708021 3.800498
v -4.186416 0.315824 3.866840
v -4.399424 0.684990 3.866840
v -3.859772 0.041659 3.866840
v -2.946250 1.214354 4.141046
v -2.927065 1.104790 4.141046
v -2.927065 1.104790 4.141046
v -3.001839 1.310710 4.141046
v -3.001839 1.310710 4.141046
v -3.001839 1.310710 4.141046
v -3.001839 1.310710 4.141046
v -3.001839 1.310710 4.141046
v -3.001839 0.898870 4.141046
v -3.001839 0.898870 4.141046
v -3.001839 0.898870 4.141046
v -3.191725 0.789305 4.141046
v -3.191725 0.789305 4.141046
v -3.191725 0.789305 4.141046
v -3.191725 0.789305 4.141046
v -3.191725 0.789305 4.141046
v -3.191725 0.789305 4.141046
v -3.086943 0.827407 4.141046
v -2.946250 0.995225 4.141046
v -3.086943 1.382342 4.141046
v -3.191725 1.420444 4.141046
v -3.407193 1.382342 4.141046
v -3.407193 1.382342 4.141046
v -3.407193 1.382342 4.141046
v -3.548378 0.995225 4.141046
v -3.548378 0.995225 4.141046
v -3.548378 0.995225 4.141046
v -3.407193 0.827407 4.141046
v -3.407193 0.827407 4.141046
v -3.407193 0.827407 4.141046
v -3.492789 0.898870 4.141046
v -3.302902 1.420444 4.141046
v -3.492789 1.310710 4.141046
v -3.548378 1.214354 4.141046
v -3.567563 1.104790 4.141046
v -3.302902 0.789305 4.141046
v -2.583203 1.104790 4.417414
v -2.623542 1.331878 4.417414
v -2.156204 1.501728 4.416873
v -2.357897 1.850573 4.416873
v -2.086349 1.104790 4.416873
v -2.623542 0.877871 4.417414
v -2.156204 0.708021 4.416873
v -2.738654 0.678047 4.417414
v -2.357897 0.359006 4.416873
v -2.915259 0.529873 4.417414
v -2.666340 0.100082 4.416873
v -3.131709 0.451128 4.417414
v -3.045129 -0.008636 4.416873
v -3.362427 0.451128 4.417414
v -3.448023 -0.008636 4.416873
v -3.579370 0.529873 4.417414
v -3.826813 0.100082 4.416873
v -3.755974 0.678047 4.417414
v -4.135255 0.359006 4.416873
v -3.871087 0.877871 4.417414
v -4.336948 0.708021 4.416873
v -3.910933 1.104790 4.417414
v -4.406803 1.104790 4.416873
v -3.871087 1.331878 4.417414
v -4.336948 1.501728 4.416873
v -3.755974 1.531533 4.417414
v -4.135255 1.850573 4.416873
v -3.579370 1.679876 4.417414
v -3.826813 2.109667 4.416873
v -3.362427 1.758621 4.417414
v -3.448023 2.247512 4.416873
v -3.131709 1.758621 4.417414
v -3.045129 2.247512 4.416873
v -2.915259 1.679876 4.417414
v -2.666340 2.109667 4.416873
v -2.738654 1.531533 4.417414
v -2.826218 1.457869 4.371803
v -2.972815 1.580472 4.371803
v -3.151879 1.645839 4.371803
v -3.342749 1.645839 4.371803
v -3.521813 1.580472 4.371803
v -3.667918 1.457869 4.371803
v -3.763353 1.292760 4.371803
v -3.796313 1.104790 4.371803
v -3.763353 0.916989 4.371803
v -3.667918 0.751711 4.371803
v -3.521813 0.629107 4.371803
v -3.342749 0.563910 4.371803
v -3.151879 0.563910 4.371803
v -2.972815 0.629107 4.371803
v -2.826218 0.751711 4.371803
v -2.731275 0.916989 4.371803
v -2.697824 1.104790 4.371803
v -2.731275 1.292760 4.371803
v -2.697824 1.104790 4.371803
v -2.750460 1.285648 3.905421
v -2.731275 1.292760 4.371803
v -2.841960 1.444829 3.905421
v -2.718485 1.104790 3.905421
v -2.731275 0.916989 4.371803
v -2.750460 0.923932 3.905421
v -2.826218 0.751711 4.371803
v -2.841960 0.764920 3.905421
v -2.972815 0.629107 4.371803
v -2.982653 0.646888 3.905421
v -3.151879 0.563910 4.371803
v -3.155322 0.584062 3.905421
v -3.342749 0.563910 4.371803
v -3.338814 0.584062 3.905421
v -3.521813 0.629107 4.371803
v -3.511483 0.646888 3.905421
v -3.667918 0.751711 4.371803
v -3.652176 0.764920 3.905421
v -3.763353 0.916989 4.371803
v -3.744168 0.923932 3.905421
v -3.796313 1.104790 4.371803
v -3.776143 1.104790 3.905421
v -3.763353 1.292760 4.371803
v -3.744168 1.285648 3.905421
v -3.667918 1.457869 4.371803
v -3.652176 1.444829 3.905421
v -3.521813 1.580472 4.371803
v -3.511483 1.562861 3.905421
v -3.342749 1.645839 4.371803
v -3.338814 1.625687 3.905421
v -3.151879 1.645839 4.371803
v -3.155322 1.625687 3.905421
v -2.972815 1.580472 4.371803
v -2.982653 1.562861 3.905421
v -2.826218 1.457869 4.371803
v -2.718485 1.104790 3.905421
v -2.946250 1.214354 4.141046
v -2.750460 1.285648 3.905421
v -3.001839 1.310710 4.141046
v -2.927065 1.104790 4.141046
v -2.750460 0.923932 3.905421
v -2.946250 0.995225 4.141046
v -2.841960 0.764920 3.905421
v -3.001839 0.898870 4.141046
v -2.982653 0.646888 3.905421
v -3.086943 0.827407 4.141046
v -3.155322 0.584062 3.905421
v -3.191725 0.789305 4.141046
v -3.338814 0.584062 3.905421
v -3.302902 0.789305 4.141046
v -3.511483 0.646888 3.905421
v -3.407193 0.827407 4.141046
v -3.652176 0.764920 3.905421
v -3.492789 0.898870 4.141046
v -3.744168 0.923932 3.905421
v -3.548378 0.995225 4.141046
v -3.776143 1.104790 3.905421
v -3.567563 1.104790 4.141046
v -3.744168 1.285648 3.905421
v -3.548378 1.214354 4.141046
v -3.652176 1.444829 3.905421
v -3.492789 1.310710 4.141046
v -3.511483 1.562861 3.905421
v -3.407193 1.382342 4.141046
v -3.338814 1.625687 3.905421
v -3.302902 1.420444 4.141046
v -3.155322 1.625687 3.905421
v -3.191725 1.420444 4.141046
v -2.982653 1.562861 3.905421
v -3.086943 1.382342 4.141046
v -2.841960 1.444829 3.905421
v -4.399915 1.524759 4.350530
v -4.406803 1.104790 4.416873
v -4.474197 1.104790 4.350530
v -4.336948 0.708021 4.416873
v -4.336948 1.501728 4.416873
v -4.186908 1.893925 4.350530
v -4.135255 1.850573 4.416873
v -3.860264 2.167921 4.350530
v -3.826813 2.109667 4.416873
v -3.459830 2.313894 4.350531
v -3.448023 2.247512 4.416873
v -3.033323 2.313894 4.350531
v -3.045129 2.247512 4.416873
v -2.632889 2.167921 4.350531
v -2.666340 2.109667 4.416873
v -2.306244 1.893925 4.350531
v -2.357897 1.850573 4.416873
v -2.092745 1.524759 4.350531
v -2.156204 1.501728 4.416873
v -2.018955 1.104790 4.350531
v -2.086349 1.104790 4.416873
v -2.092745 0.684990 4.350530
v -2.156204 0.708021 4.416873
v -2.306244 0.315824 4.350530
v -2.357897 0.359006 4.416873
v -2.632889 0.041659 4.350530
v -2.666340 0.100082 4.416873
v -3.033323 -0.008636 4.350530
v -3.045129 -0.008636 4.416873
v -3.459830 -0.008636 4.350530
v -3.448023 -0.008636 4.416873
v -3.860264 0.041659 4.350530
v -3.826813 0.100082 4.416873
v -4.186908 0.315824 4.350530
v -4.135255 0.359006 4.416873
v -4.399915 0.684990 4.350530
v -2.092746 1.524758 8.734922
v -2.019448 1.104789 8.251413
v -2.018956 1.104789 8.734922
v -2.093238 0.684989 8.251413
v -2.093238 1.524758 8.251413
v -2.306245 1.893924 8.734922
v -2.306737 1.893924 8.251413
v -2.632398 2.167920 8.734922
v -2.632890 2.167920 8.251413
v -3.033324 2.313893 8.734922
v -3.033816 2.313893 8.251413
v -3.459831 2.313893 8.734922
v -3.460322 2.313893 8.251413
v -3.860265 2.167920 8.734922
v -3.860757 2.167920 8.251413
v -4.186909 1.893924 8.734922
v -4.187401 1.893924 8.251413
v -4.399916 1.524758 8.734922
v -4.400408 1.524758 8.251413
v -4.474198 1.104789 8.734922
v -4.474690 1.104789 8.251413
v -4.399916 0.684989 8.734922
v -4.400408 0.684989 8.251413
v -4.186909 0.315823 8.734921
v -4.187401 0.315823 8.251412
v -3.860265 0.041658 8.734922
v -3.860757 0.041658 8.251413
v -3.459831 -0.008637 8.734922
v -3.460322 -0.008637 8.251413
v -3.033324 -0.008637 8.734922
v -3.033816 -0.008637 8.251413
v -3.033324 -0.008637 8.734922
v -3.033816 -0.008637 8.251413
v -2.632398 0.041658 8.734922
v -2.632890 0.041658 8.251413
v -2.306245 0.315823 8.734922
v -2.306737 0.315823 8.251413
v -2.092746 0.684989 8.734922
v -2.019448 1.104789 8.251413
v -2.156697 1.501727 8.185071
v -2.086843 1.104789 8.185071
v -3.246823 1.104789 8.192282
v -2.156697 0.708020 8.185070
v -2.358390 0.359005 8.185070
v -2.306737 0.315823 8.251413
v -2.632890 0.041658 8.251413
v -2.666833 0.100081 8.185070
v -3.033816 -0.008637 8.251413
v -3.045622 -0.008637 8.185070
v -3.460322 -0.008637 8.251413
v -3.448516 -0.008637 8.185070
v -3.860757 0.041658 8.251413
v -3.827306 0.100081 8.185070
v -2.093238 0.684989 8.251413
v -4.187401 0.315823 8.251412
v -4.135748 0.359005 8.185070
v -4.400408 0.684989 8.251413
v -4.337441 0.708020 8.185070
v -4.474690 1.104789 8.251413
v -4.407295 1.104789 8.185070
v -4.400408 1.524758 8.251413
v -4.337441 1.501727 8.185070
v -4.187401 1.893924 8.251413
v -4.135748 1.850573 8.185070
v -3.860757 2.167920 8.251413
v -3.827306 2.109666 8.185070
v -3.460322 2.313893 8.251413
v -3.448516 2.247511 8.185070
v -3.033816 2.313893 8.251413
v -3.045622 2.247511 8.185071
v -2.666833 2.109666 8.185071
v -2.358390 1.850573 8.185071
v -2.306737 1.893924 8.251413
v -2.093238 1.524758 8.251413
v -2.632890 2.167920 8.251413
v -3.405718 0.827406 8.525618
v -3.491314 0.898869 8.525618
v -3.301428 0.789304 8.525618
v -3.491314 1.310709 8.525618
v -3.491314 1.310709 8.525618
v -3.085469 1.382341 8.525618
v -3.301428 1.420443 8.525618
v -3.301428 1.420443 8.525618
v -3.190251 1.420443 8.525618
v -3.546903 0.995224 8.525618
v -3.566088 1.104789 8.525618
v -3.546903 1.214353 8.525618
v -3.405718 1.382341 8.525618
v -3.190251 0.789304 8.525618
v -3.085469 0.827406 8.525618
v -2.944776 0.995224 8.525618
v -2.944776 1.214353 8.525618
v -3.000364 1.310709 8.525618
v -3.000364 0.898869 8.525618
v -2.925098 1.104789 8.525618
v -4.406804 1.104789 8.801445
v -4.336457 1.501727 8.801445
v -3.909458 1.104789 8.801986
v -3.869612 1.331877 8.801986
v -4.135256 1.850572 8.801445
v -3.754499 1.531531 8.801987
v -3.826321 2.109666 8.801445
v -3.577895 1.679875 8.801987
v -3.448024 2.247511 8.801445
v -3.360952 1.758620 8.801987
v -3.044638 2.247511 8.801446
v -3.130235 1.758620 8.801987
v -2.666341 2.109666 8.801446
v -2.913784 1.679875 8.801987
v -2.357407 1.850572 8.801446
v -2.737180 1.531531 8.801987
v -2.156205 1.501727 8.801446
v -2.622067 1.331877 8.801987
v -2.085859 1.104789 8.801446
v -2.581728 1.104789 8.801987
v -2.156205 0.708020 8.801445
v -2.622067 0.877870 8.801987
v -2.357407 0.359005 8.801445
v -2.737180 0.678046 8.801987
v -2.666341 0.100081 8.801445
v -2.913784 0.529871 8.801987
v -3.044638 -0.008637 8.801445
v -3.130235 0.451127 8.801986
v -3.448024 -0.008637 8.801445
v -3.360952 0.451127 8.801986
v -3.826321 0.100081 8.801445
v -3.577895 0.529871 8.801986
v -4.135256 0.359005 8.801445
v -3.754499 0.678046 8.801986
v -4.336457 0.708020 8.801445
v -3.869612 0.877870 8.801986
v -3.794838 1.104789 8.756375
v -3.761878 1.292759 8.756375
v -3.761878 0.916988 8.756375
v -3.666443 0.751710 8.756375
v -3.520339 0.629106 8.756375
v -3.341275 0.563909 8.756375
v -3.150404 0.563909 8.756375
v -2.970849 0.629106 8.756375
v -2.824744 0.751710 8.756375
v -2.729309 0.916988 8.756375
v -2.696349 1.104789 8.756375
v -2.729309 1.292759 8.756375
v -2.824744 1.457868 8.756375
v -2.970849 1.580471 8.756376
v -3.150404 1.645838 8.756375
v -3.341275 1.645838 8.756375
v -3.520339 1.580471 8.756375
v -3.666443 1.457868 8.756375
v -3.742693 1.285647 8.289993
v -3.794838 1.104789 8.756375
v -3.774668 1.104789 8.289993
v -3.761878 0.916988 8.756375
v -3.761878 1.292759 8.756375
v -3.650701 1.444828 8.289993
v -3.666443 1.457868 8.756375
v -3.510008 1.562860 8.289993
v -3.520339 1.580471 8.756375
v -3.337339 1.625686 8.289993
v -3.341275 1.645838 8.756375
v -3.153847 1.625686 8.289993
v -3.150404 1.645838 8.756375
v -2.981179 1.562860 8.289993
v -2.970849 1.580471 8.756376
v -2.840486 1.444828 8.289993
v -2.824744 1.457868 8.756375
v -2.748986 1.285647 8.289993
v -2.729309 1.292759 8.756375
v -2.717010 1.104789 8.289993
v -2.696349 1.104789 8.756375
v -2.748986 0.923931 8.289993
v -2.729309 0.916988 8.756375
v -2.840486 0.764919 8.289993
v -2.824744 0.751710 8.756375
v -2.981179 0.646887 8.289993
v -2.970849 0.629106 8.756375
v -3.153847 0.584061 8.289993
v -3.150404 0.563909 8.756375
v -3.337339 0.584061 8.289993
v -3.341275 0.563909 8.756375
v -3.510008 0.646887 8.289993
v -3.520339 0.629106 8.756375
v -3.650701 0.764919 8.289993
v -3.666443 0.751710 8.756375
v -3.742693 0.923931 8.289993
v -3.546903 1.214353 8.525618
v -3.774668 1.104789 8.289993
v -3.566088 1.104789 8.525618
v -3.742693 0.923931 8.289993
v -3.742693 1.285647 8.289993
v -3.491314 1.310709 8.525618
v -3.650701 1.444828 8.289993
v -3.405718 1.382341 8.525618
v -3.510008 1.562860 8.289993
v -3.301428 1.420443 8.525618
v -3.337339 1.625686 8.289993
v -3.190251 1.420443 8.525618
v -3.153847 1.625686 8.289993
v -3.085469 1.382341 8.525618
v -2.981179 1.562860 8.289993
v -3.000364 1.310709 8.525618
v -2.840486 1.444828 8.289993
v -2.944776 1.214353 8.525618
v -2.748986 1.285647 8.289993
v -2.925098 1.104789 8.525618
v -2.717010 1.104789 8.289993
v -2.944776 0.995224 8.525618
v -2.748986 0.923931 8.289993
v -3.000364 0.898869 8.525618
v -2.840486 0.764919 8.289993
v -3.085469 0.827406 8.525618
v -2.981179 0.646887 8.289993
v -3.190251 0.789304 8.525618
v -3.153847 0.584061 8.289993
v -3.301428 0.789304 8.525618
v -3.337339 0.584061 8.289993
v -3.405718 0.827406 8.525618
v -3.510008 0.646887 8.289993
v -3.491314 0.898869 8.525618
v -3.650701 0.764919 8.289993
v -3.546903 0.995224 8.525618
v -2.085859 1.104789 8.801446
v -2.092746 1.524758 8.734922
v -2.156205 1.501727 8.801446
v -2.306245 1.893924 8.734922
v -2.018956 1.104789 8.734922
v -2.156205 0.708020 8.801445
v -2.092746 0.684989 8.734922
v -2.357407 0.359005 8.801445
v -2.306245 0.315823 8.734922
v -2.666341 0.100081 8.801445
v -2.632398 0.041658 8.734922
v -3.044638 -0.008637 8.801445
v -3.033324 -0.008637 8.734922
v -3.448024 -0.008637 8.801445
v -3.459831 -0.008637 8.734922
v -3.826321 0.100081 8.801445
v -3.860265 0.041658 8.734922
v -4.135256 0.359005 8.801445
v -4.186909 0.315823 8.734921
v -4.336457 0.708020 8.801445
v -4.399916 0.684989 8.734922
v -4.406804 1.104789 8.801445
v -4.474198 1.104789 8.734922
v -4.336457 1.501727 8.801445
v -4.399916 1.524758 8.734922
v -4.135256 1.850572 8.801445
v -4.186909 1.893924 8.734922
v -3.826321 2.109666 8.801445
v -3.860265 2.167920 8.734922
v -3.448024 2.247511 8.801445
v -3.459831 2.313893 8.734922
v -3.044638 2.247511 8.801446
v -3.033324 2.313893 8.734922
v -2.666341 2.109666 8.801446
v -2.632398 2.167920 8.734922
v -2.357407 1.850572 8.801446
v -4.399916 1.524758 7.613404
v -4.474198 1.104789 7.613404
v -4.473707 1.104789 8.097094
v -4.399425 0.684989 8.097094
v -4.399425 1.524758 8.097094
v -4.186909 1.893924 7.613405
v -4.186417 1.893924 8.097094
v -3.860265 2.167920 7.613405
v -3.859773 2.167920 8.097095
v -3.459831 2.313893 7.613405
v -3.459339 2.313893 8.097095
v -3.033324 2.313893 7.613405
v -3.032832 2.313893 8.097095
v -2.632890 2.167920 7.613405
v -2.632397 2.167920 8.097095
v -2.306245 1.893924 7.613405
v -2.305753 1.893924 8.097095
v -2.092746 1.524758 7.613405
v -2.092254 1.524758 8.097095
v -2.018956 1.104789 7.613405
v -2.018464 1.104789 8.097095
v -2.092746 0.684989 7.613405
v -2.092254 0.684989 8.097095
v -2.306245 0.315823 7.613405
v -2.305753 0.315823 8.097094
v -2.632890 0.041658 7.613405
v -2.632397 0.041658 8.097094
v -3.033324 -0.008637 7.613404
v -3.032832 -0.008637 8.097094
v -3.459831 -0.008637 7.613404
v -3.459339 -0.008637 8.097094
v -3.459831 -0.008637 7.613404
v -3.459339 -0.008637 8.097094
v -3.860265 0.041658 7.613404
v -3.859773 0.041658 8.097094
v -4.186909 0.315823 7.613404
v -4.186417 0.315823 8.097094
v -4.399916 0.684989 7.613404
v -4.473707 1.104789 8.097094
v -4.335965 1.501727 8.163437
v -4.406312 1.104789 8.163437
v -3.245839 1.104789 8.156225
v -4.335965 0.708020 8.163437
v -4.134764 0.359005 8.163437
v -4.186417 0.315823 8.097094
v -3.859773 0.041658 8.097094
v -3.825829 0.100081 8.163437
v -3.459339 -0.008637 8.097094
v -3.447532 -0.008637 8.163437
v -3.032832 -0.008637 8.097094
v -3.044638 -0.008637 8.163437
v -2.632397 0.041658 8.097094
v -2.665849 0.100081 8.163437
v -4.399425 0.684989 8.097094
v -2.305753 0.315823 8.097094
v -2.356914 0.359005 8.163437
v -2.092254 0.684989 8.097095
v -2.155713 0.708020 8.163437
v -2.018464 1.104789 8.097095
v -2.085859 1.104789 8.163437
v -2.092254 1.524758 8.097095
v -2.155713 1.501727 8.163437
v -2.305753 1.893924 8.097095
v -2.356914 1.850573 8.163437
v -2.632397 2.167920 8.097095
v -2.665849 2.109666 8.163437
v -3.032832 2.313893 8.097095
v -3.044638 2.247511 8.163437
v -3.459339 2.313893 8.097095
v -3.447532 2.247511 8.163437
v -3.825829 2.109666 8.163437
v -4.134764 1.850573 8.163437
v -4.186417 1.893924 8.097094
v -4.399425 1.524758 8.097094
v -3.859773 2.167920 8.097095
v -3.086944 0.827406 7.822889
v -3.001840 0.898869 7.822889
v -3.191726 0.789304 7.822889
v -3.001840 1.310709 7.822889
v -3.001840 1.310709 7.822889
v -3.001840 1.310709 7.822889
v -3.001840 1.310709 7.822889
v -3.407194 1.382341 7.822889
v -3.407194 1.382341 7.822889
v -3.407194 1.382341 7.822889
v -3.407194 1.382341 7.822889
v -3.191726 1.420443 7.822889
v -3.191726 1.420443 7.822889
v -3.191726 1.420443 7.822889
v -3.302903 1.420443 7.822889
v -2.946251 0.995225 7.822889
v -2.927066 1.104789 7.822889
v -2.927066 1.104789 7.822889
v -2.946251 1.214354 7.822889
v -3.086944 1.382341 7.822889
v -3.302903 0.789304 7.822889
v -3.407194 0.827406 7.822889
v -3.407194 0.827406 7.822889
v -3.548379 0.995225 7.822889
v -3.548379 0.995225 7.822889
v -3.548379 1.214354 7.822889
v -3.548379 1.214354 7.822889
v -3.492790 1.310709 7.822889
v -3.492790 0.898869 7.822889
v -3.567564 1.104789 7.822889
v -2.086350 1.104789 7.547062
v -2.156205 1.501727 7.547062
v -2.583204 1.104789 7.546521
v -2.623543 1.331877 7.546521
v -2.357898 1.850573 7.547062
v -2.738655 1.531532 7.546521
v -2.666341 2.109667 7.547062
v -2.915260 1.679876 7.546521
v -3.045130 2.247511 7.547062
v -3.131710 1.758620 7.546521
v -3.448024 2.247511 7.547062
v -3.362428 1.758620 7.546521
v -3.826813 2.109667 7.547062
v -3.579371 1.679876 7.546521
v -4.135256 1.850573 7.547062
v -3.755975 1.531532 7.546521
v -4.336949 1.501727 7.547062
v -3.871088 1.331877 7.546521
v -4.406804 1.104789 7.547062
v -3.910934 1.104789 7.546521
v -4.336949 0.708020 7.547062
v -3.871088 0.877870 7.546521
v -4.135256 0.359006 7.547062
v -3.755975 0.678046 7.546521
v -3.826813 0.100081 7.547062
v -3.579371 0.529872 7.546521
v -3.448024 -0.008637 7.547062
v -3.362428 0.451128 7.546521
v -3.045130 -0.008637 7.547062
v -3.131710 0.451128 7.546521
v -2.666341 0.100081 7.547062
v -2.915260 0.529872 7.546521
v -2.357898 0.359006 7.547062
v -2.738655 0.678046 7.546521
v -2.156205 0.708020 7.547062
v -2.623543 0.877870 7.546521
v -2.697824 1.104789 7.592132
v -2.731276 1.292759 7.592132
v -2.731276 0.916988 7.592132
v -2.826219 0.751710 7.592132
v -2.972816 0.629107 7.592132
v -3.151880 0.563910 7.592132
v -3.342750 0.563910 7.592132
v -3.521814 0.629107 7.592132
v -3.667919 0.751710 7.592132
v -3.763354 0.916988 7.592132
v -3.796314 1.104789 7.592132
v -3.763354 1.292759 7.592132
v -3.667919 1.457868 7.592132
v -3.521814 1.580472 7.592132
v -3.342750 1.645838 7.592132
v -3.151880 1.645838 7.592132
v -2.972816 1.580472 7.592132
v -2.826219 1.457868 7.592132
v -2.750461 1.285647 8.058515
v -2.697824 1.104789 7.592132
v -2.718486 1.104789 8.058515
v -2.731276 0.916988 7.592132
v -2.731276 1.292759 7.592132
v -2.841961 1.444828 8.058515
v -2.826219 1.457868 7.592132
v -2.982654 1.562860 8.058515
v -2.972816 1.580472 7.592132
v -3.155323 1.625686 8.058515
v -3.151880 1.645838 7.592132
v -3.338815 1.625686 8.058515
v -3.342750 1.645838 7.592132
v -3.511484 1.562860 8.058515
v -3.521814 1.580472 7.592132
v -3.652177 1.444828 8.058515
v -3.667919 1.457868 7.592132
v -3.744169 1.285647 8.058515
v -3.763354 1.292759 7.592132
v -3.776144 1.104789 8.058515
v -3.796314 1.104789 7.592132
v -3.744169 0.923931 8.058515
v -3.763354 0.916988 7.592132
v -3.652177 0.764919 8.058515
v -3.667919 0.751710 7.592132
v -3.511484 0.646887 8.058515
v -3.521814 0.629107 7.592132
v -3.338815 0.584061 8.058515
v -3.342750 0.563910 7.592132
v -3.155323 0.584061 8.058515
v -3.151880 0.563910 7.592132
v -2.982654 0.646887 8.058515
v -2.972816 0.629107 7.592132
v -2.841961 0.764919 8.058515
v -2.826219 0.751710 7.592132
v -2.750461 0.923931 8.058515
v -2.946251 1.214354 7.822889
v -2.718486 1.104789 8.058515
v -2.927066 1.104789 7.822889
v -2.750461 0.923931 8.058515
v -2.750461 1.285647 8.058515
v -3.001840 1.310709 7.822889
v -2.841961 1.444828 8.058515
v -3.086944 1.382341 7.822889
v -2.982654 1.562860 8.058515
v -3.191726 1.420443 7.822889
v -3.155323 1.625686 8.058515
v -3.302903 1.420443 7.822889
v -3.338815 1.625686 8.058515
v -3.407194 1.382341 7.822889
v -3.511484 1.562860 8.058515
v -3.492790 1.310709 7.822889
v -3.652177 1.444828 8.058515
v -3.548379 1.214354 7.822889
v -3.744169 1.285647 8.058515
v -3.567564 1.104789 7.822889
v -3.776144 1.104789 8.058515
v -3.548379 0.995225 7.822889
v -3.744169 0.923931 8.058515
v -3.492790 0.898869 7.822889
v -3.652177 0.764919 8.058515
v -3.407194 0.827406 7.822889
v -3.511484 0.646887 8.058515
v -3.302903 0.789304 7.822889
v -3.338815 0.584061 8.058515
v -3.191726 0.789304 7.822889
v -3.155323 0.584061 8.058515
v -3.086944 0.827406 7.822889
v -2.982654 0.646887 8.058515
v -3.001840 0.898869 7.822889
v -2.841961 0.764919 8.058515
v -2.946251 0.995225 7.822889
v -4.406804 1.104789 7.547062
v -4.399916 1.524758 7.613404
v -4.336949 1.501727 7.547062
v -4.186909 1.893924 7.613405
v -4.474198 1.104789 7.613404
v -4.336949 0.708020 7.547062
v -4.399916 0.684989 7.613404
v -4.135256 0.359006 7.547062
v -4.186909 0.315823 7.613404
v -3.826813 0.100081 7.547062
v -3.860265 0.041658 7.613404
v -3.448024 -0.008637 7.547062
v -3.459831 -0.008637 7.613404
v -3.045130 -0.008637 7.547062
v -3.033324 -0.008637 7.613404
v -2.666341 0.100081 7.547062
v -2.632890 0.041658 7.613405
v -2.357898 0.359006 7.547062
v -2.306245 0.315823 7.613405
v -2.156205 0.708020 7.547062
v -2.092746 0.684989 7.613405
v -2.086350 1.104789 7.547062
v -2.018956 1.104789 7.613405
v -2.156205 1.501727 7.547062
v -2.092746 1.524758 7.613405
v -2.357898 1.850573 7.547062
v -2.306245 1.893924 7.613405
v -2.666341 2.109667 7.547062
v -2.632890 2.167920 7.613405
v -3.045130 2.247511 7.547062
v -3.033324 2.313893 7.613405
v -3.448024 2.247511 7.547062
v -3.459831 2.313893 7.613405
v -3.826813 2.109667 7.547062
v -3.860265 2.167920 7.613405
v -4.135256 1.850573 7.547062
v -4.787560 1.104790 3.712521
v -4.861350 1.524759 3.229013
v -4.861842 1.524759 3.712522
v -5.074358 1.893925 3.229013
v -4.787067 1.104790 3.229012
v -4.861842 0.684990 3.712521
v -4.861350 0.684991 3.229012
v -5.074849 0.315824 3.712521
v -5.074358 0.315824 3.229012
v -5.401494 0.041659 3.712521
v -5.401001 0.041659 3.229012
v -5.801928 -0.008636 3.712521
v -5.801435 -0.008636 3.229012
v -5.074849 1.893925 3.712522
v -5.401001 2.167921 3.229012
v -5.401494 2.167921 3.712521
v -5.801435 2.313894 3.229012
v -5.801928 2.313894 3.712521
v -6.227942 2.313894 3.229012
v -6.228435 2.313894 3.712521
v -6.628376 2.167921 3.229012
v -6.628869 2.167921 3.712521
v -6.955021 1.893925 3.229012
v -6.955513 1.893925 3.712521
v -7.168520 1.524759 3.229012
v -7.169013 1.524759 3.712521
v -7.242311 1.104790 3.229012
v -7.242802 1.104790 3.712521
v -7.168520 0.684991 3.229012
v -7.169013 0.684990 3.712521
v -6.955021 0.315824 3.229012
v -6.955513 0.315824 3.712521
v -6.628376 0.041659 3.229012
v -6.628869 0.041659 3.712521
v -6.227942 -0.008636 3.229012
v -6.228435 -0.008636 3.712521
v -5.801435 -0.008636 3.229012
v -5.801928 -0.008636 3.712521
v -4.787560 1.104790 3.712521
v -4.854954 1.104790 3.778864
v -4.924809 1.501728 3.778864
v -6.015427 1.104790 3.771653
v -5.126502 1.850574 3.778864
v -5.434945 2.109667 3.778864
v -5.074849 1.893925 3.712522
v -5.401494 2.167921 3.712521
v -5.813734 2.247512 3.778864
v -5.801928 2.313894 3.712521
v -6.216628 2.247512 3.778864
v -6.228435 2.313894 3.712521
v -6.595417 2.109667 3.778864
v -6.628869 2.167921 3.712521
v -6.904352 1.850574 3.778864
v -4.861842 1.524759 3.712522
v -6.955513 1.893925 3.712521
v -7.105553 1.501728 3.778864
v -7.169013 1.524759 3.712521
v -7.175407 1.104790 3.778863
v -7.242802 1.104790 3.712521
v -7.105553 0.708021 3.778864
v -7.169013 0.684990 3.712521
v -6.904352 0.359006 3.778863
v -6.955513 0.315824 3.712521
v -6.595417 0.100082 3.778863
v -6.628869 0.041659 3.712521
v -6.216628 -0.008636 3.778863
v -6.228435 -0.008636 3.712521
v -5.813734 -0.008636 3.778864
v -5.801928 -0.008636 3.712521
v -5.434945 0.100082 3.778864
v -5.126502 0.359006 3.778864
v -4.924809 0.708021 3.778864
v -5.074849 0.315824 3.712521
v -4.861842 0.684990 3.712521
v -5.401494 0.041659 3.712521
v -6.315015 1.214355 3.438316
v -6.334200 1.104790 3.438316
v -6.259426 1.310710 3.438316
v -6.259426 1.310710 3.438316
v -6.259426 1.310710 3.438316
v -6.259426 1.310710 3.438316
v -6.259426 0.898870 3.438316
v -6.259426 0.898870 3.438316
v -6.069540 0.789305 3.438316
v -6.069540 0.789305 3.438316
v -6.069540 0.789305 3.438316
v -6.069540 0.789305 3.438316
v -6.069540 0.789305 3.438316
v -6.069540 0.789305 3.438316
v -6.174322 0.827407 3.438316
v -6.315015 0.995226 3.438316
v -6.174322 1.382342 3.438316
v -6.069540 1.420444 3.438316
v -6.069540 1.420444 3.438316
v -6.069540 1.420444 3.438316
v -5.853580 1.382342 3.438316
v -5.853580 1.382342 3.438316
v -5.853580 1.382342 3.438316
v -5.853580 1.382342 3.438316
v -5.853580 1.382342 3.438316
v -5.712888 0.995226 3.438316
v -5.712888 0.995226 3.438316
v -5.712888 0.995226 3.438316
v -5.712888 0.995226 3.438316
v -5.853580 0.827407 3.438316
v -5.853580 0.827407 3.438316
v -5.853580 0.827407 3.438316
v -5.768476 0.898870 3.438316
v -5.958363 1.420444 3.438316
v -5.768476 1.310710 3.438316
v -5.712888 1.214355 3.438316
v -5.693702 1.104790 3.438316
v -5.958363 0.789305 3.438316
v -6.678062 1.104790 3.161948
v -6.637724 1.331878 3.161948
v -7.105061 1.501729 3.162489
v -6.903368 1.850574 3.162489
v -7.174916 1.104790 3.162488
v -6.637724 0.877872 3.161948
v -7.105061 0.708021 3.162489
v -6.522611 0.678048 3.161948
v -6.903368 0.359007 3.162488
v -6.346006 0.529873 3.161948
v -6.594925 0.100082 3.162488
v -6.129064 0.451129 3.161948
v -6.216136 -0.008636 3.162488
v -5.898839 0.451129 3.161948
v -5.813242 -0.008636 3.162489
v -5.681896 0.529873 3.161948
v -5.434453 0.100082 3.162489
v -5.505291 0.678048 3.161948
v -5.126010 0.359007 3.162489
v -5.390179 0.877872 3.161948
v -4.924317 0.708021 3.162489
v -5.350332 1.104790 3.161948
v -4.854462 1.104790 3.162489
v -5.390179 1.331878 3.161948
v -4.924317 1.501729 3.162489
v -5.505291 1.531533 3.161948
v -5.126010 1.850574 3.162489
v -5.681896 1.679877 3.161948
v -5.434453 2.109668 3.162489
v -5.898839 1.758621 3.161948
v -5.813242 2.247512 3.162489
v -6.129064 1.758621 3.161948
v -6.216136 2.247512 3.162489
v -6.346006 1.679877 3.161948
v -6.594925 2.109668 3.162489
v -6.522611 1.531533 3.161948
v -6.434555 1.457869 3.207559
v -6.288450 1.580473 3.207559
v -6.109386 1.645839 3.207559
v -5.918516 1.645839 3.207559
v -5.739452 1.580473 3.207559
v -5.593348 1.457869 3.207559
v -5.497912 1.292760 3.207559
v -5.464952 1.104790 3.207559
v -5.497912 0.916990 3.207559
v -5.593348 0.751711 3.207559
v -5.739452 0.629108 3.207559
v -5.918516 0.563911 3.207559
v -6.109386 0.563911 3.207559
v -6.288450 0.629108 3.207559
v -6.434555 0.751711 3.207559
v -6.529990 0.916990 3.207559
v -6.563442 1.104790 3.207559
v -6.529990 1.292760 3.207559
v -6.563442 1.104790 3.207559
v -6.510805 1.285648 3.673941
v -6.529990 1.292760 3.207559
v -6.419305 1.444829 3.673941
v -6.542780 1.104790 3.673941
v -6.529990 0.916990 3.207559
v -6.510805 0.923932 3.673941
v -6.434555 0.751711 3.207559
v -6.419305 0.764920 3.673941
v -6.288450 0.629108 3.207559
v -6.278612 0.646888 3.673941
v -6.109386 0.563911 3.207559
v -6.105943 0.584062 3.673941
v -5.918516 0.563911 3.207559
v -5.921959 0.584062 3.673941
v -5.739452 0.629108 3.207559
v -5.749783 0.646888 3.673941
v -5.593348 0.751711 3.207559
v -5.609089 0.764920 3.673941
v -5.497912 0.916990 3.207559
v -5.517098 0.923932 3.673941
v -5.464952 1.104790 3.207559
v -5.485122 1.104790 3.673941
v -5.497912 1.292760 3.207559
v -5.517098 1.285648 3.673941
v -5.593348 1.457869 3.207559
v -5.609089 1.444829 3.673941
v -5.739452 1.580473 3.207559
v -5.749783 1.562861 3.673942
v -5.918516 1.645839 3.207559
v -5.921959 1.625687 3.673942
v -6.109386 1.645839 3.207559
v -6.105943 1.625687 3.673942
v -6.288450 1.580473 3.207559
v -6.278612 1.562861 3.673941
v -6.434555 1.457869 3.207559
v -6.542780 1.104790 3.673941
v -6.315015 1.214355 3.438316
v -6.510805 1.285648 3.673941
v -6.259426 1.310710 3.438316
v -6.334200 1.104790 3.438316
v -6.510805 0.923932 3.673941
v -6.315015 0.995226 3.438316
v -6.419305 0.764920 3.673941
v -6.259426 0.898870 3.438316
v -6.278612 0.646888 3.673941
v -6.174322 0.827407 3.438316
v -6.105943 0.584062 3.673941
v -6.069540 0.789305 3.438316
v -5.921959 0.584062 3.673941
v -5.958363 0.789305 3.438316
v -5.749783 0.646888 3.673941
v -5.853580 0.827407 3.438316
v -5.609089 0.764920 3.673941
v -5.768476 0.898870 3.438316
v -5.517098 0.923932 3.673941
v -5.712888 0.995226 3.438316
v -5.485122 1.104790 3.673941
v -5.693702 1.104790 3.438316
v -5.517098 1.285648 3.673941
v -5.712888 1.214355 3.438316
v -5.609089 1.444829 3.673941
v -5.768476 1.310710 3.438316
v -5.749783 1.562861 3.673942
v -5.853580 1.382342 3.438316
v -5.921959 1.625687 3.673942
v -5.958363 1.420444 3.438316
v -6.105943 1.625687 3.673942
v -6.069540 1.420444 3.438316
v -6.278612 1.562861 3.673941
v -6.174322 1.382342 3.438316
v -6.419305 1.444829 3.673941
v -4.861350 1.524759 3.229013
v -4.854462 1.104790 3.162489
v -4.787067 1.104790 3.229012
v -4.924317 0.708021 3.162489
v -4.924317 1.501729 3.162489
v -5.074358 1.893925 3.229013
v -5.126010 1.850574 3.162489
v -5.401001 2.167921 3.229012
v -5.434453 2.109668 3.162489
v -5.801435 2.313894 3.229012
v -5.813242 2.247512 3.162489
v -6.227942 2.313894 3.229012
v -6.216136 2.247512 3.162489
v -6.628376 2.167921 3.229012
v -6.594925 2.109668 3.162489
v -6.955021 1.893925 3.229012
v -6.903368 1.850574 3.162489
v -7.168520 1.524759 3.229012
v -7.105061 1.501729 3.162489
v -7.242311 1.104790 3.229012
v -7.174916 1.104790 3.162488
v -7.168520 0.684991 3.229012
v -7.105061 0.708021 3.162489
v -6.955021 0.315824 3.229012
v -6.903368 0.359007 3.162488
v -6.628376 0.041659 3.229012
v -6.594925 0.100082 3.162488
v -6.227942 -0.008636 3.229012
v -6.216136 -0.008636 3.162488
v -5.801435 -0.008636 3.229012
v -5.813242 -0.008636 3.162489
v -5.401001 0.041659 3.229012
v -5.434453 0.100082 3.162489
v -5.074358 0.315824 3.229012
v -5.126010 0.359007 3.162489
v -4.861350 0.684991 3.229012
v -7.241819 1.104790 3.866840
v -7.168028 1.524759 3.866840
v -7.168520 1.524759 4.350529
v -6.955021 1.893925 4.350530
v -7.242311 1.104790 4.350529
v -7.168028 0.684990 3.866840
v -7.168520 0.684990 4.350529
v -6.954529 0.315824 3.866840
v -6.955021 0.315824 4.350529
v -6.627885 0.041659 3.866840
v -6.628376 0.041659 4.350529
v -6.227451 -0.008636 3.866840
v -6.227942 -0.008636 4.350529
v -6.954529 1.893925 3.866840
v -6.628376 2.167921 4.350530
v -6.627885 2.167921 3.866840
v -6.227942 2.313894 4.350530
v -6.227451 2.313894 3.866840
v -5.801435 2.313894 4.350530
v -5.800944 2.313894 3.866840
v -5.401001 2.167921 4.350530
v -5.400509 2.167921 3.866840
v -5.074358 1.893925 4.350530
v -5.073865 1.893925 3.866841
v -4.861350 1.524759 4.350530
v -4.860857 1.524759 3.866841
v -4.787067 1.104790 4.350530
v -4.786576 1.104790 3.866840
v -4.861350 0.684990 4.350530
v -4.860857 0.684990 3.866840
v -5.074358 0.315824 4.350530
v -5.073865 0.315824 3.866840
v -5.401001 0.041659 4.350529
v -5.400509 0.041659 3.866840
v -5.801435 -0.008636 4.350529
v -5.800944 -0.008636 3.866840
v -6.227942 -0.008636 4.350529
v -6.227451 -0.008636 3.866840
v -7.241819 1.104790 3.866840
v -7.174424 1.104790 3.800497
v -7.104569 1.501728 3.800498
v -6.014443 1.104790 3.807889
v -6.902876 1.850574 3.800498
v -6.594434 2.109667 3.800498
v -6.954529 1.893925 3.866840
v -6.627885 2.167921 3.866840
v -6.215644 2.247512 3.800498
v -6.227451 2.313894 3.866840
v -5.812750 2.247512 3.800498
v -5.800944 2.313894 3.866840
v -5.433960 2.109667 3.800498
v -5.400509 2.167921 3.866840
v -5.125518 1.850574 3.800498
v -7.168028 1.524759 3.866840
v -5.073865 1.893925 3.866841
v -4.923825 1.501728 3.800498
v -4.860857 1.524759 3.866841
v -4.853971 1.104790 3.800498
v -4.786576 1.104790 3.866840
v -4.923825 0.708021 3.800498
v -4.860857 0.684990 3.866840
v -5.125518 0.359006 3.800497
v -5.073865 0.315824 3.866840
v -5.433960 0.100082 3.800497
v -5.400509 0.041659 3.866840
v -5.812750 -0.008636 3.800497
v -5.800944 -0.008636 3.866840
v -6.215644 -0.008636 3.800497
v -6.227451 -0.008636 3.866840
v -6.594434 0.100082 3.800497
v -6.902876 0.359006 3.800497
v -7.104569 0.708021 3.800497
v -6.954529 0.315824 3.866840
v -7.168028 0.684990 3.866840
v -6.627885 0.041659 3.866840
v -5.714363 1.214354 4.141045
v -5.695178 1.104790 4.141045
v -5.695178 1.104790 4.141045
v -5.695178 1.104790 4.141045
v -5.769952 1.310710 4.141045
v -5.769952 1.310710 4.141045
v -5.769952 0.898870 4.141045
v -5.769952 0.898870 4.141045
v -5.769952 0.898870 4.141045
v -5.959838 0.789305 4.141045
v -5.959838 0.789305 4.141045
v -5.959838 0.789305 4.141045
v -5.959838 0.789305 4.141045
v -5.959838 0.789305 4.141045
v -5.855548 0.827407 4.141045
v -5.714363 0.995225 4.141045
v -5.855548 1.382342 4.141045
v -5.959838 1.420444 4.141045
v -6.175797 1.382342 4.141045
v -6.175797 1.382342 4.141045
v -6.175797 1.382342 4.141045
v -6.175797 1.382342 4.141045
v -6.316491 0.995225 4.141045
v -6.316491 0.995225 4.141045
v -6.316491 0.995225 4.141045
v -6.316491 0.995225 4.141045
v -6.175797 0.827407 4.141045
v -6.175797 0.827407 4.141045
v -6.175797 0.827407 4.141045
v -6.260902 0.898870 4.141045
v -6.071016 1.420444 4.141045
v -6.260902 1.310710 4.141045
v -6.316491 1.214354 4.141045
v -6.316491 1.214354 4.141045
v -6.335676 1.104790 4.141045
v -6.071016 0.789305 4.141045
v -5.351808 1.104790 4.417413
v -5.391654 1.331878 4.417413
v -4.924809 1.501728 4.416873
v -5.126010 1.850573 4.416873
v -4.854462 1.104790 4.416873
v -5.391654 0.877871 4.417413
v -4.924809 0.708021 4.416873
v -5.506767 0.678047 4.417413
v -5.126010 0.359006 4.416873
v -5.683371 0.529873 4.417413
v -5.434945 0.100082 4.416872
v -5.900314 0.451128 4.417413
v -5.813242 -0.008636 4.416872
v -6.131031 0.451128 4.417413
v -6.216136 -0.008636 4.416872
v -6.347482 0.529873 4.417413
v -6.594925 0.100082 4.416872
v -6.524087 0.678047 4.417413
v -6.903860 0.359006 4.416872
v -6.639200 0.877871 4.417413
v -7.105061 0.708021 4.416872
v -6.679538 1.104790 4.417413
v -7.174916 1.104790 4.416872
v -6.639200 1.331878 4.417413
v -7.105061 1.501728 4.416872
v -6.524087 1.531533 4.417413
v -6.903860 1.850573 4.416872
v -6.347482 1.679876 4.417413
v -6.594925 2.109667 4.416873
v -6.131031 1.758621 4.417413
v -6.216136 2.247512 4.416873
v -5.900314 1.758621 4.417413
v -5.813242 2.247512 4.416873
v -5.683371 1.679876 4.417413
v -5.434945 2.109667 4.416873
v -5.506767 1.531533 4.417413
v -5.594823 1.457869 4.371803
v -5.740928 1.580472 4.371803
v -5.919992 1.645839 4.371802
v -6.110862 1.645839 4.371802
v -6.290418 1.580472 4.371802
v -6.436522 1.457869 4.371802
v -6.531466 1.292760 4.371802
v -6.564918 1.104790 4.371802
v -6.531466 0.916989 4.371802
v -6.436522 0.751711 4.371802
v -6.290418 0.629107 4.371802
v -6.110862 0.563910 4.371802
v -5.919992 0.563910 4.371802
v -5.740928 0.629107 4.371802
v -5.594823 0.751711 4.371802
v -5.499388 0.916989 4.371802
v -5.466428 1.104790 4.371802
v -5.499388 1.292760 4.371803
v -5.466428 1.104790 4.371802
v -5.518574 1.285648 3.905420
v -5.499388 1.292760 4.371803
v -5.610565 1.444829 3.905420
v -5.486598 1.104790 3.905420
v -5.499388 0.916989 4.371802
v -5.518574 0.923932 3.905420
v -5.594823 0.751711 4.371802
v -5.610565 0.764920 3.905420
v -5.740928 0.629107 4.371802
v -5.751258 0.646888 3.905420
v -5.919992 0.563910 4.371802
v -5.923927 0.584062 3.905420
v -6.110862 0.563910 4.371802
v -6.107419 0.584062 3.905420
v -6.290418 0.629107 4.371802
v -6.280087 0.646888 3.905420
v -6.436522 0.751711 4.371802
v -6.420781 0.764920 3.905420
v -6.531466 0.916989 4.371802
v -6.512280 0.923932 3.905420
v -6.564918 1.104790 4.371802
v -6.544256 1.104790 3.905420
v -6.531466 1.292760 4.371802
v -6.512280 1.285648 3.905420
v -6.436522 1.457869 4.371802
v -6.420781 1.444829 3.905420
v -6.290418 1.580472 4.371802
v -6.280087 1.562861 3.905420
v -6.110862 1.645839 4.371802
v -6.107419 1.625687 3.905420
v -5.919992 1.645839 4.371802
v -5.923927 1.625687 3.905420
v -5.740928 1.580472 4.371803
v -5.751258 1.562861 3.905420
v -5.594823 1.457869 4.371803
v -5.486598 1.104790 3.905420
v -5.714363 1.214354 4.141045
v -5.518574 1.285648 3.905420
v -5.769952 1.310710 4.141045
v -5.695178 1.104790 4.141045
v -5.518574 0.923932 3.905420
v -5.714363 0.995225 4.141045
v -5.610565 0.764920 3.905420
v -5.769952 0.898870 4.141045
v -5.751258 0.646888 3.905420
v -5.855548 0.827407 4.141045
v -5.923927 0.584062 3.905420
v -5.959838 0.789305 4.141045
v -6.107419 0.584062 3.905420
v -6.071016 0.789305 4.141045
v -6.280087 0.646888 3.905420
v -6.175797 0.827407 4.141045
v -6.420781 0.764920 3.905420
v -6.260902 0.898870 4.141045
v -6.512280 0.923932 3.905420
v -6.316491 0.995225 4.141045
v -6.544256 1.104790 3.905420
v -6.335676 1.104790 4.141045
v -6.512280 1.285648 3.905420
v -6.316491 1.214354 4.141045
v -6.420781 1.444829 3.905420
v -6.260902 1.310710 4.141045
v -6.280087 1.562861 3.905420
v -6.175797 1.382342 4.141045
v -6.107419 1.625687 3.905420
v -6.071016 1.420444 4.141045
v -5.923927 1.625687 3.905420
v -5.959838 1.420444 4.141045
v -5.751258 1.562861 3.905420
v -5.855548 1.382342 4.141045
v -5.610565 1.444829 3.905420
v -7.168520 1.524759 4.350529
v -7.174916 1.104790 4.416872
v -7.242311 1.104790 4.350529
v -7.105061 0.708021 4.416872
v -7.105061 1.501728 4.416872
v -6.955021 1.893925 4.350530
v -6.903860 1.850573 4.416872
v -6.628376 2.167921 4.350530
v -6.594925 2.109667 4.416873
v -6.227942 2.313894 4.350530
v -6.216136 2.247512 4.416873
v -5.801435 2.313894 4.350530
v -5.813242 2.247512 4.416873
v -5.401001 2.167921 4.350530
v -5.434945 2.109667 4.416873
v -5.074358 1.893925 4.350530
v -5.126010 1.850573 4.416873
v -4.861350 1.524759 4.350530
v -4.924809 1.501728 4.416873
v -4.787067 1.104790 4.350530
v -4.854462 1.104790 4.416873
v -4.861350 0.684990 4.350530
v -4.924809 0.708021 4.416873
v -5.074358 0.315824 4.350530
v -5.126010 0.359006 4.416873
v -5.401001 0.041659 4.350529
v -5.434945 0.100082 4.416872
v -5.801435 -0.008636 4.350529
v -5.813242 -0.008636 4.416872
v -6.227942 -0.008636 4.350529
v -6.216136 -0.008636 4.416872
v -6.628376 0.041659 4.350529
v -6.594925 0.100082 4.416872
v -6.955021 0.315824 4.350529
v -6.903860 0.359006 4.416872
v -7.168520 0.684990 4.350529
v -4.861351 1.524758 8.734922
v -4.787560 1.104789 8.251413
v -4.787068 1.104789 8.734922
v -4.861843 0.684989 8.251413
v -4.861843 1.524758 8.251413
v -5.074358 1.893924 8.734922
v -5.074850 1.893924 8.251413
v -5.401002 2.167920 8.734922
v -5.401495 2.167920 8.251413
v -5.801436 2.313893 8.734922
v -5.801929 2.313893 8.251413
v -6.227943 2.313893 8.734921
v -6.228436 2.313893 8.251412
v -6.628377 2.167920 8.734921
v -6.628870 2.167920 8.251412
v -6.955022 1.893924 8.734921
v -6.955514 1.893924 8.251412
v -7.168521 1.524758 8.734921
v -7.169014 1.524758 8.251412
v -7.242311 1.104789 8.734921
v -7.242803 1.104789 8.251412
v -7.168521 0.684989 8.734921
v -7.169014 0.684989 8.251412
v -6.955022 0.315823 8.734921
v -6.955514 0.315823 8.251412
v -6.628377 0.041658 8.734921
v -6.628870 0.041658 8.251412
v -6.227943 -0.008637 8.734921
v -6.228436 -0.008637 8.251412
v -5.801436 -0.008637 8.734921
v -5.801929 -0.008637 8.251412
v -5.801436 -0.008637 8.734921
v -5.801929 -0.008637 8.251412
v -5.401002 0.041658 8.734921
v -5.401495 0.041658 8.251412
v -5.074358 0.315823 8.734921
v -5.074850 0.315823 8.251412
v -4.861351 0.684989 8.734922
v -4.787560 1.104789 8.251413
v -4.924810 1.501727 8.185070
v -4.854955 1.104789 8.185070
v -6.015428 1.104789 8.192281
v -4.924810 0.708020 8.185070
v -5.126503 0.359005 8.185070
v -5.074850 0.315823 8.251412
v -5.401495 0.041658 8.251412
v -5.434946 0.100081 8.185070
v -5.801929 -0.008637 8.251412
v -5.813735 -0.008637 8.185070
v -6.228436 -0.008637 8.251412
v -6.216629 -0.008637 8.185069
v -6.628870 0.041658 8.251412
v -6.595418 0.100081 8.185069
v -4.861843 0.684989 8.251413
v -6.955514 0.315823 8.251412
v -6.904353 0.359005 8.185069
v -7.169014 0.684989 8.251412
v -7.105554 0.708020 8.185070
v -7.242803 1.104789 8.251412
v -7.175408 1.104789 8.185069
v -7.169014 1.524758 8.251412
v -7.105554 1.501727 8.185070
v -6.955514 1.893924 8.251412
v -6.904353 1.850573 8.185070
v -6.628870 2.167920 8.251412
v -6.595418 2.109666 8.185070
v -6.228436 2.313893 8.251412
v -6.216629 2.247511 8.185070
v -5.801929 2.313893 8.251413
v -5.813735 2.247511 8.185070
v -5.434946 2.109666 8.185070
v -5.126503 1.850573 8.185070
v -5.074850 1.893924 8.251413
v -4.861843 1.524758 8.251413
v -5.401495 2.167920 8.251413
v -6.174323 0.827406 8.525618
v -6.259427 0.898869 8.525618
v -6.259427 0.898869 8.525618
v -6.069541 0.789304 8.525618
v -6.069541 0.789304 8.525618
v -6.259427 1.310709 8.525618
v -6.259427 1.310709 8.525618
v -6.259427 1.310709 8.525618
v -5.853581 1.382341 8.525618
v -5.853581 1.382341 8.525618
v -5.853581 1.382341 8.525618
v -6.069541 1.420443 8.525618
v -6.069541 1.420443 8.525618
v -6.069541 1.420443 8.525618
v -5.958364 1.420443 8.525618
v -6.315016 0.995224 8.525618
v -6.334201 1.104789 8.525618
v -6.315016 1.214353 8.525618
v -6.174323 1.382341 8.525618
v -5.958364 0.789304 8.525618
v -5.853581 0.827406 8.525618
v -5.712889 0.995224 8.525618
v -5.712889 1.214353 8.525618
v -5.768477 1.310709 8.525618
v -5.768477 0.898869 8.525618
v -5.693703 1.104789 8.525618
v -7.174917 1.104789 8.801444
v -7.105062 1.501727 8.801445
v -6.678063 1.104789 8.801985
v -6.637725 1.331877 8.801985
v -6.903369 1.850572 8.801445
v -6.522612 1.531531 8.801986
v -6.594926 2.109666 8.801445
v -6.346007 1.679875 8.801986
v -6.216137 2.247511 8.801445
v -6.129065 1.758620 8.801986
v -5.813243 2.247511 8.801445
v -5.898840 1.758620 8.801986
v -5.434454 2.109666 8.801445
v -5.681897 1.679875 8.801986
v -5.126011 1.850572 8.801445
v -5.505292 1.531531 8.801986
v -4.924318 1.501727 8.801445
v -5.390180 1.331877 8.801986
v -4.854463 1.104789 8.801445
v -5.350333 1.104789 8.801986
v -4.924318 0.708020 8.801445
v -5.390180 0.877870 8.801986
v -5.126011 0.359005 8.801445
v -5.505292 0.678046 8.801986
v -5.434454 0.100081 8.801445
v -5.681897 0.529871 8.801986
v -5.813243 -0.008637 8.801445
v -5.898840 0.451127 8.801985
v -6.216137 -0.008637 8.801444
v -6.129065 0.451127 8.801985
v -6.594926 0.100081 8.801444
v -6.346007 0.529871 8.801985
v -6.903369 0.359005 8.801444
v -6.522612 0.678046 8.801985
v -7.105062 0.708020 8.801445
v -6.637725 0.877870 8.801985
v -6.563443 1.104789 8.756374
v -6.529991 1.292759 8.756374
v -6.529991 0.916988 8.756374
v -6.434556 0.751710 8.756374
v -6.288451 0.629106 8.756374
v -6.109387 0.563909 8.756374
v -5.918517 0.563909 8.756374
v -5.739453 0.629106 8.756374
v -5.593349 0.751710 8.756374
v -5.497913 0.916988 8.756374
v -5.464953 1.104789 8.756374
v -5.497913 1.292759 8.756374
v -5.593349 1.457868 8.756374
v -5.739453 1.580471 8.756375
v -5.918517 1.645838 8.756375
v -6.109387 1.645838 8.756375
v -6.288451 1.580471 8.756374
v -6.434556 1.457868 8.756374
v -6.510806 1.285647 8.289992
v -6.563443 1.104789 8.756374
v -6.542781 1.104789 8.289992
v -6.529991 0.916988 8.756374
v -6.529991 1.292759 8.756374
v -6.419306 1.444828 8.289992
v -6.434556 1.457868 8.756374
v -6.278613 1.562860 8.289992
v -6.288451 1.580471 8.756374
v -6.105944 1.625686 8.289992
v -6.109387 1.645838 8.756375
v -5.921960 1.625686 8.289992
v -5.918517 1.645838 8.756375
v -5.749784 1.562860 8.289992
v -5.739453 1.580471 8.756375
v -5.609090 1.444828 8.289992
v -5.593349 1.457868 8.756374
v -5.517099 1.285647 8.289992
v -5.497913 1.292759 8.756374
v -5.485123 1.104789 8.289992
v -5.464953 1.104789 8.756374
v -5.517099 0.923931 8.289992
v -5.497913 0.916988 8.756374
v -5.609090 0.764919 8.289992
v -5.593349 0.751710 8.756374
v -5.749784 0.646887 8.289992
v -5.739453 0.629106 8.756374
v -5.921960 0.584061 8.289992
v -5.918517 0.563909 8.756374
v -6.105944 0.584061 8.289992
v -6.109387 0.563909 8.756374
v -6.278613 0.646887 8.289992
v -6.288451 0.629106 8.756374
v -6.419306 0.764919 8.289992
v -6.434556 0.751710 8.756374
v -6.510806 0.923931 8.289992
v -6.315016 1.214353 8.525618
v -6.542781 1.104789 8.289992
v -6.334201 1.104789 8.525618
v -6.510806 0.923931 8.289992
v -6.510806 1.285647 8.289992
v -6.259427 1.310709 8.525618
v -6.419306 1.444828 8.289992
v -6.174323 1.382341 8.525618
v -6.278613 1.562860 8.289992
v -6.069541 1.420443 8.525618
v -6.105944 1.625686 8.289992
v -5.958364 1.420443 8.525618
v -5.921960 1.625686 8.289992
v -5.853581 1.382341 8.525618
v -5.749784 1.562860 8.289992
v -5.768477 1.310709 8.525618
v -5.609090 1.444828 8.289992
v -5.712889 1.214353 8.525618
v -5.517099 1.285647 8.289992
v -5.693703 1.104789 8.525618
v -5.485123 1.104789 8.289992
v -5.712889 0.995224 8.525618
v -5.517099 0.923931 8.289992
v -5.768477 0.898869 8.525618
v -5.609090 0.764919 8.289992
v -5.853581 0.827406 8.525618
v -5.749784 0.646887 8.289992
v -5.958364 0.789304 8.525618
v -5.921960 0.584061 8.289992
v -6.069541 0.789304 8.525618
v -6.105944 0.584061 8.289992
v -6.174323 0.827406 8.525618
v -6.278613 0.646887 8.289992
v -6.259427 0.898869 8.525618
v -6.419306 0.764919 8.289992
v -6.315016 0.995224 8.525618
v -4.854463 1.104789 8.801445
v -4.861351 1.524758 8.734922
v -4.924318 1.501727 8.801445
v -5.074358 1.893924 8.734922
v -4.787068 1.104789 8.734922
v -4.924318 0.708020 8.801445
v -4.861351 0.684989 8.734922
v -5.126011 0.359005 8.801445
v -5.074358 0.315823 8.734921
v -5.434454 0.100081 8.801445
v -5.401002 0.041658 8.734921
v -5.813243 -0.008637 8.801445
v -5.801436 -0.008637 8.734921
v -6.216137 -0.008637 8.801444
v -6.227943 -0.008637 8.734921
v -6.594926 0.100081 8.801444
v -6.628377 0.041658 8.734921
v -6.903369 0.359005 8.801444
v -6.955022 0.315823 8.734921
v -7.105062 0.708020 8.801445
v -7.168521 0.684989 8.734921
v -7.174917 1.104789 8.801444
v -7.242311 1.104789 8.734921
v -7.105062 1.501727 8.801445
v -7.168521 1.524758 8.734921
v -6.903369 1.850572 8.801445
v -6.955022 1.893924 8.734921
v -6.594926 2.109666 8.801445
v -6.628377 2.167920 8.734921
v -6.216137 2.247511 8.801445
v -6.227943 2.313893 8.734921
v -5.813243 2.247511 8.801445
v -5.801436 2.313893 8.734922
v -5.434454 2.109666 8.801445
v -5.401002 2.167920 8.734922
v -5.126011 1.850572 8.801445
v -7.168521 1.524758 7.613404
v -7.242311 1.104789 7.613404
v -7.241820 1.104789 8.097094
v -7.168029 0.684989 8.097094
v -7.168029 1.524758 8.097094
v -6.955022 1.893924 7.613404
v -6.954530 1.893924 8.097094
v -6.628377 2.167920 7.613404
v -6.627886 2.167920 8.097094
v -6.227943 2.313893 7.613404
v -6.227452 2.313893 8.097094
v -5.801436 2.313893 7.613404
v -5.800945 2.313893 8.097094
v -5.401002 2.167920 7.613404
v -5.400510 2.167920 8.097094
v -5.074358 1.893924 7.613404
v -5.073866 1.893924 8.097094
v -4.861351 1.524758 7.613404
v -4.860858 1.524758 8.097094
v -4.787068 1.104789 7.613404
v -4.786577 1.104789 8.097094
v -4.861351 0.684989 7.613404
v -4.860858 0.684989 8.097094
v -5.074358 0.315823 7.613404
v -5.073866 0.315823 8.097094
v -5.401002 0.041658 7.613404
v -5.400510 0.041658 8.097094
v -5.801436 -0.008637 7.613404
v -5.800945 -0.008637 8.097094
v -6.227943 -0.008637 7.613404
v -6.227452 -0.008637 8.097094
v -6.227943 -0.008637 7.613404
v -6.227452 -0.008637 8.097094
v -6.628377 0.041658 7.613404
v -6.627886 0.041658 8.097094
v -6.955022 0.315823 7.613404
v -6.954530 0.315823 8.097094
v -7.168521 0.684989 7.613404
v -7.241820 1.104789 8.097094
v -7.104570 1.501727 8.163437
v -7.174425 1.104789 8.163436
v -6.014444 1.104789 8.156225
v -7.104570 0.708020 8.163436
v -6.902877 0.359005 8.163436
v -6.954530 0.315823 8.097094
v -6.627886 0.041658 8.097094
v -6.594435 0.100081 8.163436
v -6.227452 -0.008637 8.097094
v -6.215645 -0.008637 8.163436
v -5.800945 -0.008637 8.097094
v -5.812751 -0.008637 8.163436
v -5.400510 0.041658 8.097094
v -5.433961 0.100081 8.163436
v -7.168029 0.684989 8.097094
v -5.073866 0.315823 8.097094
v -5.125519 0.359005 8.163436
v -4.860858 0.684989 8.097094
v -4.923826 0.708020 8.163437
v -4.786577 1.104789 8.097094
v -4.853971 1.104789 8.163437
v -4.860858 1.524758 8.097094
v -4.923826 1.501727 8.163437
v -5.073866 1.893924 8.097094
v -5.125519 1.850573 8.163437
v -5.400510 2.167920 8.097094
v -5.433961 2.109666 8.163437
v -5.800945 2.313893 8.097094
v -5.812751 2.247511 8.163437
v -6.227452 2.313893 8.097094
v -6.215645 2.247511 8.163437
v -6.594435 2.109666 8.163437
v -6.902877 1.850573 8.163437
v -6.954530 1.893924 8.097094
v -7.168029 1.524758 8.097094
v -6.627886 2.167920 8.097094
v -5.855549 0.827406 7.822889
v -5.769953 0.898869 7.822889
v -5.769953 0.898869 7.822889
v -5.769953 0.898869 7.822889
v -5.959839 0.789304 7.822888
v -5.959839 0.789304 7.822888
v -5.959839 0.789304 7.822888
v -5.769953 1.310709 7.822889
v -5.769953 1.310709 7.822889
v -5.769953 1.310709 7.822889
v -6.175798 1.382341 7.822889
v -6.175798 1.382341 7.822889
v -6.175798 1.382341 7.822889
v -5.959839 1.420443 7.822889
v -5.959839 1.420443 7.822889
v -5.959839 1.420443 7.822889
v -6.071017 1.420443 7.822889
v -5.714364 0.995225 7.822889
v -5.695179 1.104789 7.822889
v -5.695179 1.104789 7.822889
v -5.695179 1.104789 7.822889
v -5.714364 1.214354 7.822889
v -5.855549 1.382341 7.822889
v -6.071017 0.789304 7.822888
v -6.175798 0.827406 7.822888
v -6.175798 0.827406 7.822888
v -6.316492 0.995225 7.822888
v -6.316492 1.214354 7.822888
v -6.316492 1.214354 7.822888
v -6.260903 1.310709 7.822889
v -6.260903 0.898869 7.822888
v -6.335677 1.104789 7.822888
v -4.854463 1.104789 7.547062
v -4.924810 1.501727 7.547062
v -5.351809 1.104789 7.546521
v -5.391655 1.331877 7.546521
v -5.126011 1.850573 7.547062
v -5.506768 1.531532 7.546521
v -5.434946 2.109667 7.547062
v -5.683372 1.679876 7.546521
v -5.813243 2.247511 7.547062
v -5.900315 1.758620 7.546521
v -6.216137 2.247511 7.547062
v -6.131032 1.758620 7.546521
v -6.594926 2.109667 7.547061
v -6.347483 1.679876 7.546521
v -6.903861 1.850573 7.547061
v -6.524088 1.531532 7.546520
v -7.105062 1.501727 7.547061
v -6.639201 1.331877 7.546520
v -7.174917 1.104789 7.547061
v -6.679539 1.104789 7.546520
v -7.105062 0.708020 7.547061
v -6.639201 0.877870 7.546520
v -6.903861 0.359006 7.547061
v -6.524088 0.678046 7.546520
v -6.594926 0.100081 7.547061
v -6.347483 0.529872 7.546520
v -6.216137 -0.008637 7.547061
v -6.131032 0.451128 7.546520
v -5.813243 -0.008637 7.547061
v -5.900315 0.451128 7.546520
v -5.434946 0.100081 7.547061
v -5.683372 0.529872 7.546520
v -5.126011 0.359006 7.547061
v -5.506768 0.678046 7.546520
v -4.924810 0.708020 7.547061
v -5.391655 0.877870 7.546521
v -5.466429 1.104789 7.592132
v -5.499389 1.292759 7.592132
v -5.499389 0.916988 7.592132
v -5.594824 0.751710 7.592132
v -5.740929 0.629107 7.592131
v -5.919993 0.563910 7.592131
v -6.110863 0.563910 7.592131
v -6.290419 0.629107 7.592131
v -6.436523 0.751710 7.592131
v -6.531466 0.916988 7.592131
v -6.564919 1.104789 7.592131
v -6.531466 1.292759 7.592131
v -6.436523 1.457868 7.592131
v -6.290419 1.580472 7.592132
v -6.110863 1.645838 7.592132
v -5.919993 1.645838 7.592132
v -5.740929 1.580472 7.592132
v -5.594824 1.457868 7.592132
v -5.518575 1.285647 8.058514
v -5.466429 1.104789 7.592132
v -5.486599 1.104789 8.058514
v -5.499389 0.916988 7.592132
v -5.499389 1.292759 7.592132
v -5.610566 1.444828 8.058514
v -5.594824 1.457868 7.592132
v -5.751259 1.562860 8.058514
v -5.740929 1.580472 7.592132
v -5.923928 1.625686 8.058514
v -5.919993 1.645838 7.592132
v -6.107420 1.625686 8.058514
v -6.110863 1.645838 7.592132
v -6.280088 1.562860 8.058514
v -6.290419 1.580472 7.592132
v -6.420782 1.444828 8.058514
v -6.436523 1.457868 7.592131
v -6.512281 1.285647 8.058514
v -6.531466 1.292759 7.592131
v -6.544257 1.104789 8.058514
v -6.564919 1.104789 7.592131
v -6.512281 0.923931 8.058514
v -6.531466 0.916988 7.592131
v -6.420782 0.764919 8.058514
v -6.436523 0.751710 7.592131
v -6.280088 0.646887 8.058514
v -6.290419 0.629107 7.592131
v -6.107420 0.584061 8.058514
v -6.110863 0.563910 7.592131
v -5.923928 0.584061 8.058514
v -5.919993 0.563910 7.592131
v -5.751259 0.646887 8.058514
v -5.740929 0.629107 7.592131
v -5.610566 0.764919 8.058514
v -5.594824 0.751710 7.592132
v -5.518575 0.923931 8.058514
v -5.714364 1.214354 7.822889
v -5.486599 1.104789 8.058514
v -5.695179 1.104789 7.822889
v -5.518575 0.923931 8.058514
v -5.518575 1.285647 8.058514
v -5.769953 1.310709 7.822889
v -5.610566 1.444828 8.058514
v -5.855549 1.382341 7.822889
v -5.751259 1.562860 8.058514
v -5.959839 1.420443 7.822889
v -5.923928 1.625686 8.058514
v -6.071017 1.420443 7.822889
v -6.107420 1.625686 8.058514
v -6.175798 1.382341 7.822889
v -6.280088 1.562860 8.058514
v -6.260903 1.310709 7.822889
v -6.420782 1.444828 8.058514
v -6.316492 1.214354 7.822888
v -6.512281 1.285647 8.058514
v -6.335677 1.104789 7.822888
v -6.544257 1.104789 8.058514
v -6.316492 0.995225 7.822888
v -6.512281 0.923931 8.058514
v -6.260903 0.898869 7.822888
v -6.420782 0.764919 8.058514
v -6.175798 0.827406 7.822888
v -6.280088 0.646887 8.058514
v -6.071017 0.789304 7.822888
v -6.107420 0.584061 8.058514
v -5.959839 0.789304 7.822888
v -5.923928 0.584061 8.058514
v -5.855549 0.827406 7.822889
v -5.751259 0.646887 8.058514
v -5.769953 0.898869 7.822889
v -5.610566 0.764919 8.058514
v -5.714364 0.995225 7.822889
v -7.174917 1.104789 7.547061
v -7.168521 1.524758 7.613404
v -7.105062 1.501727 7.547061
v -6.955022 1.893924 7.613404
v -7.242311 1.104789 7.613404
v -7.105062 0.708020 7.547061
v -7.168521 0.684989 7.613404
v -6.903861 0.359006 7.547061
v -6.955022 0.315823 7.613404
v -6.594926 0.100081 7.547061
v -6.628377 0.041658 7.613404
v -6.216137 -0.008637 7.547061
v -6.227943 -0.008637 7.613404
v -5.813243 -0.008637 7.547061
v -5.801436 -0.008637 7.613404
v -5.434946 0.100081 7.547061
v -5.401002 0.041658 7.613404
v -5.126011 0.359006 7.547061
v -5.074358 0.315823 7.613404
v -4.924810 0.708020 7.547061
v -4.861351 0.684989 7.613404
v -4.854463 1.104789 7.547062
v -4.787068 1.104789 7.613404
v -4.924810 1.501727 7.547062
v -4.861351 1.524758 7.613404
v -5.126011 1.850573 7.547062
v -5.074358 1.893924 7.613404
v -5.434946 2.109667 7.547062
v -5.401002 2.167920 7.613404
v -5.813243 2.247511 7.547062
v -5.801436 2.313893 7.613404
v -6.216137 2.247511 7.547062
v -6.227943 2.313893 7.613404
v -6.594926 2.109667 7.547061
v -6.628377 2.167920 7.613404
v -6.903861 1.850573 7.547061
vn -0.0000 -0.0000 1.0000
vn -0.1351 -0.0000 0.9908
vn -0.1480 -0.0000 0.9890
vn -0.1132 -0.0000 0.9936
vn -0.1350 -0.0000 0.9908
vn -0.0000 -0.0000 -1.0000
vn 0.1740 -0.0000 -0.9847
vn 0.1956 -0.0000 -0.9807
vn 0.1740 -0.0000 -0.9848
vn 0.1480 -0.0037 -0.9890
vn -0.0000 -1.0000 -0.0022
vn -0.0000 -1.0000 0.0022
vn 1.0000 -0.0000 -0.0022
vn -0.0000 1.0000 0.0022
vn 0.2393 0.9709 0.0021
vn 0.2025 0.9793 0.0022
vn 0.1951 0.9808 0.0022
vn 0.2320 0.9727 0.0022
vn -0.0000 1.0000 -0.0022
vn -1.0000 -0.0000 -0.0022
vn 0.0019 -0.9177 0.3973
vn -0.0000 1.0000 0.0019
vn 0.0075 1.0000 0.0022
vn 0.0075 1.0000 -0.0022
vn 0.7333 -0.6799 -0.0022
vn 0.9179 -0.3968 -0.0022
vn 0.7333 -0.6799 0.0021
vn 0.9295 -0.3687 0.0022
vn 0.9295 -0.3688 0.0020
vn 0.9179 -0.3968 0.0022
vn 0.9999 -0.0151 0.0022
vn 1.0000 -0.0075 0.0022
vn 0.9999 -0.0151 -0.0022
vn 0.7332 -0.6800 0.0021
vn 0.8173 0.4284 -0.3854
vn 0.5436 0.7457 -0.3852
vn 0.6756 0.2896 -0.6780
vn 0.3350 0.2713 -0.9023
vn 0.3337 0.8585 -0.3894
vn 0.2889 0.3407 -0.8947
vn 0.1909 0.0075 -0.9816
vn 0.1480 0.0037 -0.9890
vn 0.1307 -0.0000 -0.9914
vn 0.3891 0.2196 -0.8947
vn 0.0785 0.0037 -0.9969
vn 0.1479 0.0037 -0.9890
vn -0.1526 -0.0000 -0.9883
vn -0.1551 0.0222 -0.9876
vn -0.5773 0.0219 -0.8163
vn -0.5779 -0.0000 -0.8161
vn -0.9260 0.0150 -0.3771
vn -0.9278 -0.0000 -0.3732
vn 0.0860 0.0148 -0.9962
vn -0.1559 0.0149 -0.9877
vn -0.5695 0.0376 -0.8211
vn -0.9105 0.0151 -0.4132
vn -0.9937 0.1054 -0.0372
vn -0.9986 0.0528 0.0022
vn -0.9982 0.0604 0.0022
vn -0.9937 0.1054 0.0371
vn -0.9105 0.0151 0.4132
vn -0.9260 0.0150 0.3771
vn -0.5774 0.0227 0.8161
vn -0.5694 0.0378 0.8212
vn -0.1550 0.0226 0.9877
vn -0.1559 0.0151 0.9877
vn 0.0859 0.0153 0.9962
vn 0.0810 -0.0663 0.9945
vn 0.0838 -0.0627 -0.9945
vn -0.9990 0.0151 0.0415
vn 0.0785 0.0038 0.9969
vn -0.1524 -0.0000 0.9883
vn -0.5779 -0.0000 0.8161
vn -0.9278 -0.0000 0.3732
vn -1.0000 0.0075 -0.0022
vn -0.9990 0.0151 -0.0415
vn -0.9995 0.0302 0.0022
vn 0.3892 0.2196 -0.8946
vn 0.4865 0.1593 -0.8590
vn 0.6757 0.2895 -0.6780
vn 0.7172 0.2084 -0.6650
vn 0.8174 0.4283 -0.3852
vn 0.9002 0.2715 -0.3406
vn -0.8757 -0.4642 0.1329
vn -0.3966 -0.9180 0.0021
vn -0.9023 -0.4310 0.0022
vn -0.9023 -0.4311 0.0022
vn -0.8757 -0.4642 -0.1329
vn -0.9101 -0.4102 -0.0590
vn -0.4483 -0.8066 -0.3852
vn -0.2954 -0.2860 -0.9115
vn -0.9206 -0.2606 -0.2907
vn -0.4546 -0.0000 -0.8907
vn -0.8861 -0.1428 0.4409
vn -0.9887 -0.0000 0.1502
vn -0.1307 -0.0000 -0.9914
vn -0.1909 -0.0075 -0.9816
vn -0.1911 -0.0000 -0.9816
vn -0.1861 -0.4233 -0.8867
vn -0.0772 -0.9246 -0.3731
vn 0.0698 -0.9961 -0.0546
vn 0.0302 -0.9995 0.0022
vn 0.0698 -0.9961 0.0546
vn -0.4483 -0.8066 0.3852
vn -0.0754 -0.9247 0.3731
vn -0.2948 -0.2867 0.9115
vn -0.1841 -0.4242 0.8867
vn -0.1911 -0.0000 0.9816
vn -0.4546 -0.0000 0.8907
vn -0.1909 -0.0076 0.9816
vn -0.1307 -0.0000 0.9914
vn -0.9101 -0.4102 0.0590
vn -0.9205 -0.2610 0.2907
vn -0.8861 -0.1428 -0.4409
vn -0.9887 -0.0000 -0.1502
vn -0.0131 -0.0003 0.9999
vn 0.0079 0.0038 1.0000
vn -0.4545 -0.0009 0.8908
vn -0.0131 -0.0000 0.9999
vn 0.0480 -0.0000 0.9988
vn 0.0457 -0.0256 0.9986
vn 0.0509 -0.0256 0.9984
vn 0.0804 -0.1190 0.9896
vn 0.0302 -0.3161 0.9482
vn 0.9980 0.0037 0.0633
vn 0.9967 -0.0113 0.0807
vn 1.0000 -0.0000 0.0022
vn 0.9967 -0.0075 -0.0807
vn 0.9971 0.0075 -0.0764
vn 0.9995 -0.0302 -0.0022
vn 0.9995 -0.0304 -0.0022
vn 0.9970 0.0075 0.0764
vn 0.9895 -0.1168 0.0851
vn 0.9906 -0.0792 0.1112
vn 0.9959 -0.0905 -0.0022
vn 0.9990 -0.0453 -0.0022
vn 0.9895 -0.1168 -0.0851
vn 0.9906 -0.0792 -0.1112
vn 0.9980 0.0037 -0.0633
vn -0.9923 -0.0302 -0.1199
vn -0.9514 -0.2465 -0.1847
vn -0.9101 -0.4101 0.0589
vn -0.9205 -0.2610 0.2908
vn -0.8263 -0.2308 -0.5138
vn -0.8861 -0.1429 -0.4409
vn -0.0302 -0.9991 0.0284
vn -0.0226 -0.9990 0.0373
vn -0.0227 -0.9997 -0.0022
vn -0.0151 -0.9999 -0.0022
vn -0.0226 -0.9991 -0.0371
vn -0.0302 -0.9991 -0.0284
vn 0.0804 -0.1191 0.9896
vn 0.0302 -0.3163 0.9482
vn -0.7396 0.0453 0.6715
vn -0.9897 0.1430 0.0023
vn -0.9944 -0.1055 -0.0022
vn -0.9923 -0.0302 0.1199
vn -0.9897 0.1430 0.0022
vn -0.7396 0.0452 -0.6715
vn -0.9514 -0.2464 0.1847
vn 0.0337 -0.3160 -0.9482
vn 0.0823 -0.1178 -0.9896
vn 0.9862 -0.1654 -0.0022
vn 0.9875 -0.1579 -0.0022
vn 0.9935 -0.1129 0.0109
vn 0.9935 -0.1130 0.0109
vn 0.9863 -0.1505 0.0677
vn 0.9935 -0.1129 -0.0109
vn 0.9874 -0.1579 -0.0022
vn 0.9935 -0.1131 -0.0110
vn 0.9863 -0.1506 -0.0675
vn 0.9837 -0.1646 -0.0720
vn 0.9754 -0.0979 -0.1975
vn 0.9733 -0.1093 -0.2018
vn 0.9812 0.0038 -0.1932
vn 0.9820 0.0038 -0.1888
vn 0.9820 0.0038 -0.1890
vn 0.9820 0.0038 -0.1889
vn 0.9836 -0.1651 0.0720
vn 0.9754 -0.0980 0.1975
vn 0.9733 -0.1093 0.2018
vn 0.9812 -0.0000 0.1932
vn 0.9820 0.0038 0.1888
vn 0.9820 0.0038 0.1890
vn 0.9820 0.0038 0.1889
vn -0.0000 1.0000 0.0020
vn 0.0001 -1.0000 -0.0019
vn -0.0002 -1.0000 -0.0026
vn 0.9967 -0.0038 0.0807
vn 0.9967 -0.0038 0.0808
vn 0.9964 -0.0038 0.0851
vn 0.9967 0.0038 0.0807
vn -0.0363 -0.0151 0.9992
vn -0.0363 -0.0150 0.9992
vn -0.0411 -0.0149 0.9990
vn 0.0151 0.9997 0.0197
vn 0.0302 0.9995 0.0022
vn 0.0300 0.9995 0.0022
vn 0.0151 0.9997 -0.0195
vn 0.0151 0.9997 -0.0197
vn -0.0205 -0.9978 0.0633
vn -0.0208 -0.9983 0.0546
vn 0.0094 -0.9843 -0.1760
vn 0.0094 -0.9836 -0.1803
vn -0.0003 -1.0000 -0.0021
vn -0.0002 -1.0000 -0.0025
vn -0.0000 -1.0000 -0.0065
vn -0.0000 -1.0000 -0.0066
vn -0.0603 -0.9976 0.0328
vn -0.0604 -0.9982 0.0022
vn -0.0600 -0.9982 0.0022
vn -0.0603 -0.9976 -0.0328
vn 0.2125 -0.0000 -0.9772
vn 1.0000 -0.0000 -0.0021
vn -1.0000 -0.0000 0.0022
vn -0.2123 -0.0000 0.9772
vn -0.2125 -0.0000 0.9772
vn -0.2086 -0.0000 0.9780
vn -0.2082 -0.0000 0.9781
vn -0.2039 -0.0000 0.9790
vn 0.2472 -0.1024 -0.9635
vn 0.1345 -0.0720 -0.9883
vn 0.1392 0.0718 -0.9877
vn 0.1850 -0.0261 -0.9824
vn 0.2339 -0.0630 -0.9702
vn 0.2602 -0.0920 -0.9612
vn 0.2494 -0.0704 -0.9658
vn 0.2091 0.0947 -0.9733
vn 0.1850 0.0261 -0.9824
vn 0.2082 0.0037 -0.9781
vn 0.2244 -0.1021 -0.9691
vn 0.1883 -0.1073 -0.9762
vn 0.2123 -0.0000 -0.9772
vn 0.1474 -0.0923 -0.9848
vn 0.2082 -0.0037 -0.9781
vn 0.1862 -0.0590 -0.9807
vn 0.1657 -0.0656 -0.9840
vn 0.1937 -0.0873 -0.9772
vn 0.2197 -0.0914 -0.9713
vn 0.2091 0.0948 -0.9733
vn 0.2327 0.0225 -0.9723
vn 0.2327 -0.0224 -0.9723
vn 0.2081 -0.0038 -0.9781
vn 0.2039 -0.0037 -0.9790
vn 0.1640 -0.1062 -0.9807
vn 0.2841 0.0706 -0.9562
vn 0.2822 -0.0779 -0.9562
vn 0.3509 -0.9333 0.0764
vn 0.4643 -0.8797 0.1025
vn 0.1205 -0.9924 0.0240
vn 0.1205 -0.9924 0.0239
vn -0.1801 -0.9828 -0.0415
vn -0.5457 -0.8294 -0.1198
vn -0.7753 -0.6090 -0.1674
vn -0.8293 -0.5289 -0.1803
vn 0.3508 -0.9333 0.0764
vn -0.0076 -1.0000 -0.0020
vn -0.0077 -1.0000 -0.0016
vn -0.9776 -0.0000 -0.2103
vn -0.0076 -1.0000 -0.0022
vn -0.0077 -1.0000 -0.0022
vn 0.9776 -0.0038 0.2103
vn 0.9776 -0.0038 0.2104
vn -0.9248 -0.2243 0.3074
vn -0.9102 -0.3893 0.1415
vn -0.6459 -0.6873 0.3322
vn -0.5613 -0.8162 0.1372
vn -0.6905 -0.7226 0.0328
vn -0.3171 -0.9466 0.0590
vn -0.2538 -0.9325 0.2571
vn -0.9882 -0.0679 0.1372
vn -0.9977 -0.0679 0.0022
vn -0.9501 -0.3119 0.0066
vn -0.9547 -0.2975 0.0022
vn -0.9982 -0.0604 -0.0022
vn -0.9977 -0.0679 -0.0022
vn -0.9501 -0.3119 -0.0066
vn -0.9102 -0.3893 -0.1415
vn -0.9882 -0.0678 -0.1372
vn -0.9248 -0.2243 -0.3074
vn -0.6459 -0.6873 -0.3322
vn -0.5622 -0.8155 -0.1372
vn -0.2553 -0.9321 -0.2571
vn -0.1928 -0.8665 -0.4604
vn -0.1412 -0.9250 -0.3528
vn -0.1667 -0.8104 -0.5617
vn -0.1447 -0.8878 -0.4370
vn -0.1812 -0.7335 -0.6551
vn -0.0867 -0.9933 -0.0764
vn -0.1017 -0.9919 -0.0764
vn -0.3169 -0.9466 -0.0590
vn -0.6905 -0.7226 -0.0328
vn -0.7018 -0.7124 -0.0022
vn -0.3262 -0.9453 -0.0022
vn -0.0980 -0.9952 0.0022
vn -0.0754 -0.9972 0.0022
vn -0.1017 -0.9919 0.0764
vn -0.1393 -0.9253 0.3527
vn -0.1912 -0.8669 0.4603
vn -0.1725 -0.8092 0.5617
vn -0.1504 -0.8868 0.4370
vn -0.1797 -0.7338 0.6552
vn -0.0867 -0.9933 0.0764
vn -0.1857 0.0449 0.9816
vn -0.1753 0.1274 0.9762
vn -0.1717 0.0735 0.9824
vn -0.1660 0.1393 0.9762
vn -0.2083 0.0597 0.9762
vn -0.2103 0.0525 0.9762
vn -0.2119 0.0153 0.9772
vn 0.9002 0.2715 -0.3404
vn 0.9401 0.3332 -0.0720
vn 0.9763 0.1988 -0.0851
vn -0.9923 -0.0302 -0.1198
vn -0.9720 -0.2171 0.0895
vn -0.9944 -0.1056 -0.0022
vn -0.9408 -0.3331 0.0633
vn -0.9923 -0.0302 0.1198
vn -0.9720 -0.2171 -0.0895
vn -0.9408 -0.3331 -0.0633
vn -0.9330 -0.3543 0.0633
vn -0.9923 -0.0305 -0.1198
vn -0.9720 -0.2172 0.0894
vn -0.8758 -0.4641 0.1329
vn -0.9429 -0.2972 0.1502
vn -0.9748 -0.2097 0.0764
vn -0.9024 -0.4309 0.0022
vn -0.9748 -0.2097 -0.0764
vn -0.9429 -0.2972 -0.1502
vn -0.9330 -0.3543 -0.0633
vn -0.9748 -0.2098 0.0764
vn -0.9408 -0.3330 0.0633
vn -0.9024 -0.4308 0.0022
vn -0.9408 -0.3330 -0.0633
vn -0.9748 -0.2098 -0.0764
vn 0.7814 0.6162 -0.0982
vn 0.9724 0.2098 -0.1025
vn 0.9377 0.3439 -0.0502
vn 0.9395 0.3401 -0.0415
vn 0.7814 0.6163 -0.0982
vn 0.9397 0.3403 -0.0328
vn 0.7355 0.6741 -0.0677
vn 0.2098 0.9772 -0.0328
vn 0.2319 0.9722 -0.0328
vn 0.9707 0.2172 -0.1025
vn 0.9728 0.2099 -0.0981
vn 0.9398 0.3402 -0.0327
vn 0.9376 0.3440 -0.0502
vn 0.9394 0.3402 -0.0415
vn 0.9707 0.2171 -0.1025
vn 0.9728 0.2098 -0.0982
vn 0.4647 0.1265 -0.8764
vn 0.2417 0.0667 -0.9681
vn 0.5864 0.1529 -0.7954
vn 0.2007 0.0554 -0.9781
vn 0.5709 0.1569 0.8059
vn 0.1926 0.0523 0.9799
vn 0.4496 0.1234 0.8847
vn 0.2337 0.0636 0.9702
vn 0.4811 -0.8737 -0.0720
vn 0.2318 -0.9722 -0.0327
vn 0.5455 -0.8342 -0.0807
vn 0.2024 -0.9789 -0.0284
vn -0.9457 -0.3188 0.0633
vn -0.9807 -0.1802 0.0764
vn -0.9426 -0.3261 0.0720
vn -0.9789 -0.1877 0.0807
vn -0.9803 -0.1803 0.0808
vn -0.9457 -0.3188 0.0634
vn -0.9789 -0.1877 0.0808
vn -0.9450 -0.3189 0.0720
vn -0.9803 -0.1803 0.0807
vn -0.9451 -0.3189 0.0720
vn -0.9789 -0.1878 0.0807
vn -0.9807 -0.1801 0.0764
vn -0.9450 -0.3190 0.0720
vn -0.9450 -0.3190 0.0721
vn -0.9724 -0.2172 0.0851
vn -0.9332 -0.3544 0.0590
vn -0.9335 -0.3545 0.0546
vn 0.9716 0.2209 -0.0851
vn 0.9346 0.3509 -0.0590
vn 0.9712 0.2208 -0.0895
vn 0.9321 0.3580 -0.0546
vn -0.9372 -0.3402 0.0764
vn -0.9346 -0.3473 0.0764
vn -0.9724 -0.2173 0.0851
vn 0.9372 0.3402 -0.0764
vn 0.9346 0.3473 -0.0764
vn 0.9712 0.2209 -0.0894
vn -0.9781 -0.1950 0.0721
vn -0.9778 -0.1950 0.0764
vn -0.9372 -0.3403 0.0764
vn 0.9781 0.1950 -0.0721
vn 0.9778 0.1950 -0.0764
vn -0.9332 -0.3544 0.0589
vn -0.9335 -0.3544 0.0546
vn -0.9781 -0.1951 0.0720
vn 0.9346 0.3509 -0.0589
vn 0.9781 0.1951 -0.0720
vn 0.8319 0.3874 -0.3973
vn 0.6853 0.4848 -0.5435
vn 0.9272 0.3258 -0.1846
vn 0.8250 0.5155 -0.2318
vn 0.4231 0.6625 -0.6181
vn 0.5236 0.4717 -0.7094
vn 0.2977 0.5358 -0.7901
vn 0.1368 0.7101 -0.6907
vn 0.0582 0.5010 -0.8635
vn -0.0335 0.6980 -0.7153
vn -0.0282 0.4922 -0.8700
vn -0.1932 0.6680 -0.7186
vn -0.1411 0.4684 -0.8722
vn -0.4348 0.5503 -0.7128
vn -0.2997 0.3914 -0.8700
vn -0.6582 0.3206 -0.6812
vn -0.4741 0.2463 -0.8453
vn -0.7701 0.1277 -0.6250
vn -0.6066 0.1272 -0.7847
vn -0.8804 0.0453 -0.4720
vn -0.9602 0.1355 -0.2443
vn -0.9793 0.0151 -0.2018
vn -0.9918 0.1280 0.0066
vn -0.9999 0.0150 0.0022
vn -0.9611 0.1205 0.2487
vn -0.9750 0.0378 0.2188
vn -0.9012 0.1427 0.4093
vn -0.9320 0.0830 0.3527
vn 0.7015 0.3833 -0.6008
vn -0.7988 0.4008 0.4487
vn -0.8650 0.4231 0.2697
vn -0.8956 0.4444 0.0196
vn -0.8559 0.4361 -0.2781
vn -0.5957 0.7487 -0.2907
vn -0.5421 0.7178 0.4370
vn -0.6056 0.7456 0.2781
vn -0.2496 0.8758 0.4132
vn -0.2846 0.9199 0.2697
vn -0.0397 0.9186 0.3932
vn -0.6222 0.7820 0.0372
vn -0.2900 0.9561 0.0415
vn -0.2768 0.9159 -0.2907
vn -0.0490 0.9568 -0.2865
vn -0.0452 0.9653 0.2571
vn -0.0434 0.9980 0.0459
vn 0.2098 0.9434 0.2570
vn 0.2264 0.9723 0.0589
vn 0.2170 0.9357 -0.2781
vn 0.5449 0.7982 -0.2570
vn 0.8492 0.5237 0.0677
vn 0.9521 0.3010 0.0546
vn 0.1765 0.9041 0.3892
vn 0.5084 0.7800 0.3650
vn 0.5472 0.7965 0.2571
vn 0.7510 0.5475 0.3690
vn 0.8058 0.5314 0.2613
vn 0.8593 0.3743 0.3486
vn 0.9064 0.3505 0.2358
vn 0.5648 0.8221 0.0720
vn -0.8540 0.2822 0.4370
vn -0.0246 0.6262 0.7793
vn -0.1515 0.3781 0.9133
vn -0.0189 0.2331 0.9723
vn 0.2242 0.5091 0.8310
vn 0.5424 0.3139 0.7793
vn 0.7777 0.4904 0.3933
vn 0.8925 0.3222 0.3157
vn 0.8894 0.3184 0.3281
vn 0.4981 0.7067 0.5025
vn 0.1167 0.8407 0.5288
vn -0.5507 0.6335 0.5435
vn -0.4769 0.7104 0.5176
vn -0.1296 0.8071 -0.5760
vn -0.2918 0.9472 -0.1329
vn -0.3575 0.6971 -0.6216
vn -0.5983 0.8004 0.0371
vn -0.9055 0.4241 0.0153
vn -0.8540 0.2823 0.4370
vn -0.7446 0.1277 -0.6552
vn -0.3575 0.6970 -0.6215
vn -0.7447 0.1280 -0.6550
vn 0.1176 0.5060 -0.8545
vn 0.0332 0.1309 -0.9908
vn 0.0911 0.0937 -0.9914
vn 0.2988 0.3824 -0.8743
vn 0.6665 0.6478 -0.3691
vn 0.4854 0.6700 -0.5617
vn 0.6718 0.6758 -0.3032
vn -0.1294 0.8071 -0.5761
vn 0.1908 0.8410 -0.5063
vn 0.9123 0.3187 0.2571
vn 0.8894 0.3184 0.3280
vn 0.9420 0.3080 0.1329
vn 0.9467 0.2973 0.1242
vn 0.8518 0.5238 0.0066
vn 0.8640 0.5010 0.0502
vn 0.6665 0.6478 -0.3689
vn 0.7158 0.6838 -0.1415
vn 0.6375 -0.2855 -0.7156
vn 0.6289 -0.7142 -0.3074
vn 0.6214 -0.7308 0.2823
vn 0.6330 -0.3168 0.7063
vn 0.6389 0.2826 0.7155
vn 0.6288 0.7143 0.3073
vn 0.6194 0.7326 -0.2823
vn 0.6316 0.3197 -0.7063
vn 0.9965 -0.0830 -0.0022
vn 0.9268 -0.3721 0.0503
vn 0.9817 -0.1876 0.0328
vn 0.9420 -0.3295 0.0633
vn 0.8893 -0.4510 0.0764
vn 0.8752 -0.4777 0.0764
vn 0.5971 -0.7981 0.0806
vn 0.6149 -0.7840 0.0851
vn 0.2740 -0.9583 0.0807
vn 0.2813 -0.9562 0.0807
vn 0.0510 -0.9954 0.0808
vn 0.0510 -0.9954 0.0807
vn -0.1987 -0.9774 0.0720
vn -0.1410 -0.9883 0.0590
vn -0.5286 -0.8476 0.0459
vn -0.4780 -0.8783 0.0109
vn -0.8009 -0.5987 -0.0022
vn -0.6044 -0.7960 -0.0328
vn -0.4101 -0.9111 0.0415
vn -0.8267 -0.5614 -0.0371
vn -0.1130 -0.9936 -0.0065
vn -0.1505 -0.9885 -0.0109
vn -0.1654 -0.9861 -0.0153
vn 0.3827 -0.9239 0.0022
vn 0.3686 -0.9296 -0.0019
vn 0.2975 -0.9547 -0.0066
vn 0.2903 -0.9569 -0.0065
vn -0.6058 -0.0000 0.7956
vn -0.2043 -0.9698 0.1329
vn -0.6033 -0.3127 0.7336
vn -0.1595 -0.9839 0.0806
vn -0.1129 -0.9927 0.0415
vn -0.0905 -0.9958 0.0153
vn -0.0754 -0.9971 0.0109
vn -0.0604 -0.9982 -0.0065
vn -0.0754 -0.9972 -0.0022
vn -0.0378 -0.9991 0.0197
vn -0.1055 -0.9944 0.0109
vn -0.0755 -0.9971 -0.0022
vn -0.2975 -0.9547 0.0022
vn -0.3262 -0.9453 0.0022
vn -0.1056 -0.9943 -0.0109
vn -0.0755 -0.9971 0.0022
vn -0.1055 -0.9944 -0.0109
vn -0.0378 -0.9991 -0.0197
vn -0.0604 -0.9982 0.0065
vn -0.0754 -0.9971 -0.0109
vn -0.0905 -0.9958 -0.0153
vn -0.1129 -0.9927 -0.0415
vn -0.1615 -0.9836 -0.0807
vn -0.2043 -0.9698 -0.1329
vn -0.6036 -0.3122 -0.7336
vn -0.6058 -0.0000 -0.7956
vn -0.8689 -0.0000 0.4950
vn -0.8689 -0.0000 0.4949
vn -0.7941 -0.0000 0.6078
vn -0.6796 -0.0000 0.7336
vn -0.7048 -0.0000 0.7094
vn -0.8668 -0.0000 0.4987
vn -0.9664 -0.0000 0.2570
vn -0.9664 -0.0006 0.2569
vn -0.9917 -0.0003 0.1286
vn -0.9917 -0.0076 0.1285
vn -0.9911 -0.0076 0.1329
vn -0.9977 -0.0000 0.0677
vn -0.9911 -0.0000 0.1329
vn -0.9911 -0.0002 0.1329
vn -0.9977 -0.0001 0.0677
vn -0.9912 0.0005 0.1324
vn -0.9917 -0.0000 0.1285
vn -0.9977 -0.0000 0.0676
vn -1.0000 0.0076 0.0022
vn -1.0000 0.0076 0.0021
vn -0.9977 -0.0000 -0.0676
vn -0.9977 -0.0000 -0.0677
vn -0.9911 -0.0076 -0.1329
vn -0.9911 -0.0000 -0.1329
vn -0.9977 -0.0006 -0.0677
vn -0.9911 -0.0002 -0.1329
vn -0.9912 0.0005 -0.1324
vn -0.9664 -0.0006 -0.2569
vn -0.9917 -0.0000 -0.1286
vn -0.9917 -0.0000 -0.1285
vn -0.9664 -0.0000 -0.2570
vn -0.9917 -0.0076 -0.1285
vn -0.8668 -0.0000 -0.4987
vn -0.7048 -0.0000 -0.7094
vn -0.7941 -0.0000 -0.6078
vn -0.6796 -0.0000 -0.7336
vn -0.8689 -0.0000 -0.4949
vn -0.8689 -0.0000 -0.4950
vn -0.0662 -0.0223 0.9976
vn -0.0913 -0.0076 0.9958
vn -0.0914 -0.0076 0.9958
vn -0.1380 -0.1059 0.9848
vn -0.1386 -0.1119 0.9840
vn -0.0708 -0.0431 0.9966
vn -0.0728 -0.0296 0.9969
vn -0.0726 -0.0152 0.9972
vn -0.0750 -0.3675 0.9270
vn -0.0642 -0.6200 0.7820
vn -0.0641 -0.6199 0.7820
vn -0.0002 0.9999 0.0153
vn -0.0000 1.0000 0.0066
vn -0.0000 0.9999 0.0153
vn -0.0000 1.0000 0.0065
vn 0.7221 0.1905 0.6650
vn 0.7221 0.1906 0.6650
vn 0.7462 0.0975 0.6585
vn 0.7472 0.0904 0.6585
vn 0.7584 -0.0037 0.6518
vn -0.9754 -0.2171 -0.0371
vn -0.9743 -0.2172 -0.0590
vn -0.9743 -0.2173 -0.0589
vn -0.0000 -0.9995 -0.0328
vn -0.0000 -0.9999 -0.0109
vn -0.0000 -0.9996 -0.0284
vn -0.0604 0.6373 0.7682
vn -0.0567 0.6445 0.7625
vn -0.0566 0.6444 0.7626
vn -0.8554 -0.0227 0.5175
vn -0.8533 -0.0076 0.5213
vn -0.8534 -0.0000 0.5213
vn 0.9993 -0.0000 0.0371
vn 0.9993 -0.0000 0.0372
vn 0.0435 0.0655 -0.9969
vn 0.0349 0.0555 -0.9978
vn 0.1302 0.0946 -0.9870
vn 0.0371 -0.0306 -0.9988
vn 0.0283 -0.0205 -0.9994
vn 0.0435 0.0654 -0.9969
vn 0.0348 0.0554 -0.9979
vn 0.1206 -0.0186 -0.9925
vn 0.1206 -0.0185 -0.9925
vn 0.0283 -0.0206 -0.9994
vn -0.9744 -0.2171 -0.0589
vn -0.9754 -0.2173 -0.0369
vn -0.9754 -0.2171 -0.0370
vn 0.3829 -0.0000 0.9238
vn 0.7079 0.0038 0.7063
vn -0.3833 -0.0000 -0.9236
vn -0.7080 -0.0000 -0.7062
vn -0.7077 -0.0000 -0.7065
vn -0.7080 -0.0000 0.7062
vn 0.7079 -0.0000 -0.7063
vn -0.0019 -0.1609 0.9870
vn -0.0000 -0.3177 0.9482
vn -0.0038 -0.9873 0.1588
vn -0.0037 -0.9873 0.1588
vn -0.0016 -0.9489 0.3157
vn -0.0019 -0.9489 0.3157
vn -0.0038 0.9873 -0.1588
vn -0.0038 0.9489 -0.3157
vn 0.0019 0.1610 -0.9870
vn -0.0038 0.3177 -0.9482
vn -0.0037 0.3177 -0.9482
vn -0.0019 -0.1610 0.9870
vn -0.0000 -0.3178 0.9482
vn -0.0000 -0.3175 0.9483
vn 0.0038 0.9873 -0.1588
vn 0.0038 0.9489 -0.3157
vn -0.0019 0.1653 0.9862
vn 0.0037 0.1133 0.9936
vn 0.0038 0.1090 0.9940
vn -0.6402 -0.7682 0.0022
vn -0.3404 -0.9403 0.0022
vn 0.3404 -0.9403 0.0022
vn 0.6402 -0.7682 0.0022
vn 0.9997 0.0227 -0.0022
vn -0.9850 0.1728 -0.0022
vn -0.9850 0.1728 -0.0021
vn -0.0019 0.1176 0.9931
vn -0.0019 0.1652 0.9863
vn -0.0038 0.1133 0.9936
vn 0.6167 -0.7872 0.0021
vn 0.6167 -0.7872 0.0022
vn 0.3262 -0.9453 0.0021
vn 0.3262 -0.9453 0.0022
vn -0.6167 -0.7872 0.0022
vn -0.9997 0.0227 -0.0022
vn 0.9850 0.1728 -0.0022
vn -0.4978 -0.8673 0.0022
vn 0.2903 -0.9569 0.0022
vn 0.2903 -0.9569 -0.0022
vn 0.4241 -0.9056 0.0022
vn 0.4242 -0.9056 0.0022
vn -0.0003 -0.0000 -1.0000
vn 0.0001 -0.0000 -1.0000
vn 0.0003 -0.0000 1.0000
vn -0.0001 -0.0000 1.0000
vn 0.2540 0.9672 -0.0022
vn 0.1654 0.9862 -0.0022
vn 0.2539 0.9672 -0.0022
vn 0.0226 0.9997 -0.0022
vn 0.0227 0.9997 -0.0022
vn -0.1505 0.9886 -0.0022
vn -0.2685 0.9633 -0.0022
vn 0.0604 -0.9982 -0.0022
vn 0.0453 -0.9990 -0.0022
vn 0.0022 -0.0038 1.0000
vn -0.0003 -0.0000 1.0000
vn -0.0044 -0.0000 1.0000
vn -0.0042 0.0001 -1.0000
vn -0.3048 0.9524 -0.0020
vn -0.3047 0.9524 -0.0022
vn -0.3476 0.9376 -0.0022
vn 0.0226 -0.9997 -0.0022
vn 0.0227 -0.9997 -0.0022
vn -0.0044 -0.0000 -1.0000
vn -0.2393 0.9709 -0.0022
vn -0.3475 0.9377 -0.0022
vn -0.0528 -0.9986 -0.0022
vn -0.0453 -0.9990 -0.0022
vn 0.0004 -0.0000 -1.0000
vn 0.0002 1.0000 0.0022
vn 0.3047 0.9524 0.0022
vn 0.3047 0.9524 -0.0022
vn 0.3406 0.9402 -0.0022
vn -0.0043 -0.0000 1.0000
vn 1.0000 0.0075 -0.0022
vn 0.2393 0.9709 -0.0022
vn 0.3404 0.9403 -0.0022
vn -0.5119 -0.0000 -0.8590
vn -0.5119 -0.0000 0.8590
vn 0.5120 -0.0000 0.8590
vn 0.5119 -0.0000 0.8590
vn 0.5119 -0.0038 -0.8590
vn -0.5118 -0.0000 0.8591
vn -0.5118 -0.0000 -0.8591
vn -0.5120 -0.0000 -0.8590
vn 0.5119 -0.0037 -0.8590
vn -0.5122 -0.0000 -0.8589
vn 0.5117 -0.0000 0.8591
vn -0.5120 -0.0000 0.8590
vn 0.5119 -0.0000 0.8591
vn -0.0057 -0.8579 -0.5138
vn 0.1407 -0.8440 -0.5175
vn 0.0019 -0.8579 -0.5138
vn 0.1408 -0.8440 -0.5175
vn -0.0038 0.8534 0.5213
vn -0.1410 0.8485 0.5101
vn -0.1412 0.8485 0.5101
vn -0.0000 -0.0000 -0.0000
vn -0.0019 -0.2590 -0.9659
vn -0.0019 -0.2593 -0.9658
vn -0.0038 -0.5006 -0.8657
vn -0.0018 -0.9820 -0.1889
vn -0.0019 -0.9820 -0.1889
vn -0.0018 -0.9820 0.1889
vn -0.0019 -0.9820 0.1889
vn -0.0019 0.7612 0.6485
vn -0.0019 0.9388 0.3445
vn -0.0019 0.9820 0.1889
vn -0.0017 0.9820 0.1889
vn -0.0017 0.9820 -0.1889
vn -0.0018 0.9820 -0.1889
vn -0.0019 0.9820 -0.1889
vn 0.0038 0.9388 -0.3445
vn 0.0037 0.9388 -0.3445
vn 0.0038 0.7612 -0.6485
vn -0.0038 0.7612 -0.6485
vn 0.7008 0.7060 -0.1025
vn 0.0019 0.9446 -0.3281
vn 0.6673 0.6686 -0.3281
vn 0.7071 0.7071 -0.0022
vn 0.9947 -0.0000 -0.1025
vn -0.0000 0.9947 -0.1027
vn -0.6700 0.6660 -0.3281
vn -0.7061 0.7007 -0.1025
vn -0.9447 -0.0000 -0.3280
vn -0.9947 -0.0000 -0.1028
vn -0.6699 -0.6660 -0.3281
vn -0.7060 -0.7007 -0.1025
vn 0.0018 -0.9446 -0.3281
vn -0.0000 -0.9947 -0.1025
vn -0.0000 -0.9947 0.1025
vn -0.7060 -0.7007 0.1025
vn -0.0038 -0.9447 0.3280
vn -0.6693 -0.6666 0.3281
vn -0.7071 -0.7071 -0.0022
vn -0.7071 0.7071 -0.0022
vn -0.9947 -0.0000 0.1028
vn -0.9450 -0.0000 0.3272
vn -0.7060 0.7007 0.1025
vn -0.6693 0.6667 0.3280
vn -0.0000 0.9947 0.1027
vn -0.0038 0.9446 0.3281
vn 0.7008 0.7060 0.1025
vn 0.6693 0.6667 0.3280
vn 0.9947 -0.0000 0.1025
vn 0.9447 -0.0000 0.3280
vn 0.7008 -0.7060 0.1025
vn 0.9446 -0.0038 -0.3281
vn 0.7007 -0.7061 -0.1025
vn 0.6674 -0.6686 -0.3280
vn 0.0019 -0.9447 -0.3281
vn 0.7071 -0.7071 0.0021
vn 0.6692 -0.6667 0.3281
vn -0.0037 -0.9446 0.3281
vn 0.7061 0.7007 -0.1025
vn 0.0018 0.9447 -0.3280
vn 0.6674 0.6685 -0.3280
vn 0.7071 0.7071 0.0022
vn -0.7060 0.7008 -0.1025
vn -0.9447 -0.0000 -0.3279
vn -0.9947 -0.0000 -0.1025
vn -0.7060 -0.7008 -0.1025
vn -0.7060 -0.7008 0.1025
vn -0.0038 -0.9446 0.3281
vn -0.6692 -0.6667 0.3281
vn -0.9947 -0.0000 0.1027
vn -0.9447 -0.0000 0.3280
vn -0.7060 0.7008 0.1025
vn -0.6693 0.6667 0.3281
vn -0.0000 0.9947 0.1025
vn 0.0038 0.9446 0.3281
vn 0.7061 0.7007 0.1025
vn 0.9947 -0.0000 0.1029
vn 0.9448 -0.0000 0.3277
vn 0.7060 -0.7007 0.1025
vn 0.9446 0.0038 -0.3281
vn 0.7060 -0.7007 -0.1025
vn 0.6673 -0.6686 -0.3281
vn 0.6693 -0.6667 0.3280
vn -0.0000 -0.5006 0.8657
vn -0.0000 0.0001 1.0000
vn -0.0000 0.5004 0.8658
vn -0.0019 0.8668 0.4987
vn -0.0019 0.8667 0.4987
vn -0.0037 0.8667 -0.4987
vn -0.0038 0.5006 -0.8657
vn -0.0037 0.5006 -0.8657
vn -0.0000 0.0001 -1.0000
vn -0.0037 -0.5006 -0.8657
vn -0.0037 -0.8667 -0.4987
vn -0.0019 -0.8667 0.4987
vn -0.0019 -0.8668 0.4987
vn -0.0000 -0.5007 0.8656
vn -0.9232 0.2464 0.2948
vn -0.9233 0.2464 0.2948
vn -0.9233 -0.2461 -0.2948
vn -0.3808 0.5967 0.7063
vn 0.0019 0.6435 0.7654
vn 0.3840 0.5947 0.7063
vn 0.3839 0.5947 0.7064
vn 0.9242 0.2427 0.2949
vn 1.0000 -0.0000 -0.0020
vn 0.9233 -0.2461 -0.2948
vn 0.3818 -0.5960 -0.7064
vn 0.3818 -0.5961 -0.7063
vn -0.0001 -0.6435 -0.7654
vn -0.0000 -0.6435 -0.7654
vn -0.3818 -0.5961 -0.7063
vn 0.0019 0.7668 -0.6419
vn 0.0018 0.7668 -0.6419
vn 0.0020 0.7670 -0.6416
vn 0.0020 0.7668 -0.6418
vn -0.0019 0.9859 -0.1674
vn -0.0019 0.9859 -0.1675
vn 0.0019 0.9844 0.1760
vn 0.0020 0.9844 0.1760
vn -0.0000 -0.9802 -0.1978
vn -0.0000 -0.9999 -0.0154
vn -0.0000 -0.9999 -0.0153
vn -0.0019 -0.9866 0.1631
vn -0.0000 -0.9803 -0.1977
vn -0.0000 -0.9803 -0.1974
vn -0.6301 -0.0000 -0.7766
vn -0.9568 -0.0000 -0.2906
vn -0.9568 -0.0000 -0.2908
vn -0.9568 -0.0000 0.2906
vn -0.9570 -0.0000 0.2902
vn -0.6301 -0.0000 0.7765
vn -0.1526 -0.0000 0.9883
vn 0.3425 0.0038 0.9395
vn 0.8556 -0.0000 0.5176
vn 0.8556 0.0038 -0.5176
vn 0.3426 -0.0000 -0.9395
vn 0.3423 -0.0000 -0.9396
vn -0.6298 -0.0000 -0.7768
vn 0.0755 0.9971 0.0022
vn 0.0755 0.9971 -0.0022
vn -0.7333 0.6799 0.0022
vn 0.0170 0.1903 0.9816
vn 0.7730 0.6344 -0.0022
vn 0.0150 0.1905 -0.9816
vn 0.9699 -0.0979 -0.2232
vn 0.9937 0.0453 -0.1025
vn 0.9791 -0.0641 -0.1932
vn 0.9940 0.0565 -0.0938
vn 0.4487 0.0417 0.8927
vn -0.5452 -0.1275 0.8286
vn -0.6431 -0.0226 0.7654
vn -0.9383 -0.3259 -0.1155
vn -0.9847 -0.1653 -0.0546
vn -0.3858 -0.3008 -0.8722
vn -0.4491 -0.0376 -0.8927
vn 0.5250 -0.0451 -0.8499
vn 0.5535 0.1233 -0.8236
vn 0.3758 0.3531 0.8568
vn -0.7497 0.2453 0.6147
vn 0.1799 0.8365 0.5175
vn -0.7933 -0.5978 0.1155
vn -0.1669 -0.8300 -0.5322
vn 0.5902 -0.3618 -0.7216
vn 0.8999 0.3820 -0.2104
vn 0.9606 0.2756 -0.0371
vn 0.9848 0.1615 0.0633
vn 0.4487 0.0415 0.8927
vn 0.1111 0.9322 0.3445
vn 0.8595 0.5071 -0.0633
vn 0.1398 0.4964 0.8568
vn 0.8225 -0.3734 -0.4291
vn -0.0227 -0.9174 -0.3972
vn -0.8703 -0.4843 0.0894
vn -0.7478 0.4855 0.4529
vn -0.7344 0.2878 0.6147
vn 0.1399 0.4964 0.8568
vn -0.7967 -0.0075 0.6043
vn 0.1350 -0.0000 0.9908
vn -0.9278 -0.0000 -0.3730
vn -0.9735 -0.1727 -0.1502
vn -0.1484 -0.4860 -0.8613
vn 0.8913 -0.1576 -0.4252
vn 0.8860 0.2752 0.3731
vn 0.1350 0.0003 0.9908
vn 0.9294 0.0038 0.3690
vn 0.7941 0.0075 -0.6078
vn -0.1305 0.0074 -0.9914
vn -0.1918 -0.6878 -0.7001
vn 0.1958 0.6835 0.7032
vn -0.9771 0.0528 0.2061
vn -0.9953 -0.0377 0.0895
vn -0.9784 0.0453 0.2018
vn -0.9963 -0.0529 0.0677
vn -0.1727 0.9846 0.0284
vn -0.1728 0.9845 0.0284
vn -0.1727 0.9846 0.0283
vn -0.1730 0.9845 0.0284
vn 0.2880 -0.0003 0.9576
vn 0.2887 -0.0000 0.9574
vn 0.2886 -0.0000 0.9575
vn 0.2886 -0.0000 0.9574
vn -0.2883 -0.0003 -0.9575
vn -0.2886 -0.0000 -0.9574
vn -0.2885 -0.0000 -0.9575
vn -0.2886 -0.0000 -0.9575
vn 0.9492 0.1391 -0.2823
vn 0.9474 0.1428 -0.2865
vn 0.0075 1.0000 -0.0023
vn 0.0076 1.0000 -0.0022
vn 0.0222 -0.9997 -0.0066
vn 0.0226 -0.9997 -0.0066
vn 0.0227 -0.9997 -0.0065
vn 0.9539 -0.1017 -0.2823
vn 0.9539 -0.1019 -0.2823
vn 0.9539 -0.1016 -0.2823
vn -0.9710 0.1280 0.2018
vn -0.9762 0.0679 0.2060
vn -0.9767 0.0604 0.2059
vn -0.9696 0.0150 0.2444
vn -0.9689 0.1431 0.2018
vn -0.9503 0.1876 0.2486
vn -0.9539 0.1801 0.2401
vn -0.9329 0.1875 0.3074
vn -0.9316 0.1803 0.3157
vn -0.9238 0.1280 0.3609
vn -0.9232 0.1430 0.3568
vn -0.9301 0.0679 0.3609
vn -0.9306 0.0603 0.3610
vn -0.9487 0.0151 0.3157
vn -0.9474 0.0151 0.3198
vn -0.9675 0.0147 0.2526
vn -0.1027 0.7155 -0.6910
vn -0.1031 0.7156 -0.6908
vn 0.0113 0.9194 -0.3932
vn 0.0169 0.9210 -0.3892
vn 0.2245 0.9205 0.3198
vn 0.2912 0.7154 0.6351
vn 0.3177 -0.0000 0.9482
vn 0.3178 -0.0000 0.9482
vn 0.1536 -0.7219 0.6748
vn 0.1534 -0.7219 0.6748
vn 0.0453 -0.9267 0.3731
vn -0.1633 -0.9260 -0.3404
vn -0.1652 -0.9271 -0.3363
vn -0.2410 -0.7220 -0.6485
vn -0.7078 -0.2799 -0.6485
vn -0.5943 -0.7884 -0.1588
vn -0.6000 -0.7784 -0.1846
vn -0.4035 -0.7744 0.4873
vn -0.7021 -0.3285 -0.6318
vn -0.6461 0.3746 -0.6650
vn -0.6357 0.4135 -0.6519
vn -0.4489 0.8705 -0.2018
vn -0.4534 0.8607 -0.2316
vn -0.2661 0.8727 0.4093
vn -0.2514 0.8616 0.4409
vn -0.1775 0.3755 0.9097
vn -0.1746 0.4154 0.8927
vn -0.2322 -0.2842 0.9302
vn -0.2386 -0.3251 0.9151
vn -0.4140 -0.7875 0.4565
vn -0.2550 -0.0000 -0.9669
vn -0.2549 -0.0000 -0.9670
vn -0.9543 0.0980 0.2823
vn 0.7501 0.6569 0.0764
vn 0.7491 0.3512 0.5617
vn 0.6903 0.1941 0.6970
vn 0.6441 -0.2862 0.7094
vn 0.7513 0.6539 0.0895
vn 0.5894 0.6557 -0.4719
vn 0.5840 0.6520 -0.4835
vn 0.3236 0.3515 -0.8785
vn 0.1995 0.1968 -0.9599
vn 0.2443 -0.4584 -0.8545
vn 0.1564 -0.2860 -0.9454
vn 0.4474 -0.7846 -0.4291
vn 0.4435 -0.7781 -0.4448
vn 0.6113 -0.7829 0.1155
vn 0.6145 -0.7784 0.1286
vn 0.6728 -0.4552 0.5832
vn 0.4232 -0.0000 0.9060
vn 0.4213 0.4547 0.7847
vn 0.4214 0.4546 0.7847
vn 0.4239 0.7845 0.4526
vn 0.4232 -0.0000 0.9061
vn 0.4212 -0.4547 0.7847
vn 0.4237 -0.7846 0.4526
vn 0.4238 -0.7845 0.4526
vn 0.4241 -0.9056 -0.0022
vn 0.4241 -0.9056 -0.0020
vn 0.4217 -0.7857 -0.4527
vn 0.4218 -0.7855 -0.4529
vn 0.4227 -0.4533 -0.7847
vn 0.4231 0.0038 -0.9061
vn 0.4231 -0.0037 -0.9061
vn 0.4227 0.4533 -0.7847
vn 0.4217 0.7856 -0.4527
vn 0.4218 0.7854 -0.4529
vn 0.4241 0.9056 -0.0020
vn 0.4238 0.7845 0.4526
vn 0.9629 -0.0000 -0.2698
vn 0.9628 -0.1317 -0.2359
vn 0.9627 -0.2355 -0.1329
vn 0.9633 -0.2685 -0.0022
vn 0.9627 -0.2355 0.1329
vn 0.9628 -0.1317 0.2359
vn 0.9629 0.0038 0.2697
vn 0.9628 0.1317 0.2359
vn 0.9627 0.2355 0.1329
vn 0.9633 0.2685 -0.0022
vn 0.9627 0.2355 -0.1329
vn 0.9628 0.1317 -0.2359
vn 0.2549 -0.0000 0.9670
vn 0.2533 0.5695 0.7820
vn 0.2572 0.9189 0.2991
vn 0.2534 -0.5695 0.7820
vn 0.2533 -0.5695 0.7820
vn 0.2573 -0.9189 0.2990
vn 0.2573 -0.9189 -0.2990
vn 0.2554 -0.5684 -0.7821
vn 0.2552 -0.5687 -0.7820
vn 0.2549 -0.0037 -0.9670
vn 0.2549 -0.0038 -0.9670
vn 0.2558 0.5683 -0.7821
vn 0.2573 0.9189 -0.2990
vn 0.2572 0.9189 0.2990
vn 0.9974 -0.0000 0.0720
vn 0.9974 0.0415 0.0590
vn 0.9974 0.0679 0.0240
vn 0.9974 0.0679 -0.0240
vn 0.9974 0.0415 -0.0589
vn 0.9974 -0.0000 -0.0724
vn 0.9974 -0.0415 -0.0589
vn 0.9974 -0.0681 -0.0240
vn 0.9974 -0.0680 0.0240
vn 0.9974 -0.0415 0.0589
vn -0.8710 -0.4912 -0.0022
vn -0.9309 -0.2462 -0.2697
vn -0.9297 -0.2316 -0.2865
vn -0.9309 -0.2465 0.2697
vn -0.9296 -0.2319 0.2865
vn -0.9023 0.3329 0.2739
vn -0.9021 0.3260 0.2826
vn -0.8186 0.5743 -0.0022
vn -0.8143 0.5804 0.0022
vn -0.8187 0.5743 -0.0022
vn -0.9025 0.3325 -0.2739
vn -0.9023 0.3257 -0.2825
vn -0.2099 0.9777 0.0022
vn -0.2098 0.9777 0.0021
vn -0.2099 0.9777 -0.0022
vn 0.9299 0.2501 0.2698
vn 0.8710 0.4912 0.0022
vn 0.8710 0.4913 0.0022
vn 0.9309 0.2462 -0.2697
vn 0.9297 0.2315 -0.2865
vn 0.9012 -0.3289 -0.2823
vn 0.9012 -0.3360 -0.2739
vn 0.8187 -0.5743 0.0022
vn 0.8143 -0.5804 0.0022
vn 0.9023 -0.3329 0.2739
vn 0.8186 -0.5743 0.0022
vn 0.9025 -0.3257 0.2820
vn 0.9305 0.2281 0.2865
vn 0.2099 -0.9777 -0.0022
vn 0.2099 -0.9777 0.0022
vn -0.2798 0.0151 0.9599
vn -0.2759 0.0076 0.9612
vn -0.2717 0.0075 0.9623
vn 0.2801 -0.0075 -0.9599
vn 0.2758 -0.0113 -0.9612
vn -0.0038 -0.2465 -0.9691
vn -0.0875 -0.0005 0.9962
vn -0.0873 0.0003 0.9962
vn 0.1538 -0.0296 -0.9877
vn 0.1538 -0.0297 -0.9877
vn -0.4030 -0.8989 -0.1717
vn -0.4011 -0.8981 -0.1803
vn -0.3588 -0.8799 -0.3115
vn -0.3553 -0.8738 -0.3322
vn -0.8254 0.4011 -0.3973
vn 0.4266 0.8696 -0.2486
vn 0.4299 0.8704 -0.2401
vn 0.4374 0.8934 -0.1025
vn 0.4356 0.8952 -0.0938
vn 0.7798 -0.3409 -0.5250
vn 0.0872 -0.0000 -0.9962
vn 0.0873 -0.0000 -0.9962
vn 0.0283 -0.9428 -0.3322
vn 0.0284 -0.9428 -0.3322
vn -0.9230 -0.2825 -0.2613
vn -0.9616 0.0151 -0.2739
vn -0.9617 0.0075 -0.2739
vn -0.9149 0.3040 -0.2655
vn 0.0282 0.9428 -0.3322
vn 0.0283 0.9428 -0.3322
vn 0.0284 0.9428 -0.3322
vn 0.9470 0.3045 -0.1025
vn 0.9946 0.0151 -0.1025
vn 0.9947 0.0076 -0.1025
vn 0.9556 -0.2792 -0.0938
vn 0.0079 -0.0038 1.0000
vn 0.8753 -0.0000 0.4835
vn 0.8667 -0.0000 -0.4988
vn -0.0087 -0.0000 -1.0000
vn -0.0088 -0.0000 -1.0000
vn -0.8753 -0.0000 -0.4835
vn -0.8754 -0.0000 -0.4835
vn -0.8667 -0.0000 0.4988
vn 0.8668 -0.0000 -0.4987
vn -0.8667 -0.0000 0.4987
vn -0.8214 0.2963 0.4873
vn -0.8214 0.2963 0.4874
vn 0.0170 0.2246 0.9743
vn 0.8602 0.1504 0.4873
vn 0.8601 0.1504 0.4874
vn 0.8596 0.1539 -0.4873
vn 0.8595 0.1539 -0.4873
vn 0.0206 0.2243 -0.9743
vn 0.0205 0.2243 -0.9743
vn -0.8216 0.2959 -0.4873
vn -0.8215 0.2959 -0.4873
vn 0.0905 0.9959 -0.0022
vn 0.0905 0.9959 0.0022
vn 0.0904 0.9959 -0.0021
vn 0.0206 0.2242 -0.9743
vn -0.8215 0.2960 -0.4873
vn -0.0038 0.9728 -0.2317
vn -0.0038 0.9728 -0.2316
vn -0.0019 0.8465 -0.5324
vn -0.0000 0.3302 -0.9439
vn -0.0000 0.3301 -0.9439
vn -0.0000 -0.3301 -0.9440
vn -0.0000 -0.3301 -0.9439
vn -0.0019 -0.8465 -0.5324
vn -0.0038 -0.9728 -0.2316
vn -0.0038 -0.9728 -0.2317
vn -0.9991 -0.0000 -0.0415
vn 0.9991 -0.0000 -0.0415
vn -0.0019 0.9728 0.2316
vn -0.0000 0.8465 0.5324
vn -0.0000 0.8464 0.5325
vn -0.0038 0.3301 0.9439
vn -0.0036 0.3301 0.9439
vn -0.0037 -0.3301 0.9439
vn -0.0038 -0.3301 0.9439
vn -0.0000 -0.8465 0.5323
vn -0.0019 -0.9728 0.2316
vn -0.1093 -0.0299 0.9936
vn -0.1093 -0.0300 0.9936
vn -0.9999 -0.0000 0.0109
vn 0.9951 0.0076 -0.0982
vn 0.9999 -0.0000 -0.0153
vn 0.9999 -0.0000 -0.0107
vn 0.1067 0.0221 -0.9940
vn 0.1028 0.0227 -0.9944
vn -0.0234 0.0260 -0.9994
vn -0.0291 0.0265 -0.9992
vn -0.2683 0.9624 0.0417
vn -0.2683 0.9624 0.0415
vn -0.2683 0.9624 0.0414
vn 0.2683 -0.9624 -0.0415
vn 0.2683 -0.9624 -0.0416
vn 0.9526 0.2647 -0.1502
vn 0.9526 0.2647 -0.1501
vn -0.2683 0.9624 0.0416
vn 0.2683 -0.9624 -0.0414
vn -0.7281 0.6854 -0.0022
vn -0.9150 0.4034 0.0022
vn -0.9267 0.3757 -0.0022
vn -0.9150 0.4035 -0.0022
vn -0.9268 0.3756 -0.0022
vn -1.0000 0.0076 -0.0022
vn -1.0000 0.0075 0.0022
vn -0.7333 0.6799 -0.0022
vn 0.0075 -1.0000 0.0022
vn -0.0075 -1.0000 0.0022
vn -0.0075 -1.0000 -0.0022
vn 0.0076 -1.0000 -0.0022
vn 0.9475 0.3082 -0.0851
vn 0.9744 0.2246 -0.0022
vn 0.9569 0.2903 0.0022
vn 0.9475 0.3083 0.0851
vn 0.9781 0.1951 0.0720
vn -0.3119 -0.9501 -0.0022
vn -0.3119 -0.9501 0.0022
vn 0.3119 0.9501 0.0022
vn 0.3119 0.9501 -0.0022
vn -0.8732 0.3183 0.3690
vn -0.8717 0.3177 -0.3731
vn -0.7115 0.5981 0.3689
vn -0.9294 -0.0000 0.3690
vn -0.8717 -0.3177 -0.3731
vn -0.8732 -0.3183 0.3690
vn -0.7102 -0.5970 -0.3730
vn -0.7114 -0.5981 0.3690
vn -0.3755 -0.8537 -0.3608
vn -0.3949 -0.8500 0.3486
vn -0.1055 -0.9937 -0.0371
vn -0.0679 -0.9977 0.0066
vn -0.7102 0.5970 -0.3731
vn -0.4617 0.8048 0.3730
vn -0.4628 0.8041 -0.3730
vn -0.1578 0.9143 0.3730
vn -0.1595 0.9140 -0.3730
vn 0.1578 0.9143 0.3730
vn 0.1632 0.9134 -0.3730
vn 0.4617 0.8048 0.3730
vn 0.4661 0.8022 -0.3730
vn 0.7097 0.5977 0.3730
vn 0.7126 0.5941 -0.3731
vn 0.8716 0.3181 0.3731
vn 0.8730 0.3142 -0.3730
vn 0.9278 -0.0000 0.3731
vn 0.9278 -0.0038 -0.3731
vn 0.8716 -0.3181 0.3731
vn 0.8730 -0.3142 -0.3730
vn 0.7097 -0.5977 0.3731
vn 0.7126 -0.5941 -0.3730
vn 0.3743 -0.8542 0.3608
vn 0.3949 -0.8500 -0.3486
vn 0.1054 -0.9937 0.0371
vn 0.0679 -0.9977 -0.0065
vn -0.2935 0.1104 -0.9496
vn -0.3136 -0.0000 -0.9495
vn -0.3595 0.1326 -0.9237
vn -0.2914 0.2489 -0.9237
vn -0.3831 -0.0000 -0.9237
vn -0.2407 0.2009 -0.9496
vn -0.1547 0.2728 -0.9496
vn -0.0561 0.3085 -0.9496
vn 0.0561 0.3085 -0.9496
vn 0.1546 0.2728 -0.9496
vn 0.2408 0.2009 -0.9496
vn 0.2935 0.1104 -0.9496
vn 0.3136 -0.0000 -0.9496
vn 0.2935 -0.1104 -0.9496
vn 0.2408 -0.2009 -0.9496
vn 0.1547 -0.2728 -0.9496
vn 0.0561 -0.3086 -0.9495
vn -0.0561 -0.3088 -0.9495
vn -0.1546 -0.2728 -0.9496
vn -0.2408 -0.2009 -0.9496
vn -0.2935 -0.1104 -0.9496
vn -0.3595 -0.1326 -0.9237
vn -0.2914 -0.2489 -0.9237
vn -0.1938 -0.3306 -0.9237
vn -0.0674 -0.3772 -0.9237
vn 0.0671 -0.3773 -0.9236
vn 0.1938 -0.3306 -0.9237
vn 0.2914 -0.2489 -0.9237
vn 0.3595 -0.1324 -0.9237
vn 0.3831 -0.0000 -0.9237
vn 0.3596 0.1325 -0.9237
vn 0.2914 0.2489 -0.9237
vn 0.1938 0.3306 -0.9237
vn -0.0671 0.3772 -0.9237
vn 0.0674 0.3772 -0.9237
vn -0.1938 0.3306 -0.9237
vn -0.3909 0.1401 -0.9097
vn -0.3159 0.2694 -0.9097
vn -0.2066 0.3602 -0.9097
vn -0.0729 0.4087 -0.9097
vn 0.0692 0.4094 -0.9097
vn 0.2095 0.3584 -0.9097
vn 0.3181 0.2666 -0.9098
vn 0.3896 0.1435 -0.9097
vn 0.4152 0.0037 -0.9097
vn 0.3898 -0.1432 -0.9097
vn 0.3183 -0.2666 -0.9098
vn 0.1987 -0.3691 -0.9079
vn 0.0489 -0.7154 -0.6970
vn -0.0902 -0.7233 -0.6846
vn -0.1723 -0.4037 -0.8985
vn -0.3159 -0.2695 -0.9097
vn -0.3909 -0.1401 -0.9097
vn -0.4152 -0.0000 -0.9097
vn -0.9278 -0.0000 -0.3731
vn -0.7102 -0.5970 -0.3731
vn -0.3755 -0.8536 -0.3609
vn 0.0679 -0.9977 -0.0066
vn 0.3949 -0.8500 -0.3487
vn 0.7126 -0.5941 -0.3731
vn 0.8730 -0.3142 -0.3731
vn 0.8730 0.3141 -0.3731
vn 0.4661 0.8022 -0.3731
vn 0.1632 0.9133 -0.3731
vn -0.1595 0.9140 -0.3731
vn -0.4628 0.8041 -0.3731
vn 0.8995 0.0037 -0.4370
vn 0.8455 -0.3069 -0.4370
vn 0.8455 -0.3068 -0.4370
vn 0.6877 -0.5798 -0.4370
vn 0.8455 0.3068 -0.4370
vn 0.6877 0.5797 -0.4370
vn 0.4518 0.7777 -0.4370
vn 0.4518 0.7778 -0.4370
vn 0.1558 0.8860 -0.4368
vn 0.1558 0.8859 -0.4369
vn -0.1595 0.8852 -0.4370
vn -0.4487 0.7796 -0.4370
vn -0.6900 0.5769 -0.4370
vn -0.6900 0.5770 -0.4370
vn -0.8442 0.3104 -0.4370
vn -0.8995 0.0001 -0.4370
vn -0.8995 -0.0000 -0.4370
vn -0.8442 -0.3104 -0.4370
vn -0.6901 -0.5769 -0.4370
vn -0.6901 -0.5769 -0.4369
vn -0.4486 -0.7796 -0.4370
vn -0.1595 -0.8852 -0.4370
vn 0.1558 -0.8859 -0.4370
vn 0.4519 -0.7777 -0.4370
vn -0.1655 -0.0000 0.9862
vn 0.3893 0.1444 0.9097
vn -0.1543 -0.0593 0.9862
vn 0.3172 0.2679 0.9097
vn 0.4152 -0.0038 0.9097
vn -0.1543 0.0593 0.9862
vn 0.3893 -0.1444 0.9097
vn -0.1277 0.1049 0.9862
vn 0.3173 -0.2678 0.9097
vn -0.0815 0.1437 0.9863
vn 0.1745 -0.4027 0.8985
vn -0.0320 0.1621 0.9863
vn 0.0867 -0.7240 0.6843
vn 0.0283 0.1630 0.9862
vn -0.0453 -0.7157 0.6969
vn 0.0848 0.1418 0.9863
vn -0.1961 -0.3749 0.9061
vn 0.1251 0.1078 0.9863
vn -0.3197 -0.2650 0.9097
vn 0.1556 0.0557 0.9862
vn -0.3906 -0.1408 0.9097
vn 0.1652 -0.0038 0.9863
vn -0.4152 -0.0000 0.9097
vn 0.1556 -0.0557 0.9862
vn -0.3906 0.1408 0.9097
vn 0.1251 -0.1078 0.9863
vn -0.3197 0.2649 0.9097
vn 0.0848 -0.1419 0.9862
vn -0.2109 0.3577 0.9097
vn 0.0283 -0.1628 0.9862
vn -0.0696 0.4093 0.9098
vn -0.0320 -0.1621 0.9863
vn 0.0733 0.4087 0.9097
vn -0.0815 -0.1438 0.9863
vn 0.2076 0.3596 0.9097
vn -0.1277 -0.1050 0.9862
vn -0.2853 -0.2372 0.9286
vn -0.1877 -0.3201 0.9286
vn -0.0677 -0.3648 0.9286
vn 0.0677 -0.3648 0.9286
vn 0.1877 -0.3201 0.9286
vn 0.2853 -0.2372 0.9286
vn 0.3488 -0.1261 0.9287
vn 0.3710 -0.0000 0.9286
vn 0.3487 0.1261 0.9287
vn 0.2853 0.2372 0.9286
vn 0.1877 0.3201 0.9286
vn 0.0677 0.3648 0.9286
vn -0.0677 0.3648 0.9286
vn -0.1877 0.3201 0.9286
vn -0.2853 0.2372 0.9286
vn -0.3488 0.1261 0.9287
vn -0.3710 -0.0000 0.9286
vn -0.3489 -0.1261 0.9286
vn -0.9990 -0.0000 0.0457
vn -0.9391 -0.3405 0.0459
vn -0.9391 -0.3405 0.0458
vn -0.7669 -0.6402 0.0459
vn -0.9989 -0.0000 0.0459
vn -0.9391 0.3405 0.0458
vn -0.9391 0.3405 0.0459
vn -0.7669 0.6402 0.0459
vn -0.4962 0.8670 0.0459
vn -0.1710 0.9842 0.0459
vn -0.1710 0.9842 0.0458
vn 0.1747 0.9836 0.0459
vn 0.1747 0.9836 0.0458
vn 0.4995 0.8651 0.0460
vn 0.4995 0.8651 0.0459
vn 0.7644 0.6431 0.0459
vn 0.9379 0.3440 0.0459
vn 0.9989 -0.0038 0.0459
vn 0.9378 -0.3440 0.0459
vn 0.7644 -0.6431 0.0459
vn 0.7644 -0.6431 0.0458
vn 0.4995 -0.8651 0.0460
vn 0.4995 -0.8651 0.0459
vn 0.1747 -0.9835 0.0460
vn 0.1747 -0.9835 0.0459
vn -0.1710 -0.9842 0.0458
vn -0.4962 -0.8670 0.0459
vn -0.5028 -0.8632 0.0459
vn -0.7668 -0.6402 0.0459
vn 0.7498 -0.0000 0.6617
vn 0.7037 0.2588 0.6617
vn 0.5759 0.4800 0.6617
vn 0.7037 -0.2588 0.6617
vn 0.5759 -0.4801 0.6617
vn 0.3748 -0.6493 0.6618
vn 0.1277 -0.7388 0.6617
vn -0.1277 -0.7388 0.6617
vn -0.1278 -0.7388 0.6617
vn -0.3749 -0.6493 0.6618
vn -0.5760 -0.4800 0.6617
vn -0.5759 -0.4800 0.6618
vn -0.7037 -0.2587 0.6618
vn -0.7037 -0.2588 0.6617
vn -0.7496 -0.0000 0.6618
vn -0.7498 -0.0000 0.6616
vn -0.7037 0.2588 0.6617
vn -0.5758 0.4801 0.6618
vn -0.5759 0.4800 0.6617
vn -0.3749 0.6492 0.6619
vn -0.3749 0.6492 0.6618
vn -0.1277 0.7388 0.6617
vn 0.1278 0.7388 0.6617
vn 0.1277 0.7388 0.6617
vn 0.3749 0.6493 0.6617
vn 0.5759 0.4801 0.6617
vn -0.8732 0.3182 0.3690
vn -0.9294 -0.0000 0.3691
vn -0.4153 -0.0000 0.9097
vn -0.3906 -0.1409 0.9097
vn -0.3907 0.1408 0.9097
vn -0.7114 0.5981 0.3690
vn -0.3197 0.2650 0.9097
vn -0.4617 0.8047 0.3731
vn -0.1578 0.9143 0.3731
vn -0.0697 0.4094 0.9097
vn 0.1578 0.9143 0.3731
vn 0.4617 0.8048 0.3731
vn 0.7096 0.5977 0.3731
vn 0.3173 0.2679 0.9097
vn 0.8715 0.3181 0.3731
vn 0.3894 0.1444 0.9097
vn 0.4153 -0.0038 0.9097
vn 0.7096 -0.5977 0.3731
vn 0.3173 -0.2679 0.9097
vn 0.3743 -0.8542 0.3609
vn 0.1745 -0.4028 0.8985
vn 0.1055 -0.9937 0.0371
vn 0.0867 -0.7238 0.6845
vn -0.0453 -0.7156 0.6971
vn -0.3950 -0.8500 0.3486
vn -0.1962 -0.3751 0.9060
vn -0.0000 0.5709 -0.8210
vn -0.9886 -0.1504 0.0022
vn -0.9908 -0.1355 0.0021
vn -0.9908 -0.1355 0.0022
vn -0.9886 -0.1505 0.0021
vn -0.9886 -0.1505 0.0019
vn -0.9822 -0.1877 0.0022
vn 0.0019 -0.1046 0.9945
vn -0.0019 -0.1174 0.9931
vn 0.9793 -0.2025 0.0022
vn 0.9653 -0.2613 0.0022
vn -0.0000 -0.1046 -0.9945
vn 0.0019 -0.1174 -0.9931
vn -0.0679 0.9977 0.0022
vn -0.0679 0.9977 -0.0022
vn 0.2025 0.9793 -0.0022
vn 0.0076 1.0000 -0.0021
vn -0.1803 0.9836 -0.0022
vn 0.9944 -0.1055 -0.0022
vn 0.9982 0.0604 -0.0022
vn 0.0019 -0.1047 0.9945
vn -0.0038 -0.2337 0.9723
vn -0.0019 -0.1177 0.9930
vn 0.0038 -0.2337 0.9723
vn -0.0000 -0.1047 -0.9945
vn 0.0019 -0.1177 -0.9930
vn -0.0000 -0.2337 -0.9723
vn 0.9908 -0.1355 0.0022
vn -0.1351 -0.0000 -0.9908
vn -0.1480 -0.0000 -0.9890
vn -0.1130 -0.0000 -0.9936
vn -0.1350 -0.0000 -0.9908
vn 0.1740 -0.0000 0.9847
vn 0.1956 -0.0000 0.9807
vn 0.1480 -0.0038 0.9890
vn 0.1951 0.9808 -0.0022
vn 0.2320 0.9727 -0.0022
vn -0.0000 -0.9177 -0.3973
vn 0.8174 0.4284 0.3852
vn 0.6753 0.2905 0.6780
vn 0.5436 0.7457 0.3852
vn 0.3340 0.2726 0.9023
vn 0.3288 0.8604 0.3893
vn 0.2874 0.3422 0.8946
vn 0.1911 0.0040 0.9816
vn 0.1480 0.0038 0.9890
vn 0.1907 0.0113 0.9816
vn 0.1307 -0.0000 0.9914
vn 0.3884 0.2207 0.8947
vn 0.1479 0.0038 0.9890
vn 0.3885 0.2206 0.8946
vn 0.6753 0.2904 0.6780
vn 0.4853 0.1632 0.8590
vn 0.7160 0.2124 0.6650
vn 0.8174 0.4283 0.3852
vn 0.9012 0.2682 0.3406
vn -0.4544 -0.0000 -0.8908
vn 0.0082 0.0030 -1.0000
vn -0.0131 -0.0000 -0.9999
vn -0.0131 0.0002 -0.9999
vn 0.0479 -0.0037 -0.9988
vn 0.0463 -0.0246 -0.9986
vn 0.0515 -0.0249 -0.9984
vn 0.0337 -0.3159 -0.9482
vn -0.9923 -0.0304 0.1199
vn -0.9101 -0.4102 -0.0589
vn -0.9206 -0.2607 -0.2908
vn -0.8262 -0.2312 0.5138
vn -0.8861 -0.1429 0.4409
vn -0.0000 1.0000 -0.0020
vn -0.0002 -1.0000 0.0026
vn 0.0001 -1.0000 0.0019
vn 0.9967 -0.0076 -0.0807
vn 0.9964 -0.0038 -0.0851
vn 0.9967 0.0001 -0.0811
vn 0.9967 0.0003 -0.0814
vn -0.0413 -0.0142 -0.9990
vn -0.0366 -0.0142 -0.9992
vn -0.0367 -0.0142 -0.9992
vn 0.0113 -0.9835 0.1803
vn -0.0208 -0.9983 -0.0546
vn 0.0094 -0.9843 0.1760
vn -0.0208 -0.9978 -0.0633
vn -0.0000 -1.0000 0.0066
vn -0.0002 -1.0000 0.0025
vn -0.0000 -1.0000 0.0065
vn 0.0002 -1.0000 0.0022
vn 0.2123 -0.0000 0.9772
vn 0.2125 -0.0000 0.9772
vn -0.2123 -0.0000 -0.9772
vn -0.2125 -0.0000 -0.9772
vn -0.2086 -0.0000 -0.9780
vn -0.2082 -0.0000 -0.9781
vn -0.2039 -0.0000 -0.9790
vn 0.2469 -0.1032 0.9635
vn 0.2492 -0.0710 0.9659
vn 0.1387 0.0728 0.9877
vn 0.2074 0.0986 0.9733
vn 0.2205 -0.0882 0.9714
vn 0.2073 0.0986 0.9733
vn 0.1963 -0.0813 0.9772
vn 0.1877 -0.1084 0.9762
vn 0.2225 -0.1059 0.9692
vn 0.2599 -0.0928 0.9612
vn 0.1506 -0.0870 0.9848
vn 0.1653 -0.0665 0.9840
vn 0.2840 0.0712 0.9562
vn 0.1673 -0.1009 0.9807
vn 0.1860 -0.0596 0.9807
vn 0.2082 -0.0037 0.9781
vn 0.1849 0.0264 0.9824
vn 0.2327 0.0227 0.9723
vn 0.2840 -0.0712 0.9562
vn 0.2327 -0.0226 0.9723
vn 0.2039 -0.0038 0.9790
vn 0.2082 0.0037 0.9781
vn 0.1849 -0.0264 0.9824
vn 0.1337 -0.0729 0.9883
vn 0.2330 -0.0636 0.9704
vn 0.2082 0.0038 0.9781
vn 0.3509 -0.9333 -0.0764
vn 0.4643 -0.8797 -0.1025
vn 0.1205 -0.9924 -0.0240
vn -0.1801 -0.9828 0.0415
vn -0.5457 -0.8294 0.1198
vn -0.5457 -0.8294 0.1199
vn -0.7748 -0.6096 0.1674
vn -0.8289 -0.5295 0.1803
vn 0.3508 -0.9333 -0.0764
vn -0.0076 -1.0000 0.0020
vn -0.0077 -1.0000 0.0016
vn -0.9776 -0.0000 0.2103
vn -0.0076 -1.0000 0.0022
vn -0.0077 -1.0000 0.0022
vn 0.9776 -0.0000 -0.2103
vn 0.9776 -0.0075 -0.2103
vn 0.9776 -0.0076 -0.2103
vn -0.1858 0.0446 -0.9816
vn -0.1721 0.0728 -0.9824
vn -0.1762 0.1262 -0.9762
vn -0.1669 0.1379 -0.9763
vn -0.2085 0.0591 -0.9762
vn -0.2104 0.0519 -0.9762
vn -0.2119 0.0150 -0.9772
vn -0.2120 0.0151 -0.9772
vn 0.9763 0.1988 0.0851
vn 0.9012 0.2682 0.3404
vn 0.9401 0.3332 0.0720
vn -0.9720 -0.2172 -0.0894
vn -0.9923 -0.0303 0.1198
vn -0.9101 -0.4101 -0.0589
vn 0.9395 0.3401 0.0415
vn 0.9724 0.2098 0.1025
vn 0.9377 0.3439 0.0502
vn 0.7814 0.6162 0.0981
vn 0.9397 0.3403 0.0328
vn 0.7814 0.6163 0.0982
vn 0.7355 0.6741 0.0677
vn 0.2098 0.9772 0.0328
vn 0.2319 0.9722 0.0328
vn 0.9398 0.3403 0.0328
vn 0.9728 0.2099 0.0981
vn 0.9707 0.2172 0.1025
vn 0.9728 0.2098 0.0982
vn 0.9394 0.3402 0.0415
vn 0.9707 0.2171 0.1025
vn 0.9376 0.3440 0.0502
vn 0.4645 0.1271 0.8764
vn 0.5854 0.1569 0.7955
vn 0.2415 0.0673 0.9681
vn 0.2005 0.0560 0.9781
vn 0.5710 0.1560 -0.8060
vn 0.4498 0.1228 -0.8847
vn 0.1917 0.0556 -0.9799
vn 0.2339 0.0630 -0.9702
vn 0.4812 -0.8736 0.0720
vn 0.5476 -0.8328 0.0807
vn 0.2318 -0.9722 0.0327
vn 0.2024 -0.9789 0.0285
vn -0.9789 -0.1875 -0.0807
vn -0.9807 -0.1802 -0.0764
vn -0.9426 -0.3261 -0.0720
vn -0.9457 -0.3188 -0.0633
vn -0.9426 -0.3261 -0.0721
vn -0.9803 -0.1801 -0.0808
vn -0.9803 -0.1801 -0.0807
vn -0.9451 -0.3189 -0.0720
vn -0.9450 -0.3190 -0.0720
vn -0.9450 -0.3190 -0.0721
vn -0.9789 -0.1875 -0.0808
vn -0.9807 -0.1801 -0.0764
vn -0.9335 -0.3545 -0.0546
vn -0.9332 -0.3544 -0.0590
vn -0.9724 -0.2172 -0.0851
vn 0.9321 0.3580 0.0546
vn 0.9346 0.3509 0.0590
vn 0.9712 0.2208 0.0895
vn 0.9716 0.2209 0.0851
vn -0.9346 -0.3473 -0.0764
vn -0.9724 -0.2173 -0.0851
vn -0.9372 -0.3402 -0.0764
vn 0.9712 0.2209 0.0894
vn 0.9716 0.2210 0.0851
vn 0.9346 0.3473 0.0764
vn 0.9372 0.3402 0.0764
vn -0.9778 -0.1950 -0.0764
vn -0.9372 -0.3403 -0.0764
vn -0.9781 -0.1950 -0.0721
vn 0.9778 0.1950 0.0764
vn 0.9781 0.1950 0.0721
vn -0.9781 -0.1951 -0.0720
vn -0.9332 -0.3544 -0.0589
vn 0.9346 0.3509 0.0589
vn 0.9272 0.3259 0.1847
vn 0.6870 0.4824 0.5435
vn 0.8332 0.3845 0.3973
vn 0.7030 0.3805 0.6008
vn 0.5206 0.4751 0.7094
vn 0.4253 0.6611 0.6181
vn 0.2933 0.5382 0.7901
vn 0.8266 0.5129 0.2317
vn 0.9521 0.3010 -0.0546
vn 0.8492 0.5237 -0.0677
vn 0.9064 0.3504 -0.2360
vn 0.5409 0.8009 0.2570
vn 0.1408 0.7093 0.6907
vn 0.0622 0.5005 0.8635
vn -0.0322 0.6978 0.7155
vn -0.0264 0.4923 0.8700
vn 0.2190 0.9353 0.2780
vn 0.5647 0.8222 -0.0720
vn 0.8044 0.5337 -0.2610
vn 0.8593 0.3743 -0.3486
vn 0.7537 0.5439 -0.3690
vn 0.5510 0.7939 -0.2571
vn 0.5084 0.7800 -0.3650
vn 0.2150 0.9422 -0.2570
vn 0.1744 0.9045 -0.3892
vn -0.0472 0.9652 -0.2571
vn -0.0418 0.9185 -0.3932
vn -0.2789 0.9217 -0.2697
vn -0.2496 0.8758 -0.4132
vn -0.6006 0.7497 -0.2781
vn -0.5429 0.7171 -0.4370
vn -0.8652 0.4227 -0.2697
vn -0.7990 0.4003 -0.4487
vn -0.9610 0.1205 -0.2487
vn -0.9012 0.1427 -0.4093
vn -0.9749 0.0374 -0.2194
vn -0.9321 0.0829 -0.3527
vn 0.2264 0.9723 -0.0589
vn -0.9999 0.0150 -0.0022
vn -0.9918 0.1280 -0.0065
vn -0.8956 0.4445 -0.0197
vn -0.6222 0.7820 -0.0371
vn -0.2900 0.9561 -0.0415
vn -0.0434 0.9980 -0.0459
vn -0.0472 0.9569 0.2865
vn -0.1904 0.6689 0.7186
vn -0.1396 0.4689 0.8721
vn -0.4333 0.5519 0.7125
vn -0.2989 0.3921 0.8700
vn -0.9793 0.0151 0.2018
vn -0.2755 0.9163 0.2907
vn -0.5948 0.7495 0.2907
vn -0.6579 0.3211 0.6812
vn -0.4736 0.2473 0.8453
vn -0.7701 0.1279 0.6250
vn -0.6065 0.1277 0.7847
vn -0.8804 0.0453 0.4720
vn -0.9602 0.1355 0.2443
vn -0.8556 0.4366 0.2781
vn -0.4779 0.7097 -0.5176
vn -0.5458 0.6378 -0.5435
vn 0.1147 0.8410 -0.5287
vn -0.0265 0.6262 -0.7792
vn 0.4959 0.7082 -0.5025
vn 0.2198 0.5110 -0.8310
vn 0.7800 0.4868 -0.3932
vn 0.5408 0.3165 -0.7793
vn 0.8939 0.3182 -0.3157
vn 0.8882 0.3215 -0.3281
vn -0.0224 0.2327 -0.9723
vn -0.1471 0.3798 -0.9133
vn -0.8542 0.2819 -0.4370
vn -0.1355 0.8062 0.5760
vn -0.3630 0.6942 0.6216
vn -0.2918 0.9472 0.1329
vn -0.5983 0.8004 -0.0371
vn -0.9055 0.4241 -0.0153
vn -0.4779 0.7098 -0.5176
vn -0.5458 0.6376 -0.5436
vn -0.7445 0.1279 0.6553
vn -0.7446 0.1279 0.6551
vn -0.3630 0.6942 0.6215
vn 0.1198 0.5054 0.8545
vn -0.1352 0.8061 0.5761
vn 0.1856 0.8422 0.5063
vn 0.2971 0.3839 0.8743
vn 0.4875 0.6685 0.5617
vn 0.6684 0.6457 0.3692
vn 0.6718 0.6758 0.3032
vn 0.0301 0.1317 0.9908
vn 0.0897 0.0952 0.9914
vn 0.8883 0.3215 -0.3280
vn 0.9137 0.3147 -0.2571
vn 0.9420 0.3080 -0.1329
vn 0.9467 0.2973 -0.1242
vn 0.8518 0.5238 -0.0066
vn 0.8640 0.5010 -0.0502
vn 0.6685 0.6458 0.3688
vn 0.7158 0.6838 0.1415
vn 0.6389 -0.2827 0.7155
vn 0.6289 -0.7142 0.3074
vn 0.6194 -0.7326 -0.2823
vn 0.6316 -0.3197 -0.7063
vn 0.6376 0.2855 -0.7156
vn 0.6288 0.7142 -0.3074
vn 0.6215 0.7308 0.2823
vn 0.6330 0.3169 0.7063
vn 0.9965 -0.0830 0.0022
vn 0.9817 -0.1876 -0.0328
vn 0.9268 -0.3721 -0.0503
vn 0.9420 -0.3295 -0.0633
vn 0.8893 -0.4510 -0.0764
vn 0.8752 -0.4777 -0.0764
vn 0.5950 -0.7997 -0.0806
vn 0.6149 -0.7840 -0.0851
vn 0.2791 -0.9569 -0.0808
vn 0.2792 -0.9568 -0.0808
vn 0.0490 -0.9955 -0.0807
vn 0.0493 -0.9955 -0.0807
vn -0.1987 -0.9774 -0.0720
vn -0.1410 -0.9883 -0.0590
vn -0.5286 -0.8476 -0.0459
vn -0.4780 -0.8783 -0.0109
vn -0.8009 -0.5987 0.0022
vn -0.6044 -0.7960 0.0328
vn -0.4101 -0.9111 -0.0415
vn -0.8267 -0.5614 0.0371
vn -0.1130 -0.9936 0.0065
vn -0.1505 -0.9885 0.0109
vn -0.1654 -0.9861 0.0153
vn 0.3827 -0.9239 -0.0022
vn 0.3687 -0.9296 0.0021
vn 0.2975 -0.9547 0.0065
vn 0.2903 -0.9569 0.0066
vn -0.0914 -0.0074 -0.9958
vn -0.0912 -0.0074 -0.9958
vn -0.0663 -0.0219 -0.9976
vn -0.0727 -0.0146 -0.9972
vn -0.0767 -0.3672 -0.9270
vn -0.0766 -0.3672 -0.9270
vn -0.0602 -0.6203 -0.7820
vn -0.1343 -0.1105 -0.9848
vn -0.1349 -0.1165 -0.9840
vn -0.0712 -0.0426 -0.9966
vn -0.0731 -0.0288 -0.9969
vn -0.0000 1.0000 -0.0065
vn -0.0000 1.0000 -0.0066
vn -0.0000 0.9999 -0.0153
vn 0.7231 0.1868 -0.6650
vn 0.7467 0.0940 -0.6585
vn 0.7231 0.1866 -0.6650
vn 0.7471 0.0939 -0.6581
vn 0.7583 -0.0000 -0.6519
vn 0.7584 -0.0000 -0.6518
vn -0.9744 -0.2172 0.0589
vn -0.9743 -0.2172 0.0590
vn -0.9754 -0.2171 0.0371
vn -0.0000 -0.9999 0.0109
vn -0.0000 -0.9996 0.0284
vn -0.0000 -0.9995 0.0328
vn -0.0583 0.6444 -0.7625
vn -0.0564 0.6377 -0.7682
vn -0.0583 0.6443 -0.7626
vn -0.0564 0.6378 -0.7681
vn -0.8553 -0.0226 -0.5176
vn -0.8533 -0.0076 -0.5213
vn -0.8554 -0.0226 -0.5175
vn -0.8534 -0.0000 -0.5213
vn 0.9993 -0.0000 -0.0371
vn 0.9993 -0.0000 -0.0372
vn 0.1293 0.0958 0.9870
vn 0.0328 0.0567 0.9978
vn 0.0415 0.0668 0.9969
vn 0.0327 0.0567 0.9979
vn 0.0299 -0.0180 0.9994
vn 0.0415 0.0667 0.9969
vn 0.0388 -0.0282 0.9988
vn 0.0300 -0.0180 0.9994
vn 0.1205 -0.0189 0.9925
vn 0.0389 -0.0283 0.9988
vn 0.1206 -0.0189 0.9925
vn -0.9754 -0.2171 0.0369
vn -0.9744 -0.2171 0.0589
vn -0.9754 -0.2174 0.0368
vn 0.3829 -0.0000 -0.9238
vn 0.3830 -0.0000 -0.9238
vn -0.3833 -0.0000 0.9236
vn 0.0018 -0.1609 -0.9870
vn -0.0038 -0.3177 -0.9482
vn -0.0038 -0.9873 -0.1588
vn -0.0038 -0.9489 -0.3157
vn -0.0038 0.9873 0.1588
vn -0.0019 0.9489 0.3157
vn -0.0019 0.9489 0.3156
vn -0.0019 0.1609 0.9870
vn -0.0019 0.1610 0.9870
vn -0.0000 0.3175 0.9482
vn -0.0000 0.3177 0.9482
vn 0.0019 -0.1609 -0.9870
vn -0.0037 -0.9873 -0.1588
vn 0.0038 0.9873 0.1588
vn -0.0016 0.9489 0.3157
vn -0.0000 0.3178 0.9482
vn -0.0000 0.3174 0.9483
vn 0.0018 0.1652 -0.9863
vn -0.0000 0.1130 -0.9936
vn -0.0000 0.1091 -0.9940
vn -0.6402 -0.7682 -0.0022
vn -0.3404 -0.9403 -0.0022
vn 0.3404 -0.9403 -0.0022
vn 0.6402 -0.7682 -0.0022
vn 0.9997 0.0227 0.0022
vn -0.9850 0.1728 0.0022
vn 0.0019 0.1652 -0.9863
vn 0.0019 0.1653 -0.9862
vn 0.0018 0.1177 -0.9931
vn -0.0000 0.1133 -0.9936
vn 0.6167 -0.7872 -0.0022
vn 0.3262 -0.9453 -0.0022
vn -0.6167 -0.7872 -0.0022
vn -0.9997 0.0227 0.0022
vn 0.9850 0.1728 0.0022
vn 0.9849 0.1728 0.0022
vn -0.4978 -0.8673 -0.0022
vn 0.0003 -0.0000 -1.0000
vn -0.0001 -0.0000 -1.0000
vn 0.2539 0.9672 0.0022
vn 0.2540 0.9672 0.0022
vn 0.1654 0.9862 0.0022
vn 0.0227 0.9997 0.0022
vn -0.1505 0.9886 0.0022
vn -0.2685 0.9633 0.0022
vn -0.2685 0.9633 0.0021
vn 0.0035 -0.0026 -1.0000
vn -0.0042 0.0001 1.0000
vn -0.3047 0.9524 0.0022
vn -0.3476 0.9376 0.0022
vn -0.3475 0.9377 0.0022
vn 0.0001 -0.0000 1.0000
vn 0.0004 -0.0000 1.0000
vn 0.0002 1.0000 -0.0022
vn -0.0043 -0.0000 -1.0000
vn 0.0035 -0.0025 -1.0000
vn 0.5119 0.0038 -0.8590
vn 0.5118 -0.0000 0.8591
vn 0.5119 0.0037 -0.8590
vn -0.0038 -0.8580 0.5137
vn -0.0038 -0.8579 0.5138
vn 0.1354 -0.8449 0.5175
vn 0.0038 -0.8579 0.5138
vn 0.1429 -0.8437 0.5175
vn -0.1431 0.8482 -0.5099
vn -0.1353 0.8494 -0.5101
vn -0.0054 0.8533 -0.5213
vn 0.0018 0.8534 -0.5213
vn 0.0019 -0.2590 0.9659
vn 0.0019 -0.2593 0.9658
vn -0.0000 -0.5009 0.8655
vn 0.0037 -0.5005 -0.8657
vn 0.0038 -0.5005 -0.8657
vn 0.0038 0.5006 -0.8657
vn 0.0037 0.5006 -0.8657
vn 0.0037 0.8667 -0.4987
vn -0.0000 0.5002 0.8659
vn -0.0000 -0.5001 0.8659
vn 0.0037 -0.8667 -0.4987
vn 0.0038 -0.5008 -0.8656
vn -0.9233 0.2461 -0.2948
vn -0.9232 -0.2464 0.2948
vn -0.3819 0.5960 -0.7063
vn -0.0000 0.6435 -0.7654
vn -0.0001 0.6434 -0.7655
vn 0.3818 0.5961 -0.7063
vn 0.9233 0.2461 -0.2948
vn 1.0000 -0.0000 0.0020
vn 0.9242 -0.2428 0.2949
vn 0.3840 -0.5947 0.7063
vn 0.0019 -0.6435 0.7654
vn -0.3808 -0.5967 0.7063
vn -0.0038 0.7668 0.6419
vn -0.0037 0.7668 0.6419
vn 0.0038 0.7668 0.6419
vn 0.0037 0.7668 0.6419
vn -0.0000 0.9859 0.1673
vn -0.0000 0.9859 0.1675
vn 0.0019 0.9844 -0.1760
vn 0.0020 0.9844 -0.1760
vn -0.0000 -0.9803 0.1975
vn -0.0000 -0.9999 0.0154
vn -0.0000 -0.9999 0.0153
vn -0.0019 -0.9866 -0.1631
vn -0.0000 -0.9803 0.1974
vn -0.7333 0.6799 -0.0021
vn 0.9940 0.0565 0.0938
vn 0.9937 0.0453 0.1025
vn 0.9793 -0.0604 0.1932
vn 0.9695 -0.1018 0.2231
vn 0.4491 0.0376 -0.8927
vn 0.9848 0.1615 -0.0633
vn 0.3738 0.3552 -0.8568
vn 0.9606 0.2756 0.0371
vn 0.1851 0.8354 -0.5176
vn 0.8983 0.3857 0.2103
vn 0.1091 0.9324 -0.3445
vn 0.8595 0.5072 0.0633
vn 0.1377 0.4970 -0.8568
vn 0.8873 0.2712 -0.3731
vn 0.1350 -0.0000 -0.9908
vn 0.9294 -0.0000 -0.3690
vn 0.8906 -0.1615 0.4251
vn 0.7941 0.0076 0.6078
vn 0.5534 0.1238 0.8236
vn 0.5249 -0.0453 0.8499
vn -0.4491 -0.0378 0.8927
vn -0.3899 -0.2955 0.8721
vn -0.9848 -0.1652 0.0546
vn 0.5919 -0.3592 0.7215
vn 0.8207 -0.3773 0.4291
vn -0.0208 -0.9175 0.3973
vn -0.1455 -0.4869 0.8613
vn -0.1305 0.0076 0.9914
vn -0.9735 -0.1727 0.1502
vn -0.9278 -0.0000 0.3731
vn -0.1725 -0.8287 0.5324
vn -0.7933 -0.5978 -0.1157
vn -0.8703 -0.4843 -0.0894
vn -0.9383 -0.3259 0.1156
vn -0.5453 -0.1269 -0.8286
vn -0.6431 -0.0226 -0.7654
vn -0.7498 0.2448 -0.6147
vn -0.7483 0.4850 -0.4526
vn -0.7346 0.2874 -0.6147
vn -0.7967 -0.0075 -0.6043
vn 0.1092 0.9324 -0.3445
vn 0.1852 0.8354 -0.5175
vn -0.1975 -0.6862 0.7001
vn -0.1976 -0.6862 0.7001
vn 0.1937 0.6841 -0.7032
vn 0.1937 0.6840 -0.7032
vn 0.1937 0.6840 -0.7033
vn -0.9963 -0.0529 -0.0677
vn -0.9953 -0.0377 -0.0896
vn -0.9784 0.0453 -0.2018
vn -0.9771 0.0528 -0.2060
vn -0.1724 0.9846 -0.0285
vn -0.1727 0.9846 -0.0282
vn -0.1727 0.9846 -0.0284
vn -0.1727 0.9846 -0.0285
vn 0.2886 0.0038 -0.9574
vn 0.2886 0.0037 -0.9574
vn 0.2886 -0.0038 -0.9574
vn -0.2886 -0.0000 0.9575
vn -0.2886 -0.0000 0.9574
vn -0.2884 -0.0000 0.9575
vn 0.9479 0.1392 0.2865
vn 0.9486 0.1430 0.2823
vn 0.0076 1.0000 0.0022
vn 0.0075 1.0000 0.0023
vn 0.0223 -0.9997 0.0067
vn 0.0227 -0.9997 0.0065
vn 0.0226 -0.9997 0.0066
vn 0.9543 -0.0980 0.2823
vn 0.9543 -0.0981 0.2824
vn 0.9543 -0.0979 0.2822
vn -0.9766 0.0603 -0.2062
vn -0.9710 0.1280 -0.2018
vn -0.9689 0.1432 -0.2017
vn -0.9503 0.1876 -0.2486
vn -0.9762 0.0678 -0.2061
vn -0.9696 0.0153 -0.2444
vn -0.9674 0.0149 -0.2527
vn -0.9474 0.0151 -0.3198
vn -0.9488 0.0151 -0.3156
vn -0.9307 0.0603 -0.3609
vn -0.9301 0.0678 -0.3609
vn -0.9232 0.1428 -0.3568
vn -0.9238 0.1278 -0.3609
vn -0.9316 0.1800 -0.3157
vn -0.9329 0.1875 -0.3074
vn -0.9539 0.1801 -0.2401
vn 0.2938 0.7143 -0.6351
vn 0.2296 0.9192 -0.3198
vn 0.2939 0.7143 -0.6351
vn 0.2297 0.9192 -0.3198
vn 0.0113 0.9211 0.3892
vn 0.0132 0.9193 0.3932
vn -0.0999 0.7162 0.6907
vn 0.3177 -0.0000 -0.9482
vn 0.1590 -0.7207 -0.6747
vn 0.0509 -0.9264 -0.3731
vn -0.1690 -0.9250 0.3404
vn -0.1651 -0.9271 0.3364
vn -0.2395 -0.7225 0.6485
vn -0.6000 -0.7784 0.1846
vn -0.7077 -0.2804 0.6485
vn -0.7019 -0.3290 0.6318
vn -0.6460 0.3752 0.6647
vn -0.5943 -0.7884 0.1588
vn -0.3979 -0.7773 -0.4873
vn -0.4151 -0.7869 -0.4565
vn -0.2404 -0.3238 -0.9151
vn -0.2339 -0.2829 -0.9302
vn -0.1759 0.4149 -0.8927
vn -0.1731 0.3774 -0.9097
vn -0.2514 0.8616 -0.4409
vn -0.2604 0.8744 -0.4094
vn -0.4522 0.8613 0.2316
vn -0.4488 0.8706 0.2018
vn -0.6353 0.4140 0.6519
vn -0.2550 -0.0000 0.9669
vn -0.2549 -0.0000 0.9670
vn -0.9543 0.0979 -0.2823
vn -0.9541 0.0979 -0.2829
vn 0.9544 -0.0979 0.2819
vn 0.9543 -0.0981 0.2823
vn 0.9542 -0.0983 0.2825
vn 0.9543 -0.0980 0.2822
vn 0.9543 -0.0983 0.2823
vn 0.6905 0.1935 -0.6970
vn 0.7502 0.6568 -0.0764
vn 0.7513 0.6539 -0.0894
vn 0.5856 0.6590 0.4720
vn 0.7509 0.3473 -0.5617
vn 0.6458 -0.2823 -0.7094
vn 0.6711 -0.4577 -0.5832
vn 0.6145 -0.7784 -0.1286
vn 0.6113 -0.7829 -0.1155
vn 0.4456 -0.7769 0.4448
vn 0.4495 -0.7835 0.4291
vn 0.1542 -0.2872 0.9454
vn 0.2465 -0.4572 0.8545
vn 0.2014 0.1948 0.9599
vn 0.3221 0.3529 0.8785
vn 0.5805 0.6552 0.4835
vn 0.4221 0.4537 -0.7848
vn 0.4232 -0.0038 -0.9060
vn 0.4228 -0.4533 -0.7847
vn 0.4220 0.4534 -0.7851
vn 0.4217 0.7856 -0.4528
vn 0.4217 0.7857 -0.4527
vn 0.4241 0.9056 0.0020
vn 0.4241 0.9056 -0.0022
vn 0.4237 0.7846 0.4526
vn 0.4213 0.4546 0.7847
vn 0.4227 0.0004 0.9063
vn 0.4213 -0.4547 0.7847
vn 0.4239 -0.7845 0.4526
vn 0.4238 -0.7845 0.4527
vn 0.4218 -0.7854 -0.4529
vn 0.4217 -0.7857 -0.4526
vn 0.4223 -0.4536 -0.7849
vn 0.9633 0.2685 0.0022
vn 0.9633 0.1354 -0.2316
vn 0.9630 -0.0000 -0.2697
vn 0.9633 -0.1354 -0.2316
vn 0.9633 -0.2685 0.0022
vn 0.2552 0.5686 -0.7820
vn 0.2549 0.0038 -0.9670
vn 0.2558 -0.5683 -0.7820
vn 0.2558 0.5684 -0.7820
vn 0.2572 0.9189 -0.2991
vn 0.2573 0.9189 0.2990
vn 0.2533 0.5694 0.7820
vn 0.2550 -0.0000 0.9670
vn 0.2532 -0.5695 0.7820
vn 0.2559 -0.5687 -0.7817
vn 0.9974 -0.0000 -0.0720
vn 0.9974 0.0415 -0.0590
vn 0.9974 -0.0415 -0.0590
vn 0.9974 -0.0680 -0.0240
vn 0.9974 -0.0682 0.0240
vn 0.9974 -0.0000 0.0722
vn -0.2717 0.0075 -0.9624
vn -0.2759 0.0075 -0.9612
vn -0.2798 0.0150 -0.9599
vn 0.2758 -0.0114 0.9611
vn 0.2757 -0.0113 0.9612
vn 0.2800 -0.0113 0.9599
vn 0.2798 -0.0113 0.9600
vn -0.0019 -0.2464 0.9692
vn -0.0019 -0.2465 0.9691
vn -0.0875 -0.0005 -0.9962
vn -0.0873 0.0002 -0.9962
vn 0.1537 -0.0301 0.9877
vn 0.1538 -0.0301 0.9876
vn -0.3553 -0.8737 0.3322
vn -0.4067 -0.8956 0.1803
vn -0.3589 -0.8799 0.3115
vn -0.4030 -0.8989 0.1717
vn -0.8252 0.4016 0.3973
vn -0.8252 0.4016 0.3972
vn 0.4356 0.8952 0.0938
vn 0.4299 0.8704 0.2401
vn 0.4374 0.8934 0.1025
vn 0.4266 0.8696 0.2486
vn 0.7812 -0.3379 0.5250
vn 0.0873 -0.0000 0.9962
vn 0.0871 -0.0000 0.9962
vn 0.0872 -0.0000 0.9962
vn 0.0283 -0.9428 0.3322
vn 0.0280 -0.9428 0.3322
vn -0.9229 -0.2828 0.2613
vn -0.9616 0.0151 0.2739
vn -0.9617 0.0076 0.2739
vn -0.9148 0.3044 0.2655
vn 0.0283 0.9428 0.3322
vn 0.0285 0.9428 0.3322
vn 0.0282 0.9428 0.3322
vn 0.9470 0.3045 0.1025
vn 0.9946 0.0151 0.1025
vn 0.9947 0.0076 0.1025
vn 0.9556 -0.2792 0.0938
vn 0.8753 -0.0038 -0.4835
vn 0.8667 -0.0037 0.4988
vn 0.8667 -0.0038 0.4987
vn -0.0087 -0.0000 1.0000
vn -0.0088 -0.0000 1.0000
vn -0.8753 -0.0000 0.4835
vn -0.8754 -0.0000 0.4835
vn -0.8667 -0.0000 -0.4988
vn 0.8753 0.0038 -0.4835
vn 0.8668 -0.0038 0.4987
vn -0.8667 -0.0000 -0.4987
vn -0.8215 0.2959 -0.4874
vn -0.8214 0.2964 0.4873
vn -0.8215 0.2962 0.4873
vn -0.0019 -0.9728 0.2317
vn -0.0000 -0.8465 0.5324
vn -0.0019 0.9728 0.2317
vn -0.9991 -0.0000 0.0415
vn 0.9991 -0.0000 0.0415
vn -0.0037 -0.9728 -0.2316
vn -0.0018 -0.8465 -0.5324
vn -0.0000 -0.3300 -0.9440
vn -0.0000 0.3300 -0.9440
vn -0.0000 0.3301 -0.9440
vn -0.0037 0.9728 -0.2316
vn -0.1095 -0.0293 -0.9936
vn -0.1094 -0.0293 -0.9936
vn -0.9999 -0.0000 -0.0109
vn 0.9999 -0.0000 0.0110
vn 0.9951 0.0076 0.0982
vn 0.9999 -0.0000 0.0153
vn -0.0278 0.0278 0.9992
vn 0.1030 0.0188 0.9945
vn -0.0226 0.0266 0.9994
vn 0.1067 0.0225 0.9940
vn -0.2683 0.9624 -0.0415
vn -0.2683 0.9624 -0.0417
vn 0.2683 -0.9624 0.0415
vn 0.9526 0.2647 0.1502
vn 0.9526 0.2647 0.1501
vn -0.2683 0.9624 -0.0416
vn 0.2681 -0.9625 0.0410
vn -0.8734 0.3179 -0.3689
vn -0.9294 -0.0000 -0.3690
vn -0.9278 -0.0000 0.3730
vn -0.8716 -0.3181 0.3731
vn -0.8716 0.3181 0.3731
vn -0.7120 0.5974 -0.3690
vn -0.7097 0.5977 0.3731
vn 0.1632 0.9134 -0.3729
vn 0.4661 0.8023 -0.3729
vn 0.7097 0.5977 0.3731
vn 0.9278 -0.0038 -0.3730
vn 0.9278 -0.0000 0.3730
vn 0.8716 -0.3181 0.3730
vn 0.7126 -0.5942 -0.3730
vn 0.7097 -0.5977 0.3729
vn 0.3790 -0.8522 -0.3607
vn 0.3950 -0.8500 0.3486
vn 0.1054 -0.9937 -0.0371
vn 0.0679 -0.9977 0.0065
vn -0.0679 -0.9977 -0.0066
vn -0.1055 -0.9937 0.0371
vn -0.3950 -0.8500 -0.3486
vn -0.3743 -0.8542 0.3608
vn -0.7120 -0.5974 -0.3690
vn -0.7097 -0.5977 0.3729
vn -0.8734 -0.3179 -0.3689
vn -0.0528 -0.3091 0.9496
vn -0.1590 -0.2703 0.9496
vn -0.1916 -0.3318 0.9237
vn -0.0641 -0.3778 0.9237
vn -0.2950 -0.2445 0.9237
vn 0.0528 -0.3091 0.9496
vn 0.1590 -0.2703 0.9496
vn 0.2397 -0.2022 0.9496
vn 0.2958 -0.1041 0.9496
vn 0.0641 -0.3778 0.9237
vn 0.1915 -0.3318 0.9237
vn 0.2952 -0.2443 0.9237
vn 0.3592 -0.1334 0.9237
vn 0.3136 -0.0000 0.9496
vn 0.2958 0.1041 0.9496
vn 0.3831 -0.0000 0.9237
vn 0.3592 0.1334 0.9237
vn 0.2397 0.2022 0.9496
vn 0.1590 0.2703 0.9496
vn 0.2951 0.2444 0.9237
vn 0.1915 0.3318 0.9237
vn 0.0528 0.3091 0.9496
vn 0.0641 0.3778 0.9237
vn -0.0528 0.3091 0.9496
vn -0.0640 0.3778 0.9237
vn -0.1590 0.2703 0.9496
vn -0.2396 0.2022 0.9496
vn -0.2952 0.2443 0.9237
vn -0.3831 -0.0000 0.9237
vn -0.3592 0.1334 0.9237
vn -0.2958 0.1041 0.9496
vn -0.3136 -0.0000 0.9495
vn -0.2958 -0.1041 0.9496
vn -0.2396 -0.2022 0.9496
vn -0.3592 -0.1334 0.9237
vn -0.1916 0.3318 0.9237
vn -0.3906 0.1409 0.9097
vn -0.4150 -0.0000 0.9098
vn -0.2044 0.3614 0.9097
vn -0.0696 0.4093 0.9097
vn 0.2076 0.3590 0.9099
vn 0.3173 0.2678 0.9097
vn 0.3893 0.1443 0.9097
vn 0.4152 0.0038 0.9097
vn 0.3893 -0.1443 0.9097
vn 0.1964 -0.3704 0.9079
vn 0.0453 -0.7156 0.6970
vn -0.0867 -0.7240 0.6844
vn -0.1710 -0.4042 0.8985
vn -0.3196 -0.2650 0.9097
vn -0.8715 -0.3181 0.3731
vn -0.7096 -0.5977 0.3731
vn -0.3743 -0.8542 0.3609
vn 0.0679 -0.9977 0.0066
vn 0.3950 -0.8499 0.3487
vn -0.7096 0.5977 0.3731
vn -0.8715 0.3181 0.3731
vn 0.8441 -0.3108 0.4370
vn 0.8995 0.0002 0.4368
vn 0.8995 0.0003 0.4369
vn 0.8441 0.3108 0.4370
vn 0.6896 -0.5775 0.4370
vn 0.4476 -0.7802 0.4370
vn 0.1578 -0.8855 0.4370
vn -0.1577 -0.8856 0.4368
vn -0.1579 -0.8855 0.4370
vn -0.4476 -0.7802 0.4370
vn -0.4478 -0.7801 0.4370
vn -0.6896 -0.5776 0.4368
vn -0.6896 -0.5776 0.4369
vn -0.8441 -0.3108 0.4370
vn -0.8994 0.0002 0.4371
vn -0.8995 -0.0000 0.4370
vn -0.8441 0.3108 0.4370
vn -0.6895 0.5776 0.4370
vn -0.4476 0.7802 0.4370
vn -0.1578 0.8855 0.4370
vn 0.1577 0.8856 0.4368
vn 0.1578 0.8855 0.4369
vn 0.4475 0.7802 0.4370
vn 0.4476 0.7802 0.4370
vn 0.6895 0.5776 0.4370
vn 0.6896 0.5775 0.4370
vn 0.4152 -0.0038 -0.9097
vn -0.1655 -0.0000 -0.9862
vn -0.1546 -0.0585 -0.9862
vn 0.3183 0.2666 -0.9097
vn -0.1287 -0.1037 -0.9862
vn 0.2098 0.3583 -0.9097
vn -0.0837 -0.1425 -0.9862
vn -0.0279 -0.1629 -0.9863
vn -0.0729 0.4087 -0.9098
vn 0.0316 -0.1622 -0.9863
vn -0.2065 0.3602 -0.9097
vn 0.0805 -0.1444 -0.9862
vn -0.3159 0.2694 -0.9098
vn 0.1263 -0.1066 -0.9862
vn 0.1559 -0.0550 -0.9862
vn 0.1652 -0.0038 -0.9863
vn -0.3909 -0.1400 -0.9097
vn 0.1559 0.0550 -0.9862
vn -0.3159 -0.2694 -0.9098
vn 0.1263 0.1065 -0.9863
vn -0.1973 -0.3744 -0.9061
vn 0.0805 0.1444 -0.9862
vn -0.0489 -0.7154 -0.6970
vn 0.0316 0.1622 -0.9862
vn 0.0902 -0.7236 -0.6843
vn -0.0279 0.1629 -0.9862
vn 0.1723 -0.4037 -0.8985
vn -0.0837 0.1425 -0.9862
vn 0.3183 -0.2666 -0.9097
vn -0.1287 0.1037 -0.9862
vn 0.3896 -0.1436 -0.9097
vn -0.1546 0.0585 -0.9862
vn -0.3711 -0.0000 -0.9286
vn -0.3492 -0.1253 -0.9286
vn -0.3492 0.1253 -0.9286
vn -0.2864 0.2359 -0.9286
vn -0.1834 0.3225 -0.9286
vn -0.0638 0.3653 -0.9287
vn 0.0636 0.3655 -0.9286
vn 0.1834 0.3226 -0.9286
vn 0.2864 0.2359 -0.9286
vn 0.3492 0.1253 -0.9286
vn 0.3711 -0.0000 -0.9286
vn 0.3492 -0.1254 -0.9286
vn 0.2863 -0.2360 -0.9286
vn 0.1834 -0.3226 -0.9286
vn 0.0636 -0.3655 -0.9286
vn -0.0636 -0.3655 -0.9286
vn -0.1834 -0.3225 -0.9286
vn -0.2864 -0.2359 -0.9286
vn -0.9391 -0.3405 -0.0458
vn -0.9990 -0.0000 -0.0457
vn -0.9990 -0.0000 -0.0456
vn -0.9391 0.3405 -0.0458
vn -0.9391 -0.3405 -0.0459
vn -0.7669 -0.6402 -0.0459
vn -0.7668 -0.6402 -0.0459
vn -0.5028 -0.8632 -0.0459
vn -0.4962 -0.8670 -0.0459
vn -0.1710 -0.9842 -0.0459
vn -0.1710 -0.9842 -0.0458
vn 0.1747 -0.9835 -0.0459
vn 0.1747 -0.9835 -0.0460
vn 0.4995 -0.8651 -0.0459
vn 0.4995 -0.8651 -0.0460
vn 0.7644 -0.6431 -0.0458
vn 0.9379 -0.3440 -0.0459
vn 0.9378 -0.3440 -0.0459
vn 0.9989 -0.0038 -0.0459
vn 0.9379 0.3440 -0.0459
vn 0.9378 0.3440 -0.0459
vn 0.7644 0.6431 -0.0459
vn 0.4995 0.8651 -0.0459
vn 0.1747 0.9836 -0.0458
vn -0.1710 0.9842 -0.0458
vn -0.1710 0.9842 -0.0459
vn -0.5027 0.8632 -0.0459
vn -0.4962 0.8670 -0.0459
vn -0.7668 0.6403 -0.0459
vn -0.7669 0.6402 -0.0459
vn -0.9391 0.3405 -0.0459
vn 0.7051 0.2548 -0.6617
vn 0.7497 0.0038 -0.6617
vn 0.7051 -0.2549 -0.6617
vn 0.7051 0.2550 -0.6617
vn 0.5739 0.4822 -0.6619
vn 0.5740 0.4822 -0.6619
vn 0.3727 0.6505 -0.6617
vn 0.1330 0.7378 -0.6618
vn 0.1330 0.7378 -0.6617
vn -0.1294 0.7385 -0.6617
vn -0.1294 0.7385 -0.6618
vn -0.3760 0.6487 -0.6617
vn -0.3757 0.6487 -0.6618
vn -0.5765 0.4794 -0.6617
vn -0.7038 0.2584 -0.6617
vn -0.7038 0.2583 -0.6618
vn -0.7498 -0.0000 -0.6617
vn -0.7496 -0.0000 -0.6618
vn -0.7038 -0.2584 -0.6617
vn -0.5764 -0.4794 -0.6618
vn -0.5765 -0.4794 -0.6617
vn -0.3758 -0.6487 -0.6618
vn -0.1294 -0.7385 -0.6617
vn -0.1293 -0.7385 -0.6617
vn 0.1331 -0.7378 -0.6617
vn 0.3727 -0.6505 -0.6618
vn 0.3727 -0.6505 -0.6617
vn 0.5739 -0.4822 -0.6620
vn 0.5740 -0.4822 -0.6619
vn 0.7051 -0.2548 -0.6617
vn -0.4153 -0.0000 -0.9097
vn -0.8734 0.3179 -0.3690
vn -0.9294 -0.0000 -0.3691
vn -0.8734 -0.3179 -0.3690
vn -0.1973 -0.3744 -0.9060
vn -0.0490 -0.7154 -0.6970
vn 0.0902 -0.7235 -0.6844
vn 0.1055 -0.9937 -0.0371
vn 0.1723 -0.4038 -0.8985
vn 0.3790 -0.8521 -0.3609
vn 0.3184 -0.2666 -0.9097
vn 0.4153 -0.0038 -0.9097
vn 0.3897 0.1436 -0.9097
vn 0.8730 0.3142 -0.3731
vn 0.3184 0.2666 -0.9097
vn 0.7126 0.5941 -0.3732
vn 0.2098 0.3584 -0.9097
vn 0.0692 0.4095 -0.9097
vn 0.1632 0.9133 -0.3732
vn -0.0729 0.4089 -0.9096
vn -0.1594 0.9140 -0.3731
vn -0.2065 0.3603 -0.9097
vn -0.3160 0.2695 -0.9097
vn 0.0038 0.5707 0.8212
vn -0.9822 -0.1877 -0.0022
vn -0.9886 -0.1505 -0.0019
vn -0.9886 -0.1505 -0.0021
vn -0.9908 -0.1355 -0.0022
vn -0.9908 -0.1355 -0.0021
vn -0.9886 -0.1504 -0.0022
vn -0.1803 0.9836 0.0022
vn 0.9982 0.0604 0.0022
vn 0.9944 -0.1055 0.0022
vn 0.9745 0.2246 0.0022
vn 0.9744 0.2246 0.0022
vn 0.9908 -0.1355 -0.0022
vn 0.3337 0.8586 -0.3892
vn 0.5437 0.7457 -0.3851
vn 0.2556 0.9650 -0.0590
vn 0.5091 0.8565 -0.0851
vn 0.8592 0.4941 -0.1329
vn 0.9744 0.2247 -0.0022
vn 0.6964 0.7177 -0.0022
vn 0.5091 0.8565 0.0851
vn 0.2556 0.9650 0.0589
vn 0.5437 0.7457 0.3851
vn 0.3288 0.8605 0.3891
vn 0.2612 0.9653 -0.0022
vn 0.8592 0.4941 0.1329
vn -0.9059 0.2824 -0.3157
vn -0.9105 0.0151 -0.4133
vn -0.5664 0.2836 -0.7738
vn -0.1519 0.3606 -0.9203
vn 0.0562 0.3376 -0.9396
vn 0.0838 -0.0628 -0.9945
vn 0.3030 0.4445 -0.8430
vn 0.7172 0.2085 -0.6650
vn 0.6219 0.5673 -0.5398
vn 0.7185 0.6412 -0.2697
vn 0.8398 0.5429 -0.0022
vn 0.7154 0.6445 0.2697
vn 0.6188 0.5707 0.5398
vn 0.3010 0.4459 0.8430
vn 0.4852 0.1632 0.8590
vn 0.0582 0.3375 0.9395
vn -0.1562 0.3587 0.9203
vn 0.2073 0.8504 -0.4835
vn 0.0284 0.8619 0.5063
vn 0.2021 0.8517 0.4835
vn 0.2864 0.9253 0.2486
vn 0.3966 0.9180 -0.0022
vn 0.2864 0.9253 -0.2486
vn 0.0339 0.8617 -0.5063
vn -0.0829 0.8606 -0.5025
vn -0.3324 0.7064 -0.6250
vn -0.5474 0.7848 -0.2907
vn -0.9653 0.2612 -0.0020
vn -0.9058 0.2828 0.3157
vn -0.9105 0.0151 0.4133
vn -0.5661 0.2841 0.7738
vn -0.3312 0.7069 0.6250
vn -0.0811 0.8608 0.5025
vn 0.0227 0.9856 0.1675
vn 0.0302 0.9995 -0.0022
vn 0.0208 0.9857 -0.1674
vn -0.1746 0.9610 -0.2146
vn -0.7017 0.7124 -0.0022
vn -0.5526 0.7811 0.2907
vn -0.1746 0.9610 0.2146
vn -0.2466 0.9691 -0.0022
vn 0.6184 0.6917 -0.3731
vn 0.2608 0.9245 -0.2781
vn 0.5716 0.8042 -0.1631
vn 0.3206 0.9454 -0.0590
vn 0.1017 0.9915 -0.0807
vn 0.0980 0.9952 -0.0022
vn 0.3262 0.9453 -0.0022
vn 0.6905 0.7226 -0.0328
vn 0.8951 0.4166 -0.1588
vn 0.8980 0.2787 -0.3404
vn 0.9776 0.1430 -0.1545
vn 0.9952 0.0980 -0.0065
vn 0.9452 0.3262 -0.0109
vn 0.9501 0.3119 0.0022
vn 0.7017 0.7124 -0.0022
vn 0.9452 0.3262 0.0109
vn 0.9952 0.0980 0.0065
vn 0.9959 0.0905 -0.0022
vn 0.6905 0.7226 0.0328
vn 0.3207 0.9454 0.0590
vn 0.5716 0.8041 0.1631
vn 0.8951 0.4166 0.1588
vn 0.9776 0.1430 0.1546
vn 0.8968 0.2826 0.3404
vn 0.6205 0.6898 0.3730
vn 0.2628 0.9239 0.2781
vn 0.1037 0.9913 0.0807
vn 0.1968 0.8460 0.4955
vn 0.1446 0.9197 0.3649
vn 0.1761 0.7956 0.5796
vn 0.1521 0.8846 0.4409
vn 0.1794 0.7280 0.6617
vn 0.0886 0.9928 0.0807
vn 0.0867 0.9930 -0.0807
vn 0.1447 0.9197 -0.3650
vn 0.1945 0.8469 -0.4950
vn 0.1521 0.8846 -0.4409
vn 0.1739 0.7961 -0.5797
vn 0.1846 0.7266 -0.6617
vn 0.2252 -0.0038 -0.9743
vn 0.2252 -0.0037 -0.9743
vn 0.2167 -0.0000 -0.9762
vn 0.2125 -0.0001 -0.9772
vn 0.0980 -0.9952 -0.0022
vn 0.1055 -0.9944 -0.0022
vn 0.1431 -0.9894 -0.0240
vn 0.1506 -0.9883 -0.0240
vn 0.1261 -0.9831 -0.1329
vn 0.1168 -0.9859 -0.1199
vn -0.0302 -0.9990 -0.0328
vn -0.0453 -0.9989 -0.0109
vn 0.0905 -0.9959 -0.0022
vn 0.0905 -0.9959 0.0022
vn 0.1055 -0.9944 0.0022
vn 0.0980 -0.9952 0.0022
vn 0.1431 -0.9894 0.0240
vn 0.1504 -0.9883 0.0240
vn 0.1261 -0.9831 0.1329
vn 0.1168 -0.9859 0.1199
vn -0.0302 -0.9990 0.0328
vn -0.0453 -0.9989 0.0109
vn -0.9895 0.1355 -0.0502
vn -0.9965 0.0830 -0.0022
vn -0.9977 0.0679 0.0022
vn -0.9965 0.0830 0.0022
vn -0.9895 0.1355 0.0502
vn -0.9880 0.1429 0.0590
vn -0.9776 0.0830 0.1932
vn -0.9767 -0.0000 0.2146
vn -0.9880 0.1429 -0.0590
vn -0.9776 0.0829 -0.1932
vn -0.9777 0.0829 -0.1931
vn -0.9767 -0.0000 -0.2146
vn 0.8593 0.4939 -0.1329
vn 0.9488 0.2757 -0.1545
vn 0.9745 0.2246 -0.0020
vn 0.8593 0.4939 0.1329
vn 0.9487 0.2757 0.1545
vn -0.5056 0.4910 -0.7094
vn -0.5057 0.5084 -0.6970
vn -0.5687 0.2631 -0.7793
vn -0.5779 0.2424 -0.7793
vn -0.5687 -0.2631 -0.7793
vn -0.5778 -0.2424 -0.7793
vn -0.5092 -0.5092 -0.6938
vn -0.5004 -0.4964 -0.7094
vn 0.5052 -0.4545 -0.7336
vn 0.5346 -0.2097 -0.8187
vn 0.5291 -0.6264 -0.5725
vn 0.6282 -0.3264 -0.7063
vn 0.6282 0.3264 -0.7063
vn 0.8147 0.3314 -0.4758
vn 0.8147 -0.3314 -0.4758
vn 0.9096 0.3329 -0.2486
vn 0.6586 -0.6440 -0.3892
vn 0.7351 -0.6459 -0.2061
vn 0.5346 0.2099 -0.8187
vn 0.5291 0.6264 -0.5725
vn 0.5066 0.4481 -0.7366
vn 0.6586 0.6440 -0.3892
vn 0.7364 0.6431 -0.2103
vn 0.7443 0.6656 -0.0546
vn 0.9325 0.3547 -0.0677
vn 0.7177 0.6963 -0.0022
vn 0.9893 -0.0000 -0.1458
vn 0.9893 0.0002 -0.1460
vn 0.9893 -0.0000 -0.1459
vn 0.9893 -0.0005 -0.1456
vn 0.9095 -0.3364 -0.2444
vn 0.9893 -0.0001 -0.1459
vn 0.9893 -0.0000 -0.1460
vn 0.9326 -0.3546 -0.0677
vn 0.9893 0.0002 -0.1459
vn 0.7391 -0.6710 -0.0590
vn 0.9267 0.3757 -0.0022
vn 0.9268 -0.3757 -0.0022
vn 0.9326 -0.3546 0.0677
vn 0.9326 0.3546 0.0677
vn 0.7443 0.6656 0.0546
vn 0.9096 0.3329 0.2486
vn 0.7383 0.6409 0.2103
vn 0.8147 0.3314 0.4758
vn 0.6606 0.6419 0.3892
vn 0.6296 0.3237 0.7062
vn 0.5311 0.6246 0.5726
vn 0.5343 0.2106 0.8187
vn 0.5055 0.4495 0.7365
vn 0.5343 -0.2106 0.8187
vn 0.6296 -0.3236 0.7063
vn 0.8147 -0.3314 0.4758
vn 0.9096 -0.3329 0.2486
vn 0.9893 -0.0037 0.1459
vn 0.9893 -0.0038 0.1459
vn 0.9893 -0.0038 0.1458
vn 0.9893 0.0038 0.1459
vn 0.9267 -0.3757 -0.0022
vn 0.7177 -0.6963 -0.0022
vn 0.7391 -0.6710 0.0590
vn 0.7370 -0.6437 0.2061
vn 0.6553 -0.6475 0.3891
vn 0.5311 -0.6246 0.5725
vn 0.5071 -0.4523 0.7337
vn -0.1782 -0.0000 -0.9840
vn -0.1825 -0.0000 -0.9832
vn -0.1820 -0.0000 -0.9833
vn -0.0753 -0.7069 -0.7033
vn -0.0754 -0.7070 -0.7032
vn -0.0301 -0.9222 -0.3857
vn -0.0264 -0.9241 -0.3812
vn 0.0151 -0.9999 -0.0022
vn 0.1905 -0.7039 0.6843
vn 0.1905 -0.7038 0.6844
vn 0.2104 -0.3897 0.8966
vn 0.2094 -0.3677 0.9060
vn 0.2124 0.3931 0.8947
vn 0.2131 0.3752 0.9021
vn 0.1922 0.7064 0.6812
vn 0.1921 0.7065 0.6812
vn 0.0151 0.9999 -0.0022
vn -0.0829 0.7061 -0.7032
vn -0.0828 0.7061 -0.7032
vn -0.7942 -0.0000 0.6077
vn 0.0776 0.0291 -0.9966
vn 0.0816 0.0148 -0.9966
vn 0.0869 0.0075 -0.9962
vn 0.1188 0.0643 -0.9908
vn 0.1057 0.0770 -0.9914
vn 0.0823 0.0291 -0.9962
vn 0.0845 0.0220 -0.9962
vn 0.0767 0.0182 -0.9969
vn -0.2612 -0.9653 -0.0065
vn -0.2540 -0.9672 0.0022
vn -0.2540 -0.9672 -0.0066
vn -0.2539 -0.9672 0.0022
vn -0.2540 -0.9672 0.0066
vn -0.2613 -0.9652 0.0066
vn -0.1355 0.9906 0.0197
vn -0.1282 0.9916 0.0156
vn -0.0378 0.9993 -0.0022
vn -0.1282 0.9916 -0.0156
vn -0.1355 0.9906 -0.0197
vn -0.3785 0.0224 -0.9253
vn -0.3053 -0.0000 -0.9523
vn -0.1814 -0.0444 -0.9824
vn -0.1592 -0.0443 -0.9863
vn -0.9927 0.1206 -0.0066
vn -0.9927 0.1205 -0.0066
vn -0.9927 0.1205 -0.0021
vn -0.9927 0.1205 -0.0022
vn -0.9927 0.1206 0.0065
vn -0.9927 0.1205 0.0066
vn 0.9569 0.2903 0.0020
vn 0.9475 0.3083 -0.0851
vn 0.2252 -0.0038 0.9743
vn 0.2168 -0.0000 0.9762
vn 0.2252 -0.0037 0.9743
vn 0.2167 -0.0000 0.9762
vn 0.2123 0.0001 0.9772
vn 0.2125 -0.0001 0.9772
vn -0.4997 -0.4970 0.7094
vn -0.5085 -0.5099 0.6939
vn -0.5685 -0.2637 0.7793
vn -0.5777 -0.2429 0.7793
vn -0.5777 0.2429 0.7793
vn -0.5685 0.2636 0.7793
vn -0.5097 0.5044 0.6970
vn -0.5050 0.4916 0.7094
vn -0.1823 -0.0000 0.9832
vn -0.1825 -0.0000 0.9832
vn -0.1782 -0.0000 0.9840
vn -0.0737 -0.7070 0.7033
vn -0.0301 -0.9222 0.3857
vn -0.0738 -0.7071 0.7032
vn -0.0321 -0.9239 0.3812
vn 0.0151 -0.9999 0.0022
vn 0.1863 -0.7049 -0.6843
vn 0.2061 -0.3920 -0.8966
vn 0.1935 -0.7030 -0.6844
vn 0.2138 -0.3652 -0.9060
vn 0.2145 0.3918 -0.8947
vn 0.2155 0.3733 -0.9023
vn 0.1901 0.7070 -0.6812
vn 0.1974 0.7050 -0.6812
vn 0.0151 0.9999 0.0022
vn 0.0150 0.9999 0.0022
vn -0.0812 0.7062 0.7033
vn -0.0811 0.7063 0.7032
vn -0.0812 0.7063 0.7033
vn -0.7942 -0.0000 -0.6077
vn 0.0869 0.0076 0.9962
vn 0.0763 0.0187 0.9969
vn 0.0761 0.0330 0.9966
vn 0.0820 0.0299 0.9962
vn 0.0843 0.0226 0.9962
vn 0.1182 0.0655 0.9908
vn 0.1051 0.0780 0.9914
vn 0.0821 0.0113 0.9966
vn -0.1591 -0.0449 0.9862
vn -0.3053 -0.0000 0.9523
vn -0.1813 -0.0450 0.9824
vn -0.3785 0.0224 0.9253
vn 0.0586 0.0294 0.9978
vn 0.0158 0.0076 0.9998
vn 0.8118 0.3490 0.4681
vn 0.7983 0.3485 0.4911
vn 0.8105 0.3521 -0.4682
vn 0.7983 0.3485 -0.4911
vn 0.0590 0.0285 -0.9979
vn 0.0161 0.0067 -0.9998
vn -0.7838 -0.3375 -0.5213
vn -0.7904 -0.3447 -0.5063
vn -0.7836 -0.3379 0.5213
vn -0.7902 -0.3452 0.5063
vn 0.6691 -0.6957 -0.2613
vn 0.6234 -0.7739 -0.1112
vn 0.6691 -0.6958 -0.2613
vn 0.6234 -0.7740 -0.1112
vn 0.4647 -0.8855 0.0022
vn 0.6234 -0.7740 0.1112
vn 0.4647 -0.8855 -0.0022
vn 0.2975 -0.9547 -0.0022
vn 0.6711 -0.6938 0.2613
vn 0.7286 0.5107 0.4565
vn 0.7950 0.5533 0.2486
vn 0.7286 0.5106 0.4565
vn 0.7988 0.5636 0.2102
vn 0.8014 0.5599 -0.2103
vn 0.7950 0.5533 -0.2486
vn 0.7268 0.5131 -0.4565
vn -0.0445 -0.0278 -0.9986
vn -0.2183 -0.1548 -0.9635
vn -0.0444 -0.0278 -0.9986
vn -0.2543 -0.1764 -0.9509
vn -0.5499 -0.3828 -0.7424
vn -0.5704 -0.4032 -0.7155
vn -0.6874 -0.4818 -0.5435
vn -0.6874 -0.4817 -0.5435
vn -0.6871 -0.4823 0.5434
vn -0.5743 -0.3977 0.7156
vn -0.6870 -0.4823 0.5435
vn -0.5494 -0.3832 0.7425
vn -0.2534 -0.1776 0.9509
vn -0.2174 -0.1561 0.9635
vn -0.0437 -0.0289 0.9986
vn -0.0438 -0.0289 0.9986
vn -0.6480 0.7400 -0.1803
vn -0.6072 0.7909 -0.0764
vn -0.6480 0.7400 -0.1804
vn -0.6072 0.7908 -0.0764
vn -0.6072 0.7909 0.0764
vn -0.4978 0.8673 0.0022
vn -0.6072 0.7908 0.0764
vn -0.6472 0.7407 0.1804
vn -0.6472 0.7407 0.1803
vn -0.4978 0.8673 -0.0022
vn -0.3897 0.9209 -0.0022
vn 0.8187 0.5743 -0.0022
vn 0.7380 0.5175 0.4331
vn 0.2025 -0.9793 -0.0022
vn 0.2318 -0.9575 -0.1717
vn 0.5121 0.3552 0.7820
vn 0.3272 -0.8922 -0.3113
vn 0.1823 0.1249 0.9753
vn -0.8519 0.5238 -0.0022
vn -0.8186 0.5481 -0.1717
vn 0.7380 0.5175 0.4330
vn -0.7275 0.6113 -0.3114
vn 0.5121 0.3553 0.7820
vn -0.5971 0.7036 -0.3852
vn 0.4552 -0.8029 -0.3850
vn 0.5970 -0.7037 -0.3852
vn -0.4549 0.8029 -0.3852
vn -0.1801 -0.1280 0.9753
vn -0.3236 0.8934 -0.3115
vn -0.5121 -0.3552 0.7820
vn -0.1801 -0.1282 0.9753
vn -0.5120 -0.3554 0.7820
vn 0.7298 -0.6086 -0.3115
vn -0.7380 -0.5175 0.4330
vn 0.8186 -0.5481 -0.1717
vn -0.8186 -0.5743 0.0022
vn -0.2318 0.9575 -0.1717
vn 0.8519 -0.5238 -0.0022
vn -0.2025 0.9793 -0.0022
vn -0.7380 -0.5175 0.4331
vn -0.8187 -0.5742 0.0022
vn -0.7384 -0.5169 -0.4331
vn 0.8186 -0.5481 0.1717
vn -0.5086 -0.3602 -0.7820
vn -0.2318 0.9575 0.1717
vn -0.3236 0.8934 0.3115
vn 0.7298 -0.6085 0.3115
vn -0.1810 -0.1269 -0.9753
vn 0.5970 -0.7037 0.3852
vn 0.1831 0.1237 -0.9753
vn -0.4549 0.8029 0.3852
vn -0.5970 0.7037 0.3852
vn 0.1830 0.1238 -0.9753
vn 0.4550 -0.8030 0.3849
vn 0.5086 0.3602 -0.7820
vn 0.3272 -0.8922 0.3114
vn 0.7363 0.5200 -0.4331
vn -0.7274 0.6114 0.3115
vn -0.8186 0.5481 0.1717
vn -0.8518 0.5238 -0.0021
vn 0.8187 0.5743 -0.0021
vn 0.2025 -0.9793 -0.0021
vn 0.2318 -0.9575 0.1717
vn 0.8734 0.3179 -0.3689
vn 0.7120 0.5974 -0.3690
vn 0.8734 -0.3179 -0.3689
vn 0.7097 -0.5977 0.3730
vn 0.7120 -0.5974 -0.3690
vn 0.3950 -0.8500 -0.3486
vn 0.4661 0.8023 -0.3730
vn -0.7102 0.5970 -0.3730
vn -0.8716 -0.3181 0.3730
vn -0.1054 -0.9937 -0.0371
vn -0.0679 -0.9977 0.0065
vn 0.3863 0.1407 0.9116
vn 0.4113 -0.0000 0.9115
vn 0.3149 0.2643 0.9116
vn 0.2057 0.3563 0.9115
vn 0.4617 0.8047 0.3731
vn 0.0714 0.4051 0.9115
vn -0.0714 0.4051 0.9115
vn -0.2057 0.3562 0.9115
vn -0.3149 0.2644 0.9115
vn 0.8715 0.3181 0.3732
vn -0.3865 0.1407 0.9115
vn -0.4114 0.0002 0.9114
vn -0.3864 -0.1406 0.9116
vn -0.8715 -0.3181 0.3732
vn -0.3150 -0.2644 0.9115
vn -0.1964 -0.3704 0.9079
vn -0.0415 -0.7128 0.7001
vn 0.0904 -0.7205 0.6876
vn 0.1055 -0.9937 0.0372
vn 0.1726 -0.3993 0.9004
vn 0.3153 -0.2645 0.9114
vn 0.3865 -0.1406 0.9115
vn 0.7097 -0.5976 0.3731
vn 0.1652 0.0036 -0.9862
vn -0.3909 0.1400 -0.9097
vn 0.1265 0.1066 -0.9862
vn -0.0902 -0.7236 -0.6843
vn 0.2006 -0.3726 -0.9061
vn -0.1653 -0.0000 -0.9862
vn 0.4152 0.0038 -0.9097
vn 0.3896 0.1436 -0.9097
vn 0.1266 -0.1066 -0.9862
vn 0.2864 -0.2359 -0.9286
vn 0.1834 -0.3225 -0.9286
vn -0.1834 -0.3226 -0.9286
vn -0.2864 -0.2360 -0.9286
vn -0.3492 -0.1254 -0.9286
vn -0.3710 -0.0000 -0.9286
vn -0.3492 0.1254 -0.9286
vn -0.1834 0.3226 -0.9286
vn -0.0636 0.3655 -0.9286
vn 0.2863 0.2359 -0.9286
vn 0.3492 0.1254 -0.9286
vn 0.3710 -0.0000 -0.9286
vn 0.3492 -0.1253 -0.9286
vn 0.9989 0.0038 -0.0459
vn 0.9989 -0.0037 -0.0458
vn 0.7644 0.6431 -0.0458
vn 0.4995 0.8651 -0.0458
vn 0.1747 0.9835 -0.0459
vn -0.7668 0.6402 -0.0459
vn -0.9989 -0.0000 -0.0459
vn -0.5027 -0.8632 -0.0459
vn 0.1747 -0.9836 -0.0458
vn -0.7497 -0.0000 -0.6617
vn -0.5764 0.4794 -0.6617
vn -0.7498 -0.0000 -0.6616
vn -0.7038 -0.2583 -0.6618
vn -0.5765 -0.4793 -0.6617
vn -0.3759 -0.6487 -0.6617
vn -0.3760 -0.6487 -0.6617
vn 0.3728 -0.6504 -0.6618
vn 0.5741 -0.4821 -0.6618
vn 0.5741 -0.4822 -0.6617
vn 0.7497 -0.0037 -0.6617
vn 0.7497 -0.0038 -0.6617
vn 0.7049 0.2551 -0.6618
vn 0.7051 0.2549 -0.6617
vn 0.5741 0.4822 -0.6618
vn 0.5741 0.4822 -0.6617
vn 0.3727 0.6506 -0.6617
vn 0.1331 0.7378 -0.6617
vn -0.3758 0.6487 -0.6618
vn 0.8734 0.3179 -0.3690
vn 0.3897 -0.1436 -0.9097
vn -0.0729 0.4089 -0.9097
vn -0.3910 -0.1400 -0.9097
vn -0.3160 -0.2695 -0.9097
vn -0.3755 -0.8537 -0.3609
vn -0.0902 -0.7235 -0.6844
vn 0.2006 -0.3727 -0.9060
vn 0.8733 -0.3179 -0.3691
vn -0.3756 -0.8537 -0.3607
vn -0.4628 0.8042 -0.3730
vn 0.7126 0.5942 -0.3730
vn 0.9278 0.0038 -0.3730
vn -0.3860 0.1406 -0.9117
vn -0.4115 0.0001 -0.9114
vn -0.3154 0.2640 -0.9115
vn -0.2065 0.3557 -0.9115
vn -0.0731 0.4047 -0.9115
vn 0.0696 0.4054 -0.9115
vn 0.2036 0.3574 -0.9115
vn 0.3131 0.2666 -0.9115
vn 0.3853 0.1438 -0.9115
vn 0.4112 0.0037 -0.9115
vn 0.9278 0.0038 -0.3731
vn 0.3853 -0.1438 -0.9115
vn 0.3131 -0.2666 -0.9115
vn 0.7126 -0.5941 -0.3732
vn 0.0471 -0.7125 -0.7001
vn -0.0922 -0.7203 -0.6875
vn -0.1738 -0.3988 -0.9004
vn -0.3155 -0.2642 -0.9114
vn -0.3860 -0.1407 -0.9117
vn -0.1653 -0.0000 0.9862
vn -0.1277 0.1050 0.9862
vn -0.0816 0.1438 0.9862
vn 0.0869 -0.7240 0.6843
vn 0.0283 0.1628 0.9862
vn 0.0848 0.1419 0.9862
vn -0.1961 -0.3750 0.9061
vn 0.1253 0.1078 0.9862
vn -0.3197 -0.2649 0.9097
vn 0.1652 0.0038 0.9863
vn 0.1253 -0.1078 0.9862
vn 0.0848 -0.1418 0.9863
vn 0.0283 -0.1630 0.9862
vn -0.0815 -0.1438 0.9862
vn 0.0678 -0.3648 0.9286
vn 0.3489 -0.1261 0.9286
vn 0.3488 0.1261 0.9287
vn -0.3489 0.1261 0.9286
vn -0.3490 -0.1261 0.9286
vn -0.9989 -0.0000 0.0460
vn -0.9391 -0.3405 0.0457
vn -0.7668 0.6402 0.0459
vn 0.4995 0.8651 0.0458
vn 0.7645 0.6430 0.0457
vn 0.9378 0.3440 0.0459
vn 0.9989 -0.0037 0.0458
vn 0.9379 -0.3440 0.0459
vn 0.9378 -0.3440 0.0458
vn 0.1747 -0.9836 0.0458
vn -0.1710 -0.9842 0.0459
vn -0.4962 -0.8670 0.0458
vn 0.7497 -0.0000 0.6617
vn 0.7037 0.2586 0.6618
vn 0.5759 0.4800 0.6618
vn 0.7037 -0.2587 0.6617
vn 0.5760 -0.4800 0.6617
vn 0.5759 -0.4800 0.6617
vn 0.3749 -0.6493 0.6618
vn -0.5759 -0.4801 0.6617
vn -0.5759 -0.4800 0.6617
vn -0.7495 -0.0000 0.6620
vn -0.7497 -0.0000 0.6618
vn -0.5760 0.4800 0.6617
vn -0.3749 0.6493 0.6617
vn -0.1278 0.7388 0.6617
vn 0.3748 0.6492 0.6618
vn 0.5760 0.4800 0.6617
vn -0.8732 0.3183 0.3691
vn -0.7114 0.5980 0.3690
vn -0.3198 0.2650 0.9097
vn -0.0696 0.4094 0.9097
vn 0.0734 0.4088 0.9097
vn 0.4616 0.8048 0.3731
vn 0.3894 -0.1444 0.9097
vn 0.0867 -0.7239 0.6844
vn -0.3949 -0.8500 0.3487
vn -0.1962 -0.3750 0.9060
vn 0.8745 0.3147 0.3690
vn 0.7139 0.5952 0.3690
vn -0.7097 0.5977 0.3730
vn -0.8717 -0.3177 -0.3730
vn -0.7097 -0.5977 0.3731
vn -0.1054 -0.9937 0.0371
vn -0.0679 -0.9977 -0.0065
vn 0.3790 -0.8522 -0.3606
vn 0.7139 -0.5952 0.3688
vn 0.7127 -0.5942 -0.3729
vn 0.8745 -0.3147 0.3690
vn 0.4112 -0.0038 -0.9115
vn 0.1707 -0.3998 -0.9006
vn 0.1055 -0.9937 -0.0372
vn 0.0884 -0.7208 -0.6875
vn -0.0433 -0.7127 -0.7001
vn -0.3950 -0.8499 -0.3487
vn -0.1986 -0.3692 -0.9079
vn -0.3156 -0.2637 -0.9115
vn -0.3867 -0.1403 -0.9115
vn -0.4114 0.0002 -0.9114
vn -0.3866 0.1403 -0.9115
vn -0.3156 0.2636 -0.9115
vn -0.2067 0.3556 -0.9115
vn 0.0693 0.4054 -0.9115
vn 0.2034 0.3574 -0.9115
vn 0.3133 0.2664 -0.9115
vn 0.1556 -0.0558 0.9862
vn -0.2043 0.3614 0.9098
vn 0.0283 -0.1631 0.9862
vn -0.0815 -0.1437 0.9863
vn 0.1961 -0.3749 0.9061
vn -0.0815 0.1438 0.9862
vn 0.0453 -0.7157 0.6969
vn -0.0320 0.1622 0.9862
vn -0.0866 -0.7241 0.6843
vn 0.0283 0.1629 0.9862
vn 0.1252 0.1078 0.9863
vn 0.1557 0.0558 0.9862
vn 0.3489 0.1261 0.9286
vn -0.3488 0.1263 0.9286
vn -0.3487 -0.1266 0.9287
vn 0.2851 -0.2372 0.9287
vn 0.9989 0.0038 0.0459
vn 0.9379 0.3440 0.0458
vn 0.1747 -0.9836 0.0459
vn -0.5027 -0.8632 0.0459
vn -0.7668 -0.6402 0.0458
vn -0.5027 0.8632 0.0459
vn 0.1747 0.9835 0.0459
vn 0.7644 0.6431 0.0458
vn -0.7498 -0.0000 0.6617
vn -0.5759 0.4801 0.6617
vn -0.3748 0.6492 0.6618
vn 0.3749 0.6492 0.6618
vn 0.3749 0.6493 0.6618
vn 0.7499 -0.0000 0.6616
vn 0.7497 -0.0000 0.6618
vn 0.3749 -0.6492 0.6619
vn 0.3748 -0.6492 0.6619
vn -0.3748 -0.6493 0.6618
vn 0.8745 0.3147 0.3691
vn 0.7138 0.5952 0.3690
vn 0.7139 -0.5951 0.3691
vn 0.1962 -0.3750 0.9060
vn 0.0453 -0.7156 0.6971
vn -0.0867 -0.7238 0.6845
vn -0.1710 -0.4043 0.8985
vn -0.8715 0.3181 0.3732
vn -0.2044 0.3615 0.9097
vn 0.0733 0.4088 0.9097
vn 0.3173 0.2680 0.9097
vn -0.7120 0.5974 -0.3689
vn 0.7127 0.5941 -0.3729
vn 0.7097 0.5977 0.3729
vn -0.4116 0.0001 0.9114
vn -0.3861 0.1406 0.9117
vn -0.3863 -0.1407 0.9116
vn -0.3154 -0.2646 0.9113
vn -0.1724 -0.3993 0.9005
vn -0.0905 -0.7204 0.6876
vn 0.0415 -0.7128 0.7001
vn 0.3150 -0.2643 0.9116
vn 0.3863 -0.1404 0.9116
vn 0.4113 -0.0001 0.9115
vn 0.3152 0.2644 0.9114
vn 0.2056 0.3562 0.9115
vn -0.0715 0.4051 0.9115
vn -0.2055 0.3562 0.9115
vn -0.3151 0.2644 0.9115
vn -0.7097 0.5976 0.3731
vn -0.1287 -0.1038 -0.9862
vn -0.0837 -0.1427 -0.9862
vn -0.0279 -0.1629 -0.9862
vn 0.0315 -0.1623 -0.9862
vn 0.1262 -0.1066 -0.9863
vn 0.1653 -0.0037 -0.9862
vn 0.1264 0.1066 -0.9862
vn 0.0315 0.1623 -0.9862
vn 0.0901 -0.7236 -0.6843
vn -0.0279 0.1631 -0.9862
vn -0.2864 0.2360 -0.9286
vn 0.1834 0.3225 -0.9286
vn 0.3708 -0.0000 -0.9287
vn 0.3491 -0.1253 -0.9287
vn -0.1833 -0.3226 -0.9286
vn -0.9989 -0.0000 -0.0460
vn -0.9990 -0.0000 -0.0458
vn -0.4962 -0.8670 -0.0458
vn 0.9379 -0.3440 -0.0458
vn 0.4995 0.8651 -0.0460
vn 0.1747 0.9836 -0.0459
vn 0.7050 0.2549 -0.6618
vn 0.5741 0.4823 -0.6617
vn 0.3727 0.6505 -0.6618
vn -0.1293 0.7385 -0.6617
vn -0.5765 0.4793 -0.6617
vn -0.7038 0.2584 -0.6618
vn -0.7495 -0.0000 -0.6620
vn 0.5741 -0.4823 -0.6617
vn 0.7052 -0.2548 -0.6617
vn -0.8733 0.3179 -0.3692
vn -0.3910 -0.1401 -0.9097
vn 0.0902 -0.7234 -0.6845
vn 0.4661 0.8022 -0.3732
vn -0.7097 0.5977 0.3729
vn 0.3865 0.1407 0.9115
vn 0.4114 -0.0002 0.9114
vn 0.3151 0.2642 0.9115
vn 0.2057 0.3562 0.9115
vn 0.0715 0.4051 0.9115
vn -0.2056 0.3563 0.9115
vn -0.3150 0.2643 0.9115
vn -0.3863 0.1407 0.9116
vn -0.4113 -0.0001 0.9115
vn -0.3864 -0.1406 0.9115
vn -0.3151 -0.2644 0.9115
vn -0.1962 -0.3704 0.9079
vn -0.0416 -0.7128 0.7001
vn 0.3152 -0.2647 0.9114
vn 0.3864 -0.1407 0.9115
vn 0.8715 -0.3181 0.3733
vn 0.1652 0.0037 -0.9862
vn -0.0903 -0.7236 -0.6843
vn -0.0837 0.1426 -0.9862
vn 0.1266 -0.1067 -0.9862
vn -0.3491 0.1254 -0.9287
vn -0.2863 0.2359 -0.9286
vn -0.0636 0.3654 -0.9287
vn 0.3493 -0.1253 -0.9286
vn -0.5028 0.8632 -0.0459
vn 0.1747 -0.9836 -0.0459
vn 0.7644 -0.6431 -0.0459
vn -0.7497 -0.0000 -0.6618
vn -0.1294 -0.7385 -0.6618
vn 0.7051 -0.2549 -0.6618
vn 0.7050 0.2550 -0.6618
vn 0.5741 0.4823 -0.6616
vn 0.5741 0.4821 -0.6618
vn -0.1294 0.7384 -0.6618
vn -0.5764 0.4794 -0.6618
vn 0.4153 0.0038 -0.9097
vn -0.3159 0.2695 -0.9097
vn -0.0902 -0.7234 -0.6845
vn 0.2006 -0.3728 -0.9060
vn 0.7120 -0.5974 -0.3691
vn -0.4628 0.8042 -0.3729
vn 0.7127 -0.5941 -0.3730
vn -0.3862 0.1406 -0.9116
vn -0.4113 -0.0000 -0.9115
vn -0.3156 0.2637 -0.9115
vn -0.2067 0.3555 -0.9115
vn 0.0694 0.4054 -0.9115
vn 0.2035 0.3574 -0.9115
vn 0.3132 0.2665 -0.9115
vn 0.4112 0.0038 -0.9115
vn 0.3132 -0.2666 -0.9115
vn -0.0921 -0.7203 -0.6875
vn -0.3862 -0.1407 -0.9116
vn -0.0818 -0.1438 0.9862
vn -0.3488 -0.1261 0.9287
vn -0.9990 -0.0000 0.0456
vn -0.3748 -0.6492 0.6618
vn -0.3749 -0.6493 0.6617
vn -0.5759 0.4801 0.6618
vn -0.3749 0.6493 0.6616
vn 0.3748 0.6491 0.6620
vn 0.4153 0.0038 0.9097
vn 0.7139 0.5952 0.3688
vn 0.7139 -0.5952 0.3690
vn 0.8745 -0.3148 0.3690
vn 0.1704 -0.4003 -0.9004
vn -0.1987 -0.3691 -0.9079
vn -0.3863 -0.1404 -0.9116
vn -0.4113 -0.0001 -0.9115
vn -0.0730 0.4047 -0.9115
vn 0.1652 0.0038 0.9862
vn -0.0816 -0.1438 0.9862
vn -0.1277 -0.1049 0.9862
vn 0.0454 -0.7157 0.6969
vn -0.0867 -0.7240 0.6843
vn 0.0283 0.1631 0.9862
vn 0.3490 -0.1261 0.9286
vn 0.9378 -0.3441 0.0459
vn -0.9990 -0.0000 0.0458
vn -0.5028 0.8632 0.0459
vn -0.7497 -0.0000 0.6617
vn -0.7037 0.2587 0.6618
vn -0.5759 0.4800 0.6618
vn 0.1279 0.7388 0.6617
vn 0.3749 0.6491 0.6619
vn 0.5758 0.4801 0.6618
vn 0.7496 -0.0000 0.6618
vn 0.3747 -0.6489 0.6623
vn -0.7037 -0.2587 0.6617
vn 0.9294 0.0038 0.3691
vn 0.8745 -0.3147 0.3691
vn 0.1962 -0.3751 0.9060
vn 0.3950 -0.8500 0.3487
vn -0.0868 -0.7239 0.6844
vn -0.3742 -0.8542 0.3610
vn -0.7097 0.5976 0.3732
vn -0.2043 0.3615 0.9097
vn 0.2076 0.3597 0.9097
vn 0.4617 0.8047 0.3732
vn 0.7126 -0.5942 -0.3729
vn 0.3949 -0.8500 0.3486
vn -0.4113 -0.0000 0.9115
vn -0.3866 0.1407 0.9115
vn -0.3869 -0.1404 0.9114
vn -0.3152 -0.2647 0.9114
vn -0.1726 -0.3993 0.9004
vn -0.0904 -0.7205 0.6876
vn 0.1962 -0.3704 0.9079
vn 0.3151 -0.2645 0.9115
vn 0.8715 -0.3181 0.3732
vn 0.3865 -0.1407 0.9115
vn 0.4114 0.0002 0.9114
vn 0.3149 0.2644 0.9115
vn -0.3149 0.2643 0.9116
vn 0.1652 -0.0036 -0.9862
vn 0.0316 0.1622 -0.9863
vn 0.0636 0.3653 -0.9287
vn 0.2863 0.2360 -0.9286
vn 0.3493 0.1253 -0.9286
vn 0.5739 0.4821 -0.6620
vn -0.5763 -0.4794 -0.6618
vn 0.5740 -0.4821 -0.6619
vt 0.015016 0.100273
vt 0.015993 0.070301
vt 0.217067 0.108314
vt 0.220241 0.077611
vt 0.245025 0.078342
vt 0.241118 0.118183
vt 0.876692 0.078220
vt 0.876937 0.118914
vt 0.016848 0.024246
vt 0.220730 0.027048
vt 0.016359 0.054096
vt 0.221584 0.059701
vt 0.243071 0.021565
vt 0.246245 0.060553
vt 0.897691 0.018641
vt 0.897935 0.059579
vt 0.907458 0.018519
vt 0.907702 0.059579
vt 0.017092 0.007798
vt 0.219509 0.010356
vt 0.241362 0.003533
vt 0.876326 0.000122
vt 0.897447 0.000122
vt 0.907214 0.000000
vt 0.000488 0.023880
vt 0.000000 0.053731
vt 0.897813 0.078098
vt 0.907580 0.078098
vt 0.580270 0.847627
vt 0.582223 0.816924
vt 0.595653 0.851038
vt 0.596507 0.815218
vt 0.641190 0.815949
vt 0.641557 0.812050
vt 0.597728 0.811319
vt 0.643632 0.847505
vt 0.597118 0.854815
vt 0.644120 0.851404
vt 0.032963 0.906840
vt 0.032963 0.856156
vt 0.115248 0.906840
vt 0.115248 0.856156
vt 0.000000 0.870411
vt 0.018435 0.913176
vt 0.995725 0.774768
vt 0.949089 0.774768
vt 0.995725 0.692527
vt 0.949089 0.692527
vt 0.148089 0.870411
vt 0.129654 0.913176
vt 0.266634 0.452628
vt 0.367964 0.333592
vt 0.369185 0.451532
vt 0.257477 0.334811
vt 0.267488 0.320678
vt 0.367842 0.317997
vt 0.477474 0.407426
vt 0.471004 0.435205
vt 0.374801 0.406817
vt 0.374557 0.434596
vt 0.469539 0.502338
vt 0.373946 0.505871
vt 0.945426 0.590305
vt 0.936026 0.586528
vt 0.948723 0.587625
vt 0.940909 0.575806
vt 0.905504 0.575685
vt 0.908557 0.565328
vt 0.909045 0.489667
vt 0.950432 0.489667
vt 0.909045 0.482235
vt 0.950432 0.482235
vt 0.950188 0.582142
vt 0.189476 0.000000
vt 0.189476 0.007432
vt 0.093517 0.000000
vt 0.093517 0.007432
vt 0.000488 0.531457
vt 0.016604 0.531579
vt 0.000366 0.539011
vt 0.016115 0.622470
vt 0.026248 0.622470
vt 0.026859 0.531579
vt 0.036137 0.622470
vt 0.036748 0.531579
vt 0.139177 0.532919
vt 0.000000 0.622714
vt 0.016359 0.694842
vt 0.025882 0.694720
vt 0.035283 0.694720
vt 0.094250 0.682780
vt 0.135636 0.698375
vt 0.136003 0.685582
vt 0.001953 0.695208
vt 0.094860 0.651346
vt 0.137712 0.624663
vt 0.137101 0.651468
vt 0.390794 0.506602
vt 0.456964 0.506481
vt 0.395677 0.510258
vt 0.456232 0.510258
vt 0.396410 0.514766
vt 0.455621 0.514766
vt 0.506775 0.420463
vt 0.545598 0.461766
vt 0.528384 0.468589
vt 0.489073 0.380866
vt 0.515809 0.372946
vt 0.514344 0.364539
vt 0.493712 0.374652
vt 0.499694 0.288634
vt 0.489073 0.376114
vt 0.494933 0.288391
vt 0.500793 0.280715
vt 0.539005 0.284004
vt 0.539982 0.290705
vt 0.540348 0.364417
vt 0.541691 0.372946
vt 0.550481 0.409132
vt 0.563300 0.457867
vt 0.311195 0.924629
vt 0.407031 0.924629
vt 0.311195 0.932061
vt 0.406909 0.932061
vt 0.708703 0.282664
vt 0.706750 0.288756
vt 0.683798 0.276207
vt 0.683798 0.369900
vt 0.707605 0.369047
vt 0.692832 0.441419
vt 0.712488 0.435936
vt 0.577950 0.284126
vt 0.581247 0.375627
vt 0.621779 0.405355
vt 0.576607 0.397801
vt 0.627029 0.440566
vt 0.603466 0.477849
vt 0.591624 0.462984
vt 0.457941 0.531336
vt 0.456720 0.533650
vt 0.398485 0.530117
vt 0.389329 0.532188
vt 0.456720 0.538280
vt 0.390550 0.536818
vt 0.563422 0.796821
vt 0.571236 0.706660
vt 0.667195 0.813878
vt 0.667195 0.685339
vt 0.559271 0.775986
vt 0.567695 0.704467
vt 0.571358 0.703249
vt 0.664387 0.678028
vt 0.567939 0.456892
vt 0.555120 0.408279
vt 0.546086 0.372215
vt 0.544499 0.364296
vt 0.544499 0.289609
vt 0.541691 0.280471
vt 0.407276 0.936691
vt 0.311317 0.936812
vt 0.311317 0.919877
vt 0.407276 0.919877
vt 0.695762 0.272673
vt 0.685263 0.272673
vt 0.676473 0.269018
vt 0.710901 0.278643
vt 0.576974 0.279496
vt 0.717249 0.435327
vt 0.712366 0.369047
vt 0.711511 0.288878
vt 0.622878 0.438739
vt 0.618361 0.408523
vt 0.575142 0.402187
vt 0.554632 0.774768
vt 0.563789 0.701543
vt 0.501403 0.275719
vt 0.588572 0.459695
vt 0.924550 0.130367
vt 0.937979 0.131707
vt 0.926503 0.189580
vt 0.940054 0.188849
vt 0.925771 0.059213
vt 0.939078 0.057995
vt 0.941519 0.058239
vt 0.941519 0.000731
vt 0.944205 0.000975
vt 0.940421 0.131463
vt 0.942740 0.188727
vt 0.922230 0.130123
vt 0.923817 0.189580
vt 0.923451 0.059335
vt 0.927968 0.000000
vt 0.925282 0.000000
vt 0.953850 0.130123
vt 0.955803 0.187996
vt 0.955071 0.059944
vt 0.394457 0.828133
vt 0.408741 0.828011
vt 0.394457 0.890392
vt 0.419484 0.837880
vt 0.451104 0.890392
vt 0.453790 0.846774
vt 0.512757 0.890392
vt 0.512391 0.846409
vt 0.564155 0.890392
vt 0.540470 0.835443
vt 0.547307 0.828255
vt 0.564155 0.828133
vt 0.555487 0.815096
vt 0.564033 0.814974
vt 0.261384 0.796699
vt 0.265413 0.797064
vt 0.263337 0.838489
vt 0.268587 0.794384
vt 0.260529 0.793653
vt 0.249542 0.802181
vt 0.250885 0.804984
vt 0.214625 0.836783
vt 0.266267 0.841535
vt 0.273348 0.790241
vt 0.259309 0.789023
vt 0.247466 0.798039
vt 0.212184 0.806080
vt 0.212672 0.810588
vt 0.152606 0.806568
vt 0.151996 0.810954
vt 0.123306 0.797186
vt 0.120986 0.801207
vt 0.115614 0.790485
vt 0.114149 0.795237
vt 0.119521 0.803887
vt 0.151507 0.814000
vt 0.213038 0.813634
vt 0.153461 0.837514
vt 0.270174 0.851891
vt 0.214625 0.839829
vt 0.214503 0.849942
vt 0.153583 0.840560
vt 0.153949 0.850673
vt 0.107191 0.843363
vt 0.103528 0.853719
vt 0.103650 0.796333
vt 0.098889 0.792313
vt 0.097180 0.779398
vt 0.105604 0.778423
vt 0.113173 0.798404
vt 0.109999 0.840195
vt 0.106946 0.799014
vt 0.258576 0.788170
vt 0.247100 0.796942
vt 0.212062 0.804984
vt 0.152850 0.805349
vt 0.123794 0.796089
vt 0.116469 0.789754
vt 0.106458 0.777570
vt 0.259431 0.787926
vt 0.273470 0.789145
vt 0.274447 0.790363
vt 0.271395 0.851891
vt 0.270174 0.852988
vt 0.214503 0.851160
vt 0.153949 0.851891
vt 0.103650 0.854815
vt 0.097058 0.778179
vt 0.105481 0.777205
vt 0.102307 0.853719
vt 0.097668 0.792434
vt 0.096081 0.779519
vt 0.368330 0.548393
vt 0.373946 0.547174
vt 0.369429 0.550099
vt 0.374313 0.549855
vt 0.398485 0.548880
vt 0.398730 0.554728
vt 0.373702 0.555459
vt 0.373580 0.545956
vt 0.397753 0.542910
vt 0.397997 0.544860
vt 0.424612 0.542910
vt 0.424367 0.540717
vt 0.368086 0.554728
vt 0.367354 0.592011
vt 0.360029 0.591402
vt 0.339152 0.725180
vt 0.329874 0.724327
vt 0.376510 0.725545
vt 0.395067 0.592133
vt 0.425100 0.547174
vt 0.425588 0.553145
vt 0.427298 0.591402
vt 0.427298 0.725667
vt 0.366011 0.553754
vt 0.355756 0.590183
vt 0.318886 0.721281
vt 0.399828 0.518664
vt 0.451837 0.518664
vt 0.571846 0.689969
vt 0.658404 0.666332
vt 0.573677 0.698863
vt 0.660236 0.674861
vt 0.401904 0.526462
vt 0.454156 0.527437
vt 0.487119 0.385495
vt 0.503723 0.422047
vt 0.480282 0.390003
vt 0.496886 0.426555
vt 0.524233 0.467127
vt 0.517274 0.471635
vt 0.003174 0.203713
vt 0.003663 0.151688
vt 0.011476 0.206150
vt 0.011476 0.153881
vt 0.014650 0.150592
vt 0.014650 0.209805
vt 0.863385 0.225888
vt 0.860211 0.229177
vt 0.807348 0.226253
vt 0.810522 0.229421
vt 0.870344 0.449460
vt 0.873762 0.452506
vt 0.779513 0.448973
vt 0.776705 0.452384
vt 0.874617 0.453725
vt 0.776216 0.453725
vt 0.875472 0.459573
vt 0.777071 0.459573
vt 0.433890 0.261221
vt 0.430594 0.264267
vt 0.377731 0.261221
vt 0.381027 0.264267
vt 0.570137 0.930964
vt 0.567085 0.934376
vt 0.473079 0.931086
vt 0.476254 0.934254
vt 0.806982 0.224791
vt 0.864362 0.224791
vt 0.808447 0.219187
vt 0.865827 0.219187
vt 0.376754 0.260124
vt 0.434256 0.259759
vt 0.375289 0.254520
vt 0.432791 0.254154
vt 0.472591 0.929746
vt 0.570992 0.929746
vt 0.473446 0.924019
vt 0.571846 0.924019
vt 0.861920 0.215166
vt 0.812354 0.215166
vt 0.860211 0.208465
vt 0.810522 0.208465
vt 0.780489 0.463594
vt 0.871443 0.463350
vt 0.779391 0.470417
vt 0.870344 0.470173
vt 0.428763 0.250499
vt 0.379196 0.250743
vt 0.430594 0.243798
vt 0.380905 0.244042
vt 0.568184 0.941320
vt 0.477352 0.941199
vt 0.477230 0.920121
vt 0.568184 0.919877
vt 0.125503 0.794627
vt 0.129288 0.791338
vt 0.220974 0.797308
vt 0.217800 0.793409
vt 0.126114 0.785611
vt 0.221584 0.787561
vt 0.129654 0.789145
vt 0.218166 0.791216
vt 0.689048 0.204688
vt 0.692588 0.208221
vt 0.689048 0.259880
vt 0.692588 0.256469
vt 0.698204 0.204079
vt 0.698326 0.259271
vt 0.694786 0.207490
vt 0.694786 0.255860
vt 0.653521 0.936081
vt 0.657184 0.932792
vt 0.748869 0.936691
vt 0.745573 0.933035
vt 0.653277 0.927187
vt 0.748625 0.927187
vt 0.656817 0.930599
vt 0.745207 0.930842
vt 0.686728 0.259637
vt 0.683188 0.256104
vt 0.686728 0.204688
vt 0.683188 0.208099
vt 0.677572 0.259028
vt 0.677572 0.204079
vt 0.681112 0.255616
vt 0.681112 0.207490
vt 0.012331 0.302889
vt 0.022464 0.305692
vt 0.006104 0.314829
vt 0.020388 0.318485
vt 0.039067 0.308250
vt 0.024173 0.299478
vt 0.040776 0.301305
vt 0.058235 0.309590
vt 0.059211 0.300696
vt 0.111219 0.310687
vt 0.111342 0.301427
vt 0.142595 0.312027
vt 0.143450 0.302767
vt 0.160420 0.312271
vt 0.159809 0.303133
vt 0.187156 0.310200
vt 0.186180 0.301915
vt 0.229276 0.303986
vt 0.226590 0.296919
vt 0.245147 0.301062
vt 0.230741 0.317022
vt 0.250030 0.313367
vt 0.236234 0.350528
vt 0.255768 0.348335
vt 0.239775 0.382937
vt 0.256501 0.382084
vt 0.239042 0.395364
vt 0.255280 0.394390
vt 0.017336 0.298381
vt 0.194726 0.399141
vt 0.194237 0.386714
vt 0.190575 0.355523
vt 0.186912 0.323358
vt 0.160786 0.325429
vt 0.164937 0.401091
vt 0.165547 0.388663
vt 0.144427 0.402187
vt 0.145281 0.389882
vt 0.109510 0.402918
vt 0.163106 0.357351
vt 0.143694 0.358204
vt 0.142717 0.325551
vt 0.111097 0.324455
vt 0.110121 0.390734
vt 0.110365 0.358204
vt 0.055671 0.388054
vt 0.054938 0.355645
vt 0.056647 0.322871
vt 0.036992 0.321043
vt 0.015993 0.351990
vt 0.000000 0.350528
vt 0.056525 0.400238
vt 0.035038 0.398532
vt 0.033940 0.386348
vt 0.016970 0.397557
vt 0.015627 0.385252
vt 0.006104 0.397679
vt 0.002686 0.385374
vt 0.033818 0.353818
vt 0.699791 0.878208
vt 0.682577 0.847992
vt 0.691001 0.839829
vt 0.686606 0.814122
vt 0.669270 0.829960
vt 0.655719 0.817533
vt 0.654376 0.819239
vt 0.648149 0.816924
vt 0.651812 0.816193
vt 0.667072 0.830813
vt 0.680502 0.849211
vt 0.693199 0.878939
vt 0.689902 0.881498
vt 0.748137 0.885397
vt 0.744474 0.884909
vt 0.745817 0.883204
vt 0.711389 0.884909
vt 0.711389 0.882473
vt 0.694175 0.887346
vt 0.696007 0.883691
vt 0.744352 0.877112
vt 0.750701 0.876990
vt 0.752654 0.842875
vt 0.743742 0.838489
vt 0.742033 0.812538
vt 0.759857 0.822650
vt 0.769380 0.809614
vt 0.762177 0.823747
vt 0.773775 0.809979
vt 0.753387 0.878696
vt 0.755096 0.843484
vt 0.689170 0.803765
vt 0.696251 0.810710
vt 0.706018 0.810588
vt 0.680868 0.776230
vt 0.688926 0.794018
vt 0.692222 0.783175
vt 0.696007 0.786830
vt 0.706506 0.786830
vt 0.707238 0.785368
vt 0.743131 0.784028
vt 0.713343 0.793896
vt 0.713221 0.803643
vt 0.678915 0.772818
vt 0.680868 0.772453
vt 0.693565 0.780251
vt 0.709436 0.782444
vt 0.742765 0.781713
vt 0.746672 0.781469
vt 0.701134 0.798770
vt 0.674886 0.531823
vt 0.762543 0.539377
vt 0.673543 0.547662
vt 0.765717 0.557165
vt 0.670125 0.589940
vt 0.762665 0.596153
vt 0.761566 0.619912
vt 0.668782 0.616500
vt 0.761444 0.634167
vt 0.668537 0.634289
vt 0.761810 0.664261
vt 0.669026 0.665723
vt 0.670247 0.714945
vt 0.763031 0.714824
vt 0.671223 0.734074
vt 0.763764 0.731394
vt 0.672322 0.750644
vt 0.765107 0.753324
vt 0.760834 0.757832
vt 0.672810 0.761000
vt 0.749602 0.763193
vt 0.716639 0.766605
vt 0.684408 0.764533
vt 0.765839 0.746745
vt 0.751433 0.533772
vt 0.718592 0.528777
vt 0.686484 0.528290
vt 0.804174 0.892098
vt 0.817847 0.888443
vt 0.804662 0.893682
vt 0.821754 0.896240
vt 0.834695 0.884909
vt 0.841532 0.901601
vt 0.856182 0.882960
vt 0.871443 0.910861
vt 0.889145 0.883447
vt 0.898912 0.921339
vt 0.905749 0.900870
vt 0.966669 0.887224
vt 0.965692 0.904160
vt 0.803197 0.892220
vt 0.799290 0.874919
vt 0.799779 0.872969
vt 0.813697 0.869680
vt 0.831887 0.865903
vt 0.855205 0.863466
vt 0.859234 0.872116
vt 0.863385 0.867974
vt 0.867414 0.867974
vt 0.890244 0.863953
vt 0.871687 0.872238
vt 0.871687 0.876137
vt 0.867536 0.880280
vt 0.863629 0.880280
vt 0.859478 0.876015
vt 0.968256 0.871751
vt 0.443657 0.779641
vt 0.521913 0.773428
vt 0.512391 0.780007
vt 0.502380 0.825940
vt 0.506531 0.831544
vt 0.435966 0.831666
vt 0.444023 0.826062
vt 0.435477 0.772940
vt 0.436454 0.688263
vt 0.523378 0.689481
vt 0.432791 0.679856
vt 0.527285 0.681196
vt 0.787570 0.289243
vt 0.713465 0.289365
vt 0.787692 0.286685
vt 0.713465 0.286807
vt 0.511536 0.838002
vt 0.528262 0.774402
vt 0.529849 0.683146
vt 0.993894 0.000000
vt 0.993894 0.051416
vt 0.991330 0.000000
vt 0.991330 0.051416
vt 0.048712 0.525975
vt 0.111586 0.525853
vt 0.048712 0.528533
vt 0.111586 0.528411
vt 0.508972 0.839342
vt 0.432303 0.839342
vt 0.429495 0.837393
vt 0.429129 0.773671
vt 0.430228 0.681562
vt 0.994382 0.120010
vt 0.997068 0.069935
vt 0.996946 0.120010
vt 0.999632 0.069935
vt 0.716639 0.291315
vt 0.785495 0.291315
vt 0.996580 0.049954
vt 0.996580 0.002680
vt 0.109388 0.523903
vt 0.050909 0.524025
vt 0.994871 0.071763
vt 0.992429 0.117939
vt 0.716517 0.293630
vt 0.785373 0.293630
vt 0.998899 0.049954
vt 0.998899 0.002680
vt 0.109388 0.521589
vt 0.050909 0.521710
vt 0.992551 0.071763
vt 0.990109 0.117817
vt 0.139055 0.688994
vt 0.143572 0.684730
vt 0.138566 0.724571
vt 0.142839 0.729079
vt 0.289097 0.731394
vt 0.289586 0.687045
vt 0.293981 0.691431
vt 0.293492 0.727007
vt 0.290196 0.777083
vt 0.286045 0.781225
vt 0.291051 0.741628
vt 0.287022 0.737364
vt 0.144915 0.734927
vt 0.143816 0.778667
vt 0.139787 0.774402
vt 0.140764 0.738947
vt 0.135148 0.736389
vt 0.134538 0.776839
vt 0.296300 0.739191
vt 0.295812 0.779641
vt 0.288121 0.787073
vt 0.141741 0.784637
vt 0.714441 0.247331
vt 0.804906 0.247331
vt 0.714441 0.285345
vt 0.804906 0.285345
vt 0.804906 0.164725
vt 0.804906 0.202738
vt 0.714441 0.164725
vt 0.714441 0.202738
vt 0.804906 0.120132
vt 0.714441 0.120132
vt 0.849467 0.247331
vt 0.849467 0.285345
vt 0.669880 0.164725
vt 0.669880 0.202738
vt 0.985104 0.229421
vt 0.986081 0.205175
vt 0.992795 0.229908
vt 0.993772 0.205784
vt 0.987790 0.185437
vt 0.995481 0.185559
vt 0.985714 0.124762
vt 0.993284 0.124275
vt 0.987668 0.164116
vt 0.995359 0.163750
vt 0.971797 0.229177
vt 0.965692 0.229543
vt 0.971186 0.209805
vt 0.963373 0.205175
vt 0.963129 0.183001
vt 0.971552 0.184341
vt 0.965570 0.164238
vt 0.972529 0.159120
vt 0.965570 0.125371
vt 0.971919 0.125371
vt 0.979244 0.118548
vt 0.979366 0.125128
vt 0.971675 0.118792
vt 0.980220 0.159120
vt 0.979610 0.184463
vt 0.978878 0.209927
vt 0.979000 0.229177
vt 0.971797 0.235757
vt 0.979366 0.235635
vt 0.960687 0.112213
vt 0.958367 0.087602
vt 0.968256 0.111238
vt 0.965937 0.086992
vt 0.958001 0.065671
vt 0.965692 0.065671
vt 0.959588 0.006945
vt 0.967279 0.006945
vt 0.959710 0.045446
vt 0.967402 0.045933
vt 0.974360 0.110751
vt 0.973750 0.091622
vt 0.973994 0.066524
vt 0.974360 0.040694
vt 0.973506 0.006823
vt 0.980587 0.000000
vt 0.980953 0.006579
vt 0.973017 0.000365
vt 0.987179 0.006214
vt 0.982052 0.040694
vt 0.989621 0.045689
vt 0.990354 0.067742
vt 0.982052 0.066524
vt 0.988644 0.086627
vt 0.981441 0.091500
vt 0.987912 0.110751
vt 0.981685 0.110629
vt 0.974360 0.117330
vt 0.981930 0.117208
vt 0.899156 0.652808
vt 0.912097 0.650371
vt 0.901231 0.663408
vt 0.914050 0.660971
vt 0.947746 0.655488
vt 0.944450 0.637822
vt 0.949943 0.648787
vt 0.949089 0.643670
vt 0.963617 0.632217
vt 0.966059 0.639528
vt 0.967157 0.645985
vt 0.967890 0.654148
vt 0.913806 0.684851
vt 0.914050 0.674130
vt 0.947380 0.691796
vt 0.947746 0.674251
vt 0.952385 0.686070
vt 0.952507 0.680100
vt 0.935049 0.621739
vt 0.905504 0.638918
vt 0.257844 0.143891
vt 0.255768 0.154491
vt 0.244903 0.141454
vt 0.242827 0.151932
vt 0.209498 0.146571
vt 0.212916 0.128905
vt 0.207545 0.139870
vt 0.208399 0.134631
vt 0.193749 0.123422
vt 0.191429 0.130489
vt 0.190331 0.136946
vt 0.189598 0.144865
vt 0.243071 0.175934
vt 0.209986 0.182757
vt 0.242827 0.165091
vt 0.209498 0.165212
vt 0.205347 0.177152
vt 0.205103 0.171061
vt 0.222439 0.112822
vt 0.251495 0.130001
vt 0.881942 0.838489
vt 0.885971 0.796455
vt 0.897081 0.839829
vt 0.899644 0.796942
vt 0.886948 0.764168
vt 0.900987 0.764412
vt 0.886948 0.731637
vt 0.900987 0.731759
vt 0.900743 0.683146
vt 0.885849 0.683389
vt 0.876937 0.840439
vt 0.869978 0.800476
vt 0.868513 0.764168
vt 0.872297 0.727860
vt 0.879256 0.680831
vt 0.901598 0.842510
vt 0.915149 0.802912
vt 0.919422 0.765143
vt 0.915515 0.727738
vt 0.907214 0.680343
vt 0.862775 0.842266
vt 0.855938 0.801694
vt 0.854351 0.763802
vt 0.858013 0.726398
vt 0.865094 0.679125
vt 0.820655 0.770747
vt 0.824196 0.800476
vt 0.808203 0.772453
vt 0.811499 0.802060
vt 0.826149 0.826914
vt 0.813697 0.828255
vt 0.848735 0.766605
vt 0.848491 0.795846
vt 0.839701 0.824356
vt 0.780245 0.776595
vt 0.787326 0.802791
vt 0.799779 0.828620
vt 0.767670 0.778423
vt 0.775484 0.806933
vt 0.787937 0.833250
vt 0.829568 0.858227
vt 0.830300 0.864441
vt 0.817115 0.859567
vt 0.817725 0.865903
vt 0.835916 0.857374
vt 0.810766 0.860054
vt 0.798924 0.864319
vt 0.815406 0.741141
vt 0.802953 0.743212
vt 0.797581 0.717382
vt 0.810034 0.715189
vt 0.784152 0.720915
vt 0.779513 0.749304
vt 0.767182 0.748938
vt 0.771333 0.719819
vt 0.823708 0.713849
vt 0.840067 0.738704
vt 0.790867 0.680100
vt 0.803441 0.677907
vt 0.791965 0.686313
vt 0.804540 0.684120
vt 0.810889 0.683146
vt 0.785861 0.687654
vt 0.773164 0.686923
vt 0.868513 0.130245
vt 0.868513 0.207246
vt 0.858502 0.130245
vt 0.858502 0.207246
vt 0.868513 0.120132
vt 0.920155 0.120132
vt 0.920155 0.130245
vt 0.920155 0.207246
vt 0.868513 0.217359
vt 0.920155 0.217359
vt 0.806982 0.207246
vt 0.806982 0.130245
vt 0.444756 0.134265
vt 0.444023 0.138042
vt 0.385544 0.134265
vt 0.385544 0.138042
vt 0.444756 0.143647
vt 0.385544 0.143647
vt 0.444023 0.139870
vt 0.385544 0.139870
vt 0.549749 0.356742
vt 0.551336 0.279862
vt 0.551336 0.356742
vt 0.549749 0.279862
vt 0.548406 0.279862
vt 0.548406 0.356742
vt 0.546941 0.356742
vt 0.546941 0.279862
vt 0.574898 0.278765
vt 0.574898 0.355645
vt 0.573555 0.278765
vt 0.573555 0.355645
vt 0.571968 0.278765
vt 0.571968 0.355645
vt 0.570503 0.278765
vt 0.570503 0.355645
vt 0.569160 0.278765
vt 0.569160 0.355645
vt 0.567573 0.278765
vt 0.567573 0.355645
vt 0.566108 0.278765
vt 0.566108 0.355645
vt 0.555853 0.356498
vt 0.555853 0.279618
vt 0.557318 0.356498
vt 0.557318 0.279618
vt 0.558783 0.356498
vt 0.558783 0.279618
vt 0.560248 0.356498
vt 0.560248 0.279618
vt 0.561713 0.356498
vt 0.561713 0.279618
vt 0.563178 0.356498
vt 0.563178 0.279618
vt 0.564643 0.356498
vt 0.564643 0.279618
vt 0.262605 0.313002
vt 0.262605 0.236244
vt 0.263948 0.313002
vt 0.263948 0.236244
vt 0.265535 0.313002
vt 0.265535 0.236244
vt 0.267000 0.313002
vt 0.267000 0.236244
vt 0.268465 0.313002
vt 0.268343 0.236244
vt 0.269930 0.313002
vt 0.269930 0.236244
vt 0.271395 0.313002
vt 0.271395 0.236244
vt 0.909411 0.076880
vt 0.909411 0.000000
vt 0.910876 0.076880
vt 0.910754 0.000000
vt 0.912341 0.076880
vt 0.912341 0.000000
vt 0.913806 0.076880
vt 0.913806 0.000000
vt 0.915271 0.076880
vt 0.915271 0.000000
vt 0.916736 0.076880
vt 0.916736 0.000000
vt 0.918201 0.076880
vt 0.918201 0.000000
vt 0.645585 0.462497
vt 0.716273 0.462497
vt 0.645585 0.465421
vt 0.645585 0.466274
vt 0.715296 0.466274
vt 0.646562 0.467858
vt 0.716395 0.467858
vt 0.646562 0.471635
vt 0.717249 0.471757
vt 0.645830 0.466761
vt 0.919178 0.354305
vt 0.927602 0.347116
vt 0.927236 0.363321
vt 0.935293 0.356742
vt 0.917713 0.384886
vt 0.915637 0.358082
vt 0.905871 0.383302
vt 0.918323 0.427651
vt 0.905993 0.427164
vt 0.916736 0.439592
vt 0.904772 0.439104
vt 0.904284 0.480164
vt 0.916492 0.480164
vt 0.955437 0.361859
vt 0.967402 0.385739
vt 0.946403 0.356498
vt 0.948723 0.386714
vt 0.962396 0.427773
vt 0.946403 0.425215
vt 0.964472 0.440201
vt 0.947258 0.437886
vt 0.945304 0.480407
vt 0.962518 0.481504
vt 0.935415 0.386714
vt 0.935415 0.425336
vt 0.934439 0.437764
vt 0.933462 0.480042
vt 0.172262 0.408401
vt 0.182883 0.506968
vt 0.165547 0.506115
vt 0.160053 0.535478
vt 0.164082 0.407426
vt 0.180442 0.408645
vt 0.200219 0.505871
vt 0.188621 0.407914
vt 0.217189 0.502582
vt 0.196801 0.406573
vt 0.233182 0.497099
vt 0.204737 0.404380
vt 0.247466 0.489423
vt 0.212672 0.401456
vt 0.248809 0.523172
vt 0.270296 0.507333
vt 0.226101 0.531579
vt 0.203760 0.535722
vt 0.181785 0.536940
vt 0.148577 0.503313
vt 0.156025 0.405721
vt 0.138322 0.531092
vt 0.132218 0.498317
vt 0.148089 0.403406
vt 0.117202 0.491251
vt 0.096081 0.508795
vt 0.116713 0.523051
vt 0.505310 0.481016
vt 0.515931 0.579583
vt 0.498595 0.578731
vt 0.493101 0.608093
vt 0.497130 0.480164
vt 0.513489 0.481260
vt 0.533267 0.578487
vt 0.521669 0.480651
vt 0.550237 0.575197
vt 0.529727 0.479189
vt 0.566230 0.569714
vt 0.537784 0.476996
vt 0.580514 0.562039
vt 0.545720 0.474072
vt 0.581857 0.595788
vt 0.603344 0.579949
vt 0.559149 0.604316
vt 0.536686 0.608337
vt 0.514832 0.609556
vt 0.481625 0.575928
vt 0.489073 0.478458
vt 0.471370 0.603829
vt 0.465266 0.570933
vt 0.481137 0.476021
vt 0.450127 0.563866
vt 0.429129 0.581411
vt 0.449761 0.595666
vt 0.235014 0.179346
vt 0.251495 0.179346
vt 0.220852 0.187509
vt 0.212672 0.218090
vt 0.265657 0.232345
vt 0.235014 0.240508
vt 0.251495 0.240508
vt 0.212672 0.201764
vt 0.265657 0.187509
vt 0.273837 0.201764
vt 0.273837 0.218090
vt 0.220852 0.232345
vt 0.373092 0.316657
vt 0.273837 0.316657
vt 0.373092 0.300209
vt 0.273837 0.300209
vt 0.373092 0.283761
vt 0.273837 0.283761
vt 0.373092 0.267434
vt 0.273837 0.267434
vt 0.373092 0.250986
vt 0.273837 0.250986
vt 0.373092 0.234538
vt 0.273837 0.234538
vt 0.373092 0.218090
vt 0.373092 0.201764
vt 0.373092 0.185316
vt 0.273837 0.185316
vt 0.373092 0.168867
vt 0.273837 0.168867
vt 0.373092 0.152541
vt 0.273837 0.152541
vt 0.373092 0.136093
vt 0.273837 0.136093
vt 0.373092 0.119645
vt 0.273837 0.119645
vt 0.434378 0.168867
vt 0.434378 0.185316
vt 0.426077 0.154734
vt 0.395433 0.146449
vt 0.411915 0.146449
vt 0.426077 0.199571
vt 0.411915 0.207734
vt 0.381271 0.199571
vt 0.395433 0.207734
vt 0.381271 0.154734
vt 0.695152 0.155343
vt 0.695152 0.139139
vt 0.699181 0.155343
vt 0.699181 0.139139
vt 0.703210 0.155343
vt 0.703210 0.139139
vt 0.691001 0.139139
vt 0.691001 0.155343
vt 0.686972 0.139139
vt 0.686972 0.155343
vt 0.682943 0.139139
vt 0.682943 0.155343
vt 0.678793 0.139139
vt 0.678793 0.155343
vt 0.711389 0.139139
vt 0.711389 0.155343
vt 0.707361 0.139139
vt 0.707361 0.155343
vt 0.692222 0.136215
vt 0.701989 0.132194
vt 0.701989 0.136215
vt 0.692222 0.132194
vt 0.695152 0.129270
vt 0.699181 0.129270
vt 0.971919 0.495637
vt 0.971919 0.501485
vt 0.959466 0.495271
vt 0.959100 0.500998
vt 0.971064 0.527680
vt 0.960687 0.528655
vt 0.989743 0.502825
vt 0.988644 0.526462
vt 0.978023 0.501973
vt 0.977168 0.526218
vt 0.952873 0.502460
vt 0.954461 0.526218
vt 0.959588 0.563623
vt 0.952385 0.562770
vt 0.951653 0.586163
vt 0.959466 0.585432
vt 0.979244 0.586284
vt 0.971552 0.585432
vt 0.979000 0.563135
vt 0.971308 0.563866
vt 0.990476 0.562648
vt 0.990842 0.585797
vt 0.172384 0.538037
vt 0.172140 0.543763
vt 0.160053 0.536940
vt 0.159321 0.542666
vt 0.170431 0.569836
vt 0.160053 0.570689
vt 0.152850 0.543641
vt 0.153827 0.567887
vt 0.141374 0.544738
vt 0.142351 0.568131
vt 0.159321 0.605657
vt 0.152240 0.604926
vt 0.151263 0.628075
vt 0.159077 0.627466
vt 0.178732 0.628440
vt 0.171163 0.627466
vt 0.178855 0.605048
vt 0.171163 0.605779
vt 0.176657 0.568496
vt 0.178000 0.544738
vt 0.140764 0.604316
vt 0.139665 0.627222
vt 0.971308 0.592986
vt 0.959466 0.592986
vt 0.170919 0.635141
vt 0.159199 0.635020
vt 0.999998 0.293995
vt 0.954216 0.293995
vt 0.999998 0.272917
vt 0.954216 0.272917
vt 0.999998 0.334445
vt 0.954216 0.334445
vt 0.999998 0.355523
vt 0.954216 0.355523
vt 0.590769 0.862126
vt 0.590159 0.858471
vt 0.572823 0.860420
vt 0.577096 0.856887
vt 0.568672 0.811807
vt 0.572457 0.815949
vt 0.566108 0.850673
vt 0.570381 0.847261
vt 0.591868 0.803156
vt 0.590891 0.806568
vt 0.574532 0.805837
vt 0.579049 0.809126
vt 0.889023 0.967272
vt 0.904528 0.967394
vt 0.904528 0.969709
vt 0.999144 0.967272
vt 0.999144 0.969709
vt 0.888901 0.969587
vt 0.879378 0.967150
vt 0.879378 0.969465
vt 0.788791 0.967028
vt 0.788791 0.969343
vt 0.780489 0.966906
vt 0.780489 0.969221
vt 0.678915 0.970318
vt 0.678793 0.968003
vt 0.904894 0.973120
vt 0.999022 0.973242
vt 0.889023 0.972876
vt 0.879134 0.972998
vt 0.789035 0.972755
vt 0.780001 0.972389
vt 0.679403 0.973851
vt 0.779879 0.963617
vt 0.789035 0.963617
vt 0.879134 0.963617
vt 0.889023 0.963860
vt 0.904894 0.963982
vt 0.679403 0.964348
vt 0.999022 0.963739
vt 0.002808 0.081144
vt 0.002686 0.059579
vt 0.007569 0.080779
vt 0.007447 0.059335
vt 0.000000 0.084799
vt 0.010011 0.084799
vt 0.000244 0.055193
vt 0.010133 0.055314
vt 0.184837 0.110385
vt 0.212062 0.110385
vt 0.176779 0.114040
vt 0.214992 0.114040
vt 0.099621 0.680465
vt 0.099621 0.678394
vt 0.110487 0.678150
vt 0.109876 0.676323
vt 0.099499 0.676201
vt 0.109754 0.674373
vt 0.099621 0.674008
vt 0.109876 0.672424
vt 0.099743 0.671937
vt 0.110731 0.680100
vt 0.119887 0.678150
vt 0.119277 0.679978
vt 0.119765 0.676323
vt 0.119155 0.674617
vt 0.118545 0.672789
vt 0.118667 0.670962
vt 0.110487 0.670475
vt 0.119399 0.669134
vt 0.110853 0.668525
vt 0.099866 0.669743
vt 0.099988 0.667672
vt 0.136857 0.668647
vt 0.137224 0.670596
vt 0.171652 0.668403
vt 0.137590 0.672668
vt 0.137590 0.674617
vt 0.137224 0.676566
vt 0.136979 0.678516
vt 0.136979 0.680465
vt 0.171529 0.678638
vt 0.171652 0.680587
vt 0.204004 0.678272
vt 0.204004 0.680343
vt 0.203882 0.676201
vt 0.171652 0.676566
vt 0.171774 0.674495
vt 0.171774 0.672424
vt 0.171774 0.670475
vt 0.203882 0.668160
vt 0.203882 0.670231
vt 0.203882 0.672302
vt 0.203882 0.674251
vt 0.176779 0.114893
vt 0.214992 0.114893
vt 0.212184 0.109532
vt 0.184959 0.109411
vt 0.184959 0.118548
vt 0.212184 0.118548
vt 0.097790 0.679369
vt 0.096081 0.676201
vt 0.097790 0.675226
vt 0.096081 0.678272
vt 0.205591 0.669134
vt 0.207300 0.672302
vt 0.205591 0.673277
vt 0.207300 0.670231
vt 0.406665 0.210171
vt 0.415699 0.208709
vt 0.406787 0.215410
vt 0.415699 0.216384
vt 0.430960 0.215410
vt 0.422048 0.216384
vt 0.431082 0.210171
vt 0.422048 0.208709
vt 0.406055 0.221501
vt 0.414967 0.222598
vt 0.401660 0.214800
vt 0.400927 0.220892
vt 0.010743 0.139748
vt 0.009889 0.138774
vt 0.019778 0.139626
vt 0.020754 0.138774
vt 0.020510 0.112578
vt 0.009645 0.112700
vt 0.010499 0.111725
vt 0.019656 0.111725
vt 0.028324 0.143525
vt 0.028080 0.107827
vt 0.029056 0.107217
vt 0.024295 0.103075
vt 0.029178 0.144134
vt 0.023684 0.147424
vt 0.024417 0.148277
vt 0.006593 0.147424
vt 0.005982 0.148155
vt 0.002198 0.143403
vt 0.001343 0.144013
vt 0.002075 0.107827
vt 0.001099 0.107339
vt 0.006593 0.103928
vt 0.005860 0.103197
vt 0.023684 0.103928
vt 0.026737 0.143038
vt 0.023196 0.145962
vt 0.007203 0.145962
vt 0.003785 0.142916
vt 0.003663 0.108436
vt 0.007203 0.105390
vt 0.023074 0.105390
vt 0.026615 0.108314
vt 0.005494 0.149252
vt 0.024905 0.149252
vt 0.000244 0.144500
vt 0.000000 0.106974
vt 0.005372 0.102222
vt 0.024783 0.102100
vt 0.030155 0.106852
vt 0.030277 0.144500
vt 0.940787 0.190311
vt 0.937613 0.191895
vt 0.958489 0.190311
vt 0.961664 0.191895
vt 0.940787 0.216750
vt 0.961664 0.215166
vt 0.958489 0.216872
vt 0.937613 0.215166
vt 0.007936 0.140723
vt 0.007691 0.110629
vt 0.009278 0.142063
vt 0.021121 0.142063
vt 0.022586 0.140845
vt 0.022464 0.110629
vt 0.020999 0.109411
vt 0.009278 0.109411
vt 0.886215 0.094790
vt 0.887924 0.101126
vt 0.885849 0.102344
vt 0.891343 0.107948
vt 0.883773 0.094668
vt 0.887924 0.088333
vt 0.885849 0.087114
vt 0.892686 0.083581
vt 0.891465 0.081510
vt 0.899034 0.081875
vt 0.899034 0.079438
vt 0.905504 0.083581
vt 0.906725 0.081510
vt 0.910144 0.088333
vt 0.912341 0.087114
vt 0.911853 0.094668
vt 0.914295 0.094790
vt 0.910144 0.101126
vt 0.912219 0.102344
vt 0.905504 0.105877
vt 0.906725 0.107948
vt 0.899034 0.107583
vt 0.899034 0.110020
vt 0.892686 0.105877
vt 0.887558 0.094790
vt 0.889145 0.100516
vt 0.893296 0.104659
vt 0.899034 0.106243
vt 0.904772 0.104659
vt 0.909045 0.100516
vt 0.910510 0.094668
vt 0.909045 0.088942
vt 0.904772 0.084799
vt 0.899034 0.083215
vt 0.893296 0.084799
vt 0.889023 0.088942
vt 0.899034 0.094790
vt 0.018191 0.157658
vt 0.019289 0.161070
vt 0.018069 0.162045
vt 0.021731 0.164725
vt 0.016604 0.157658
vt 0.019289 0.154247
vt 0.018069 0.153272
vt 0.022219 0.152054
vt 0.021731 0.150592
vt 0.025882 0.152054
vt 0.026370 0.150592
vt 0.028812 0.154247
vt 0.030033 0.153272
vt 0.029911 0.157658
vt 0.031498 0.157658
vt 0.028812 0.161070
vt 0.030033 0.162045
vt 0.025882 0.163263
vt 0.026370 0.164725
vt 0.022219 0.163263
vt 0.019534 0.157658
vt 0.020388 0.160339
vt 0.022708 0.161923
vt 0.025516 0.161923
vt 0.027713 0.160339
vt 0.028568 0.157658
vt 0.027713 0.154978
vt 0.025516 0.153272
vt 0.022708 0.153394
vt 0.020388 0.154978
vt 0.024051 0.157658
vt 0.375411 0.125859
vt 0.416798 0.124031
vt 0.375533 0.128052
vt 0.417164 0.126102
vt 0.442924 0.122935
vt 0.442680 0.125006
vt 0.484311 0.125006
vt 0.484311 0.122813
vt 0.416554 0.121107
vt 0.375289 0.122813
vt 0.416920 0.131220
vt 0.375900 0.133413
vt 0.375778 0.131098
vt 0.417164 0.129026
vt 0.442802 0.128052
vt 0.443046 0.130123
vt 0.484189 0.128174
vt 0.484189 0.130367
vt 0.442924 0.119889
vt 0.007325 0.016570
vt 0.002075 0.017910
vt 0.006959 0.014986
vt 0.001709 0.016204
vt 0.006959 0.000000
vt 0.008668 0.014986
vt 0.008668 0.000000
vt 0.013918 0.016326
vt 0.013918 0.000000
vt 0.000000 0.016204
vt 0.000000 0.000000
vt 0.001709 0.000000
vt 0.192284 0.003533
vt 0.208033 0.005848
vt 0.191918 0.005605
vt 0.207789 0.007919
vt 0.207789 0.002071
vt 0.207667 0.003655
vt 0.193261 0.001097
vt 0.193138 0.002559
vt 0.208521 0.000000
vt 0.192528 0.000000
vt 0.210230 0.006457
vt 0.209986 0.007919
vt 0.190819 0.005117
vt 0.191063 0.003655
vt 0.002930 0.087602
vt 0.004639 0.087602
vt 0.001709 0.091257
vt 0.005860 0.091257
vt 0.004639 0.094546
vt 0.003052 0.094668
vt 0.005250 0.086261
vt 0.002442 0.086139
vt 0.007569 0.091257
vt 0.005250 0.096008
vt 0.002442 0.096008
vt 0.000000 0.091379
vt 0.922230 0.193966
vt 0.923939 0.193966
vt 0.922230 0.203469
vt 0.923939 0.203469
vt 0.925771 0.193966
vt 0.925771 0.203469
vt 0.927480 0.193966
vt 0.927480 0.203469
vt 0.929189 0.193966
vt 0.929189 0.203469
vt 0.931020 0.193966
vt 0.931020 0.203469
vt 0.932729 0.193966
vt 0.932729 0.203469
vt 0.042608 0.132925
vt 0.040898 0.132925
vt 0.042608 0.123422
vt 0.040898 0.123422
vt 0.039067 0.132925
vt 0.039067 0.123422
vt 0.037358 0.132925
vt 0.037358 0.123422
vt 0.035527 0.132925
vt 0.035527 0.123422
vt 0.033818 0.132925
vt 0.033818 0.123422
vt 0.031986 0.132925
vt 0.031986 0.123422
vt 0.042486 0.120376
vt 0.043462 0.121960
vt 0.040776 0.120376
vt 0.039922 0.121960
vt 0.925771 0.206394
vt 0.923939 0.206394
vt 0.926625 0.204931
vt 0.923085 0.204931
vt 0.923939 0.190920
vt 0.925771 0.190920
vt 0.923085 0.192382
vt 0.926625 0.192382
vt 0.042486 0.136093
vt 0.040776 0.136093
vt 0.043462 0.134509
vt 0.039922 0.134509
vt 0.031986 0.114893
vt 0.034672 0.113553
vt 0.039067 0.119036
vt 0.039311 0.116112
vt 0.032108 0.106608
vt 0.034672 0.108314
vt 0.039311 0.102588
vt 0.039067 0.105634
vt 0.046392 0.106852
vt 0.043706 0.108192
vt 0.046270 0.115015
vt 0.043829 0.113431
vt 0.909411 0.109045
vt 0.910266 0.111969
vt 0.904284 0.113553
vt 0.906725 0.115868
vt 0.916614 0.109654
vt 0.915271 0.112213
vt 0.920765 0.115137
vt 0.918201 0.116843
vt 0.256134 0.290340
vt 0.252960 0.290340
vt 0.255646 0.282421
vt 0.253448 0.282421
vt 0.253693 0.279862
vt 0.255768 0.279862
vt 0.255646 0.252326
vt 0.253448 0.252448
vt 0.253571 0.249768
vt 0.255768 0.249768
vt 0.256134 0.241848
vt 0.252960 0.241848
vt 0.258088 0.289974
vt 0.257721 0.283030
vt 0.257721 0.278887
vt 0.257599 0.253301
vt 0.257721 0.249281
vt 0.258088 0.242214
vt 0.251007 0.242336
vt 0.251495 0.249159
vt 0.251617 0.253423
vt 0.251739 0.278765
vt 0.251495 0.283030
vt 0.251007 0.289974
vt 0.261140 0.242579
vt 0.260163 0.249524
vt 0.259919 0.253301
vt 0.260041 0.278887
vt 0.260285 0.282786
vt 0.261140 0.289609
vt 0.712000 0.255738
vt 0.709314 0.255738
vt 0.712000 0.204201
vt 0.709314 0.204201
vt 0.706384 0.204079
vt 0.706384 0.255616
vt 0.703942 0.255616
vt 0.700646 0.255738
vt 0.703576 0.204079
vt 0.700646 0.204201
vt 0.204737 0.160948
vt 0.200952 0.160948
vt 0.204737 0.151079
vt 0.200952 0.151079
vt 0.198876 0.164603
vt 0.198388 0.160826
vt 0.201318 0.164725
vt 0.194726 0.150957
vt 0.198388 0.150957
vt 0.194726 0.160826
vt 0.201684 0.147424
vt 0.199121 0.147302
vt 0.026615 0.179711
vt 0.022952 0.179711
vt 0.026615 0.169720
vt 0.022952 0.169720
vt 0.020754 0.183366
vt 0.020388 0.179589
vt 0.023318 0.183488
vt 0.016604 0.169720
vt 0.020388 0.169720
vt 0.016604 0.179589
vt 0.023562 0.166065
vt 0.021121 0.166065
vt 0.248443 0.119523
vt 0.268953 0.119523
vt 0.268953 0.149008
vt 0.273104 0.476508
vt 0.369429 0.475777
vt 0.274447 0.542301
vt 0.370040 0.545712
vt 0.376022 0.286685
vt 0.486509 0.287781
vt 0.476498 0.273648
vt 0.376144 0.270968
vt 0.957268 0.001828
vt 0.000488 0.148399
vt 0.000000 0.207368
vt 0.484311 0.119767
vt 0.477597 0.891732
vt 0.453912 0.918658
vt 0.453912 0.891732
vt 0.430228 0.918658
vt 0.477597 0.918658
vt 0.501281 0.891732
vt 0.501281 0.918658
vt 0.524966 0.891732
vt 0.524966 0.918658
vt 0.548650 0.891732
vt 0.548650 0.918658
vt 0.572334 0.891732
vt 0.572334 0.918537
vt 0.430228 0.891732
vt 0.406543 0.918658
vt 0.406543 0.891732
vt 0.382859 0.918537
vt 0.382859 0.891732
vt 0.359174 0.918537
vt 0.359174 0.891732
vt 0.335490 0.918537
vt 0.335490 0.891611
vt 0.311805 0.918537
vt 0.311805 0.891611
vt 0.288121 0.918537
vt 0.288121 0.891611
vt 0.264436 0.918537
vt 0.264436 0.891611
vt 0.240752 0.918537
vt 0.240752 0.891611
vt 0.217067 0.918537
vt 0.217067 0.891611
vt 0.193383 0.918537
vt 0.193383 0.891611
vt 0.169698 0.918537
vt 0.169698 0.891732
vt 0.146014 0.918537
vt 0.146014 0.891732
vt 0.872053 0.612845
vt 0.863629 0.622836
vt 0.865339 0.612845
vt 0.855083 0.619668
vt 0.851543 0.625760
vt 0.856304 0.612723
vt 0.869856 0.625029
vt 0.858502 0.631608
vt 0.863629 0.635873
vt 0.850688 0.638187
vt 0.854107 0.643914
vt 0.841166 0.641599
vt 0.842386 0.648178
vt 0.831033 0.641599
vt 0.829812 0.648178
vt 0.821388 0.638187
vt 0.818092 0.643914
vt 0.813697 0.631608
vt 0.808569 0.635873
vt 0.808569 0.622836
vt 0.802343 0.625151
vt 0.806738 0.612845
vt 0.800145 0.612845
vt 0.808569 0.602733
vt 0.802343 0.600540
vt 0.813574 0.593960
vt 0.808569 0.589696
vt 0.821388 0.587381
vt 0.818092 0.581655
vt 0.831033 0.583970
vt 0.829812 0.577390
vt 0.841166 0.583970
vt 0.842264 0.577390
vt 0.850688 0.587381
vt 0.853985 0.581655
vt 0.858502 0.593960
vt 0.863629 0.589696
vt 0.863629 0.602733
vt 0.869856 0.600540
vt 0.855083 0.605779
vt 0.851543 0.599808
vt 0.846049 0.595300
vt 0.839456 0.592864
vt 0.832498 0.592986
vt 0.825905 0.595422
vt 0.820533 0.599930
vt 0.817115 0.606022
vt 0.815894 0.612845
vt 0.817115 0.619790
vt 0.820655 0.625882
vt 0.826027 0.630268
vt 0.839701 0.632705
vt 0.832620 0.632705
vt 0.846293 0.630268
vt 0.874861 0.612845
vt 0.898301 0.635385
vt 0.872541 0.626125
vt 0.886703 0.655367
vt 0.865827 0.637700
vt 0.869123 0.670109
vt 0.855450 0.646351
vt 0.847514 0.677907
vt 0.842875 0.650980
vt 0.824562 0.677907
vt 0.829323 0.650980
vt 0.802953 0.670109
vt 0.816749 0.646351
vt 0.785373 0.655367
vt 0.806371 0.637700
vt 0.773897 0.635385
vt 0.799657 0.626125
vt 0.769868 0.612845
vt 0.797337 0.612845
vt 0.773897 0.590183
vt 0.799657 0.599565
vt 0.785373 0.570324
vt 0.806371 0.587868
vt 0.802953 0.555459
vt 0.816627 0.579218
vt 0.824562 0.547662
vt 0.829323 0.574588
vt 0.847636 0.547662
vt 0.842875 0.574588
vt 0.869123 0.555459
vt 0.855450 0.579218
vt 0.886825 0.570324
vt 0.865827 0.587868
vt 0.898301 0.590183
vt 0.872541 0.599565
vt 0.902208 0.612845
vt 0.907458 0.612845
vt 0.903185 0.637213
vt 0.903185 0.588356
vt 0.890854 0.566912
vt 0.871809 0.550951
vt 0.848491 0.542423
vt 0.823708 0.542423
vt 0.800389 0.550951
vt 0.781344 0.566912
vt 0.769013 0.588356
vt 0.764618 0.612723
vt 0.769013 0.637213
vt 0.781344 0.658656
vt 0.800389 0.674617
vt 0.823708 0.683146
vt 0.848491 0.683146
vt 0.871809 0.674617
vt 0.890732 0.658778
vt 0.837137 0.371362
vt 0.835061 0.375383
vt 0.837747 0.366854
vt 0.834451 0.358447
vt 0.826393 0.354183
vt 0.830788 0.355645
vt 0.836893 0.362346
vt 0.831643 0.378429
vt 0.827370 0.380135
vt 0.818458 0.378916
vt 0.812109 0.363199
vt 0.817603 0.356133
vt 0.814185 0.359178
vt 0.822731 0.380378
vt 0.814795 0.376114
vt 0.812354 0.372215
vt 0.811377 0.367707
vt 0.821876 0.354305
vt 0.872786 0.367342
vt 0.896226 0.393415
vt 0.869856 0.383790
vt 0.882919 0.416320
vt 0.900865 0.367342
vt 0.869978 0.350772
vt 0.896348 0.341268
vt 0.861554 0.336273
vt 0.883163 0.318363
vt 0.848735 0.325551
vt 0.862897 0.301305
vt 0.832986 0.319825
vt 0.837991 0.292289
vt 0.816260 0.319825
vt 0.811499 0.292168
vt 0.800511 0.325429
vt 0.786716 0.301184
vt 0.787692 0.336273
vt 0.766328 0.318241
vt 0.779269 0.350772
vt 0.753020 0.341146
vt 0.776339 0.367220
vt 0.748381 0.367098
vt 0.779269 0.383668
vt 0.753020 0.393171
vt 0.787692 0.398167
vt 0.766205 0.416199
vt 0.800511 0.409010
vt 0.786472 0.433256
vt 0.816138 0.414737
vt 0.811255 0.442272
vt 0.832986 0.414737
vt 0.837747 0.442394
vt 0.848613 0.409010
vt 0.862653 0.433378
vt 0.861554 0.398288
vt 0.857037 0.394511
vt 0.845683 0.403893
vt 0.831887 0.408888
vt 0.817237 0.408888
vt 0.803441 0.403893
vt 0.792210 0.394390
vt 0.784884 0.381718
vt 0.782321 0.367220
vt 0.784884 0.352721
vt 0.792210 0.340050
vt 0.803563 0.330668
vt 0.817359 0.325673
vt 0.832009 0.325673
vt 0.845805 0.330668
vt 0.857037 0.340172
vt 0.864362 0.352843
vt 0.866926 0.367342
vt 0.864362 0.381718
vt 0.848735 0.375627
vt 0.844462 0.383302
vt 0.850200 0.366854
vt 0.848491 0.358082
vt 0.843852 0.350528
vt 0.837015 0.344923
vt 0.828591 0.341999
vt 0.819801 0.342243
vt 0.811499 0.345411
vt 0.804784 0.351137
vt 0.800511 0.358935
vt 0.799046 0.367707
vt 0.800756 0.376479
vt 0.805273 0.384033
vt 0.812231 0.389638
vt 0.820655 0.392562
vt 0.829445 0.392318
vt 0.837747 0.389151
vt 0.747771 0.395121
vt 0.742887 0.367098
vt 0.761932 0.419732
vt 0.783664 0.438008
vt 0.810278 0.447755
vt 0.838724 0.447876
vt 0.865461 0.438129
vt 0.887192 0.419976
vt 0.901476 0.395364
vt 0.906481 0.367463
vt 0.901598 0.339441
vt 0.887436 0.314829
vt 0.865705 0.296554
vt 0.838968 0.286807
vt 0.810644 0.286685
vt 0.783908 0.296432
vt 0.762055 0.314586
vt 0.747893 0.339197
vt 0.688559 0.121960
vt 0.668049 0.151445
vt 0.687461 0.121229
vt 0.667072 0.150714
vt 0.667072 0.121229
vt 0.687461 0.120010
vt 0.667072 0.120010
vt 0.089000 0.404258
vt 0.089366 0.451410
vt 0.006593 0.404746
vt 0.006837 0.452019
vt 0.089610 0.481991
vt 0.007081 0.482600
vt 0.081064 0.519639
vt 0.016115 0.520005
vt 0.222683 0.668647
vt 0.214259 0.679734
vt 0.218166 0.615891
vt 0.202417 0.624420
vt 0.214503 0.599808
vt 0.196313 0.597737
vt 0.212184 0.563744
vt 0.226101 0.577878
vt 0.232450 0.558262
vt 0.226468 0.544860
vt 0.310096 0.547784
vt 0.303503 0.559115
vt 0.323037 0.569714
vt 0.307532 0.581411
vt 0.317909 0.608824
vt 0.336466 0.609556
vt 0.324868 0.636604
vt 0.310950 0.625760
vt 0.303137 0.684851
vt 0.297277 0.671084
vt 0.619948 0.905866
vt 0.639970 0.872969
vt 0.655841 0.919511
vt 0.668171 0.883691
vt 0.681478 0.888686
vt 0.672688 0.925847
vt 0.807959 0.905866
vt 0.772066 0.919511
vt 0.787937 0.872969
vt 0.759735 0.883691
vt 0.746428 0.888686
vt 0.755218 0.925847
vt 0.955926 0.918902
vt 0.964105 0.949727
vt 0.918323 0.922070
vt 0.922108 0.949605
vt 0.967646 0.959231
vt 0.922596 0.954601
vt 0.868024 0.949727
vt 0.868024 0.946072
vt 0.813941 0.949605
vt 0.817847 0.922070
vt 0.771943 0.949727
vt 0.780123 0.918902
vt 0.868024 0.923654
vt 0.813452 0.954601
vt 0.768525 0.959231
vt 0.551824 0.278643
vt 0.649614 0.262926
vt 0.654620 0.269749
vt 0.664020 0.261343
vt 0.658526 0.256347
vt 0.662922 0.247575
vt 0.669758 0.249768
vt 0.664020 0.230639
vt 0.671956 0.232223
vt 0.657550 0.154612
vt 0.662189 0.151445
vt 0.658771 0.147302
vt 0.654254 0.151445
vt 0.653765 0.143403
vt 0.650835 0.149983
vt 0.551824 0.132194
vt 0.551824 0.122935
vt 0.449883 0.143403
vt 0.452691 0.149983
vt 0.449273 0.151445
vt 0.444756 0.147302
vt 0.445976 0.154612
vt 0.441337 0.151445
vt 0.431693 0.232223
vt 0.439506 0.230639
vt 0.433890 0.249768
vt 0.440605 0.247575
vt 0.439506 0.261343
vt 0.653643 0.155831
vt 0.445732 0.229665
vt 0.449883 0.155831
vt 0.453424 0.154612
vt 0.551824 0.138408
vt 0.650225 0.154612
vt 0.657794 0.229665
vt 0.656695 0.246600
vt 0.657061 0.252570
vt 0.649004 0.258297
vt 0.551824 0.268287
vt 0.453912 0.262926
vt 0.449029 0.269749
vt 0.445000 0.256347
vt 0.446587 0.252570
vt 0.446831 0.246600
vt 0.453546 0.228690
vt 0.551824 0.223451
vt 0.649981 0.228690
vt 0.648882 0.251717
vt 0.551824 0.261221
vt 0.454645 0.258297
vt 0.454767 0.251717
vt 0.551824 0.253667
vt 0.171407 0.118914
vt 0.166646 0.125006
vt 0.165791 0.118914
vt 0.141741 0.123909
vt 0.146990 0.162045
vt 0.115126 0.162045
vt 0.115126 0.123422
vt 0.141985 0.116964
vt 0.166524 0.115015
vt 0.172506 0.116721
vt 0.167256 0.113431
vt 0.142839 0.109167
vt 0.142473 0.111604
vt 0.115126 0.110994
vt 0.115126 0.116355
vt 0.087901 0.111604
vt 0.087535 0.109167
vt 0.115126 0.108192
vt 0.088390 0.116964
vt 0.088512 0.123909
vt 0.064583 0.118914
vt 0.063728 0.115015
vt 0.063118 0.113431
vt 0.057746 0.116721
vt 0.058967 0.118914
vt 0.063728 0.125006
vt 0.083262 0.162045
vt 0.115126 0.297772
vt 0.056525 0.123422
vt 0.055182 0.161070
vt 0.046148 0.159851
vt 0.024417 0.291436
vt 0.013796 0.289365
vt 0.062630 0.296188
vt 0.167745 0.296188
vt 0.175192 0.161070
vt 0.173727 0.123422
vt 0.205957 0.291436
vt 0.184226 0.159851
vt 0.216579 0.289365
vt 0.176535 0.121594
vt 0.189476 0.158146
vt 0.228055 0.285466
vt 0.143206 0.106852
vt 0.168111 0.111360
vt 0.173605 0.115381
vt 0.178610 0.120254
vt 0.115126 0.105755
vt 0.087169 0.106852
vt 0.062263 0.111360
vt 0.056770 0.115381
vt 0.053717 0.121594
vt 0.051764 0.120254
vt 0.040898 0.158146
vt 0.038579 0.157415
vt 0.002198 0.285466
vt 0.000000 0.286076
vt 0.191796 0.157415
vt 0.230374 0.286076
vt 0.206324 0.293630
vt 0.167989 0.298503
vt 0.115126 0.300209
vt 0.062263 0.298503
vt 0.024051 0.293630
vt 0.012941 0.291193
vt 0.217311 0.291193
vt 0.963617 0.962398
vt 0.922108 0.958012
vt 0.871076 0.953261
vt 0.865094 0.953261
vt 0.814063 0.958012
vt 0.772432 0.962398
vt 0.902696 0.509405
vt 0.901231 0.507455
vt 0.904772 0.507090
vt 0.901964 0.505628
vt 0.906847 0.487839
vt 0.903429 0.488570
vt 0.903063 0.486743
vt 0.905382 0.484915
vt 0.889511 0.484550
vt 0.889511 0.486865
vt 0.887924 0.504409
vt 0.869245 0.503556
vt 0.870222 0.485646
vt 0.847026 0.503435
vt 0.870344 0.483331
vt 0.847636 0.482357
vt 0.887558 0.506724
vt 0.869245 0.505993
vt 0.847270 0.505750
vt 0.812231 0.505750
vt 0.811987 0.503313
vt 0.733853 0.506481
vt 0.830178 0.496855
vt 0.834451 0.501120
vt 0.839579 0.501242
vt 0.844096 0.496855
vt 0.847392 0.484550
vt 0.844096 0.491373
vt 0.839823 0.486987
vt 0.811865 0.485403
vt 0.834817 0.487108
vt 0.830178 0.491373
vt 0.811987 0.482966
vt 0.733853 0.503922
vt 0.733853 0.486134
vt 0.655841 0.485403
vt 0.655719 0.503313
vt 0.655596 0.505750
vt 0.620802 0.503435
vt 0.620558 0.505750
vt 0.598583 0.503678
vt 0.598583 0.505993
vt 0.579904 0.504409
vt 0.580270 0.506724
vt 0.565864 0.505628
vt 0.566597 0.507455
vt 0.564399 0.488570
vt 0.578317 0.486865
vt 0.597606 0.485646
vt 0.620436 0.484550
vt 0.623732 0.496855
vt 0.628249 0.501242
vt 0.633377 0.501120
vt 0.637528 0.496855
vt 0.637650 0.491373
vt 0.633011 0.487108
vt 0.628005 0.486987
vt 0.623610 0.491373
vt 0.733853 0.483575
vt 0.655719 0.482966
vt 0.620192 0.482357
vt 0.597362 0.483331
vt 0.578317 0.484550
vt 0.564765 0.486743
vt 0.885238 0.518786
vt 0.863629 0.527071
vt 0.831277 0.537671
vt 0.795140 0.526949
vt 0.733853 0.526949
vt 0.672688 0.526949
vt 0.636429 0.537671
vt 0.604199 0.527071
vt 0.582590 0.518786
vt 0.565131 0.509405
vt 0.802343 0.547540
vt 0.665485 0.547540
vt 0.733853 0.479189
vt 0.811987 0.478701
vt 0.847636 0.478458
vt 0.870954 0.479554
vt 0.655719 0.478701
vt 0.620192 0.478458
vt 0.596751 0.479554
vt 0.577828 0.481138
vt 0.562446 0.484915
vt 0.890000 0.481138
vt 0.832986 0.495637
vt 0.832864 0.492957
vt 0.835916 0.498317
vt 0.838602 0.498196
vt 0.841288 0.495271
vt 0.841166 0.492469
vt 0.838236 0.489789
vt 0.835550 0.490032
vt 0.904772 0.508308
vt 0.382981 0.822528
vt 0.308875 0.822528
vt 0.298376 0.818630
vt 0.319863 0.872847
vt 0.315590 0.882229
vt 0.392381 0.882107
vt 0.382859 0.872726
vt 0.392503 0.818630
vt 0.392503 0.727007
vt 0.298498 0.726885
vt 0.455133 0.611505
vt 0.552313 0.610408
vt 0.458185 0.631608
vt 0.552313 0.631243
vt 0.646318 0.631608
vt 0.649370 0.611505
vt 0.455255 0.666941
vt 0.457330 0.661824
vt 0.552313 0.683999
vt 0.552313 0.662190
vt 0.647173 0.661824
vt 0.649248 0.666941
vt 0.451959 0.663042
vt 0.438041 0.628319
vt 0.650591 0.139017
vt 0.555731 0.119889
vt 0.453057 0.139017
vt 0.547917 0.119889
vt 0.560981 0.487839
vt 0.563056 0.507090
vt 0.634842 0.492957
vt 0.634720 0.495637
vt 0.631912 0.498317
vt 0.629226 0.498196
vt 0.626418 0.495271
vt 0.626662 0.492469
vt 0.629592 0.489789
vt 0.632278 0.490032
vt 0.563056 0.508308
vt 0.094128 0.698254
vt 0.094128 0.789876
vt 0.000000 0.698254
vt 0.000000 0.789876
vt 0.009523 0.793775
vt 0.000244 0.853353
vt 0.009767 0.843972
vt 0.072641 0.844094
vt 0.077036 0.853597
vt 0.083750 0.793775
vt 0.666462 0.628319
vt 0.652544 0.663042
vt 0.778048 0.997975
vt 0.619093 0.997488
vt 0.778658 0.994685
vt 0.618971 0.994198
vt 0.778658 0.991396
vt 0.618971 0.990908
vt 0.778048 0.987984
vt 0.619093 0.987497
vt 0.777559 0.984695
vt 0.619337 0.984207
vt 0.777559 0.981405
vt 0.619337 0.980918
vt 0.778170 0.978115
vt 0.619093 0.977628
vt 0.984738 0.852500
vt 0.947990 0.833616
vt 0.987668 0.847627
vt 0.952873 0.825087
vt 0.947990 0.816558
vt 0.933218 0.825087
vt 0.938101 0.816558
vt 0.940177 0.775255
vt 0.945915 0.775255
vt 0.938101 0.833616
vt 0.901354 0.852500
vt 0.898423 0.847627
vt 0.096569 0.996391
vt 0.132462 0.978237
vt 0.097302 0.997366
vt 0.134416 0.983111
vt 0.141252 0.982867
vt 0.143084 0.978237
vt 0.179221 0.996513
vt 0.178488 0.997488
vt 0.135026 0.919877
vt 0.132828 0.960083
vt 0.133805 0.920121
vt 0.127579 0.959352
vt 0.124283 0.965444
vt 0.127457 0.969343
vt 0.093639 0.991518
vt 0.093151 0.990421
vt 0.182029 0.991518
vt 0.148333 0.969465
vt 0.182517 0.990299
vt 0.151507 0.965322
vt 0.147967 0.959474
vt 0.142962 0.960205
vt 0.140642 0.919877
vt 0.141985 0.919999
vt 0.239042 0.977872
vt 0.261994 0.977384
vt 0.240263 0.982867
vt 0.261994 0.982502
vt 0.283848 0.977384
vt 0.283848 0.982502
vt 0.305701 0.977384
vt 0.240385 0.987863
vt 0.261994 0.987741
vt 0.239409 0.992858
vt 0.261994 0.992736
vt 0.283848 0.987619
vt 0.283848 0.992614
vt 0.305701 0.987619
vt 0.305701 0.992614
vt 0.305701 0.982380
vt 0.327554 0.982380
vt 0.327554 0.987497
vt 0.327554 0.992614
vt 0.349529 0.987497
vt 0.349407 0.992492
vt 0.327554 0.977263
vt 0.349407 0.977263
vt 0.349407 0.982258
vt 0.371383 0.977263
vt 0.371260 0.982258
vt 0.393236 0.977141
vt 0.371383 0.987375
vt 0.393114 0.982258
vt 0.393236 0.987375
vt 0.371260 0.992492
vt 0.393114 0.992370
vt 0.415089 0.977141
vt 0.414967 0.982136
vt 0.436942 0.977019
vt 0.415089 0.987375
vt 0.415089 0.992370
vt 0.436942 0.987253
vt 0.436942 0.992370
vt 0.436942 0.982136
vt 0.458795 0.977019
vt 0.458795 0.982014
vt 0.480649 0.977019
vt 0.458795 0.987253
vt 0.458795 0.992249
vt 0.480649 0.987131
vt 0.480649 0.992249
vt 0.480649 0.982014
vt 0.502502 0.976897
vt 0.502502 0.982014
vt 0.524355 0.976775
vt 0.502502 0.987131
vt 0.502502 0.992249
vt 0.524355 0.987131
vt 0.524355 0.992249
vt 0.546086 0.986644
vt 0.547307 0.991761
vt 0.545964 0.981649
vt 0.524355 0.981892
vt 0.546941 0.976775
vt 0.836038 0.612845
s 1
usemtl KrAZ
f 1030/337/190 1031/338/190 1032/339/191
f 1031/338/190 1033/340/192 1032/339/191
f 1033/340/192 1034/341/193 1032/339/191
f 1032/339/191 1034/341/193 1035/342/194
f 1034/341/193 1036/343/190 1035/342/194
f 1035/342/194 1036/343/190 1037/344/190
f 1038/345/195 1040/346/196 1039/347/195
f 1039/347/195 1040/346/196 1041/348/197
f 1040/346/196 1042/349/198 1041/348/197
f 1041/348/197 1042/349/198 1043/350/199
f 1042/349/198 1044/351/195 1043/350/199
f 1043/350/199 1044/351/195 1045/352/195
s 0
f 1044/351/195 1046/353/195 1045/352/195
f 1045/352/195 1046/353/195 1047/354/195
s 1
f 1048/355/200 1050/356/200 1049/345/200
f 1049/345/200 1050/356/200 1051/346/200
f 1050/356/200 1052/357/200 1051/346/200
f 1051/346/200 1052/357/200 1053/349/200
f 1052/357/200 1054/358/201 1053/349/200
f 1053/349/200 1054/358/201 1055/351/200
f 1054/358/201 1056/359/201 1055/351/200
f 1056/359/201 1057/360/200 1055/351/200
f 1055/351/200 1057/360/200 1058/353/200
f 1059/361/202 1061/345/202 1060/362/202
f 1060/362/202 1061/345/202 1062/347/202
f 1063/347/203 1065/348/204 1064/338/203
f 1064/338/203 1065/348/204 1066/340/205
f 1065/348/204 1067/350/206 1066/340/205
f 1066/340/205 1067/350/206 1068/341/207
f 1067/350/206 1069/352/208 1068/341/207
f 1068/341/207 1069/352/208 1070/343/208
f 1070/343/208 1069/352/208 1071/363/208
f 1069/352/208 1072/354/208 1071/363/208
f 1071/363/208 1072/354/208 1073/364/208
f 1074/365/209 1076/366/209 1075/367/209
f 1076/366/209 1077/368/209 1075/367/209
f 1075/367/209 1077/368/209 1078/369/209
f 1077/368/209 1080/370/209 1078/369/209
f 1079/369/209 1081/370/209 1082/368/209
f 1081/370/209 1083/371/209 1082/368/209
f 1077/368/209 1084/371/209 1080/370/209
f 1085/365/209 1087/367/209 1086/366/209
f 1086/366/209 1087/367/209 1082/368/209
f 1082/368/209 1087/367/209 1079/369/209
f 1087/367/209 1089/372/209 1079/369/209
f 1078/369/209 1088/372/209 1075/367/209
f 1075/367/209 1088/372/209 1090/373/209
f 1090/373/209 1088/372/209 1091/374/209
f 1092/374/209 1089/372/209 1093/373/209
f 1089/372/209 1087/367/209 1093/373/209
f 1094/375/210 1095/376/210 1096/377/210
f 1095/376/210 1097/378/210 1096/377/210
f 1098/376/209 1099/375/209 1101/379/209
f 1101/379/209 1099/375/209 1102/380/209
f 1103/380/209 1100/375/209 1104/379/209
f 1100/375/209 1105/376/209 1104/379/209
f 1106/381/208 1108/382/208 1109/383/208
f 1109/383/208 1108/382/208 1111/384/208
f 1110/384/208 1107/382/208 1112/383/208
f 1107/382/208 1113/381/208 1112/383/208
f 1114/385/202 1115/386/202 1117/378/202
f 1117/378/202 1115/386/202 1118/377/202
f 1119/377/202 1116/386/202 1120/378/202
f 1116/386/202 1121/385/202 1120/378/202
f 1122/387/208 1123/388/208 1125/389/208
f 1126/389/208 1124/388/208 1127/387/211
f 1127/387/211 1124/388/208 1128/390/203
f 1128/390/203 1124/388/208 1129/391/212
f 1129/391/212 1124/388/208 1131/392/208
f 1130/392/208 1123/388/208 1132/391/213
f 1132/391/213 1123/388/208 1133/390/208
f 1123/388/208 1122/387/208 1133/390/208
f 1134/393/214 1135/394/215 1136/395/216
f 1135/394/215 1138/396/217 1136/395/216
f 1137/395/216 1139/396/218 1140/394/219
f 1140/394/219 1139/396/218 1141/397/220
f 1141/397/220 1139/396/218 1142/398/221
f 1143/398/221 1138/396/217 1144/397/222
f 1138/396/217 1135/394/215 1144/397/222
f 1140/394/219 1145/393/223 1137/395/216
f 1146/399/224 1148/400/225 1147/401/226
f 1147/401/226 1148/400/225 1149/402/227
f 1148/400/225 1150/403/228 1149/402/227
f 1150/403/228 1151/404/229 1149/402/227
f 1151/404/229 1152/405/230 1149/402/227
f 1149/402/227 1152/405/230 1153/406/231
f 1152/405/230 1154/407/230 1153/406/231
f 1153/406/231 1154/407/230 1155/408/232
f 1147/401/226 1149/402/227 1156/409/233
f 1156/409/233 1149/402/227 1153/406/231
f 1157/410/234 1159/411/234 1158/412/232
f 1158/412/232 1159/411/234 1160/413/235
f 1161/414/234 1163/415/236 1162/416/234
f 1162/416/234 1163/415/236 1164/417/237
f 1164/417/237 1163/415/236 1165/418/238
f 1163/415/236 1166/419/239 1165/418/238
f 1165/418/238 1166/419/239 1167/420/240
f 1166/419/239 1168/421/241 1167/420/240
f 1167/420/240 1168/421/241 1169/422/209
f 1162/416/234 1164/417/237 1171/423/242
f 1171/423/242 1164/417/237 1172/424/243
f 1172/424/243 1164/417/237 1173/425/244
f 1164/417/237 1165/418/238 1173/425/244
f 1173/425/244 1165/418/238 1174/426/245
f 1165/418/238 1167/420/240 1174/426/245
f 1167/420/240 1175/427/246 1174/426/245
f 1174/426/245 1175/427/246 1177/428/247
f 1175/427/246 1179/429/248 1177/428/247
f 1178/429/248 1180/427/249 1176/428/247
f 1176/428/247 1180/427/249 1181/426/250
f 1180/427/249 1182/420/251 1181/426/250
f 1182/420/251 1183/418/252 1181/426/250
f 1181/426/250 1183/418/252 1184/425/253
f 1183/418/252 1185/417/254 1184/425/253
f 1184/425/253 1185/417/254 1186/424/255
f 1185/417/254 1187/423/256 1186/424/255
f 1186/424/255 1187/423/256 1188/430/257
f 1172/424/243 1189/430/258 1171/423/242
f 1180/427/249 1190/431/259 1182/420/251
f 1187/423/256 1185/417/254 1191/416/260
f 1191/416/260 1185/417/254 1192/415/261
f 1185/417/254 1183/418/252 1192/415/261
f 1192/415/261 1183/418/252 1193/419/262
f 1183/418/252 1182/420/251 1193/419/262
f 1193/419/262 1182/420/251 1194/421/263
f 1194/421/263 1182/420/251 1170/422/209
f 1182/420/251 1196/432/264 1170/422/209
f 1169/422/209 1195/432/264 1167/420/240
f 1195/432/264 1197/431/265 1167/420/240
f 1167/420/240 1197/431/265 1175/427/246
f 1198/414/260 1191/416/260 1192/415/261
f 1182/420/251 1190/431/259 1196/432/264
f 1190/431/259 1199/433/266 1196/432/264
f 1195/432/264 1200/433/266 1197/431/265
f 1201/434/267 1203/435/268 1202/436/269
f 1203/435/268 1204/437/270 1202/436/269
f 1202/436/269 1204/437/270 1205/438/271
f 1204/437/270 1206/439/272 1205/438/271
f 1207/440/273 1209/441/274 1211/442/275
f 1210/442/276 1208/441/274 1212/440/277
f 1212/440/277 1208/441/274 1213/443/278
f 1208/441/274 1214/444/279 1213/443/278
f 1214/444/279 1215/445/280 1213/443/278
f 1213/443/278 1215/445/280 1216/446/281
f 1215/445/280 1217/447/282 1216/446/281
f 1216/446/281 1217/447/282 1218/448/283
f 1217/447/282 1219/449/284 1218/448/283
f 1220/450/285 1217/447/282 1221/451/286
f 1221/451/286 1217/447/282 1222/452/287
f 1217/447/282 1215/445/280 1222/452/287
f 1222/452/287 1215/445/280 1223/453/288
f 1223/453/288 1215/445/280 1224/454/289
f 1215/445/280 1214/444/279 1224/454/289
f 1224/454/289 1214/444/279 1225/455/290
f 1214/444/279 1208/441/274 1225/455/290
f 1225/455/290 1208/441/274 1226/456/291
f 1227/456/291 1209/441/274 1228/455/292
f 1209/441/274 1229/444/293 1228/455/292
f 1228/455/292 1229/444/293 1230/454/294
f 1229/444/293 1231/445/295 1230/454/294
f 1230/454/294 1231/445/295 1232/453/296
f 1232/453/296 1231/445/295 1233/452/297
f 1231/445/295 1234/447/298 1233/452/297
f 1233/452/297 1234/447/298 1235/451/299
f 1234/447/298 1236/450/300 1235/451/299
f 1207/440/273 1237/443/301 1209/441/274
f 1209/441/274 1237/443/301 1229/444/293
f 1229/444/293 1237/443/301 1231/445/295
f 1237/443/301 1238/446/302 1231/445/295
f 1231/445/295 1238/446/302 1234/447/298
f 1238/446/302 1239/448/303 1234/447/298
f 1234/447/298 1239/448/303 1240/449/304
f 1241/457/305 1243/458/300 1242/459/306
f 1242/459/306 1243/458/300 1244/460/307
f 1245/461/308 1247/462/306 1246/463/309
f 1246/463/309 1247/462/306 1248/464/310
f 1247/462/306 1249/465/311 1248/464/310
f 1248/464/310 1249/465/311 1250/466/312
f 1249/465/311 1251/467/313 1250/466/312
f 1252/463/314 1253/464/315 1255/468/316
f 1253/464/315 1256/469/202 1255/468/316
f 1254/468/316 1257/469/202 1258/464/317
f 1258/464/317 1257/469/202 1259/470/318
f 1259/470/318 1257/469/202 1260/471/319
f 1261/471/320 1256/469/202 1262/470/321
f 1256/469/202 1253/464/315 1262/470/321
f 1262/470/321 1253/464/315 1263/472/322
f 1253/464/315 1264/466/323 1263/472/322
f 1264/466/323 1265/473/324 1263/472/322
f 1263/472/322 1265/473/324 1267/474/325
f 1268/474/325 1266/473/324 1269/472/326
f 1266/473/324 1270/466/327 1269/472/326
f 1270/466/327 1258/464/317 1269/472/326
f 1269/472/326 1258/464/317 1259/470/318
f 1258/464/317 1271/463/328 1254/468/316
f 1272/475/329 1273/476/330 1274/477/331
f 1274/477/331 1273/476/330 1275/478/332
f 1273/476/330 1276/479/333 1275/478/332
f 1275/478/332 1276/479/333 1277/480/334
f 1278/481/335 1281/482/336 1279/483/337
f 1281/482/336 1283/484/338 1279/483/337
f 1282/484/338 1284/482/339 1280/483/337
f 1280/483/337 1284/482/339 1285/481/340
f 1286/481/341 1288/485/342 1287/482/343
f 1288/485/342 1289/486/330 1287/482/343
f 1289/486/330 1290/487/329 1287/482/343
f 1287/482/343 1290/487/329 1292/484/344
f 1290/487/329 1294/488/345 1292/484/344
f 1293/488/345 1295/487/346 1291/484/347
f 1291/484/347 1295/487/346 1296/482/348
f 1295/487/346 1297/486/349 1296/482/348
f 1297/486/349 1298/485/350 1296/482/348
f 1296/482/348 1298/485/350 1299/481/351
f 1301/489/352 1304/456/353 1302/490/354
f 1304/456/353 1305/455/355 1302/490/354
f 1302/490/354 1305/455/355 1306/491/356
f 1300/489/352 1307/490/357 1303/456/358
f 1303/456/358 1307/490/357 1308/455/359
f 1307/490/357 1309/491/360 1308/455/359
f 1308/455/359 1309/491/360 1310/454/361
f 1309/491/360 1311/492/362 1310/454/361
f 1310/454/361 1311/492/362 1312/453/363
f 1311/492/362 1313/493/364 1312/453/363
f 1312/453/363 1313/493/364 1314/452/365
f 1313/493/364 1315/494/366 1314/452/365
f 1314/452/365 1315/494/366 1316/451/367
f 1305/455/355 1317/454/368 1306/491/356
f 1306/491/356 1317/454/368 1318/492/369
f 1317/454/368 1319/453/370 1318/492/369
f 1318/492/369 1319/453/370 1320/493/371
f 1319/453/370 1321/452/372 1320/493/371
f 1320/493/371 1321/452/372 1322/494/373
f 1321/452/372 1323/451/374 1322/494/373
s 0
f 1324/460/375 1326/495/375 1328/459/375
s 1
f 1325/495/203 1329/496/203 1327/459/203
f 1330/457/200 1331/497/200 1332/458/376
f 1331/497/200 1333/498/377 1332/458/376
f 1334/499/200 1336/463/200 1338/500/200
f 1336/463/200 1339/501/200 1338/500/200
f 1340/502/200 1341/461/200 1342/499/200
f 1341/461/200 1337/463/200 1342/499/200
f 1343/501/200 1335/463/200 1345/503/201
f 1335/463/200 1347/468/201 1345/503/201
f 1346/468/201 1348/463/200 1344/503/201
f 1344/503/201 1348/463/200 1351/501/200
f 1352/501/200 1349/463/200 1353/500/200
f 1353/500/200 1349/463/200 1354/499/200
f 1350/463/200 1356/461/201 1355/499/200
f 1355/499/200 1356/461/201 1357/502/201
f 1358/504/378 1360/467/379 1359/505/380
f 1360/467/379 1361/465/380 1359/505/380
f 1359/505/380 1361/465/380 1362/506/381
f 1361/465/380 1363/462/381 1362/506/381
f 1364/472/382 1365/507/382 1366/470/383
f 1365/507/382 1367/508/384 1366/470/383
f 1368/470/385 1369/508/385 1371/471/386
f 1369/508/385 1373/509/386 1371/471/386
f 1372/509/387 1374/508/388 1370/471/386
f 1370/471/386 1374/508/388 1375/470/389
f 1376/485/390 1378/510/391 1377/486/392
f 1377/486/392 1378/510/391 1379/511/393
f 1380/450/394 1382/512/395 1381/451/396
f 1381/451/396 1382/512/395 1383/494/397
f 1384/507/398 1387/472/398 1385/513/399
f 1387/472/398 1388/474/399 1385/513/399
f 1389/474/400 1390/472/401 1386/513/399
f 1386/513/399 1390/472/401 1391/507/401
f 1392/514/200 1395/515/200 1394/516/200
f 1395/515/200 1397/517/200 1394/516/200
f 1396/517/200 1398/515/200 1393/516/200
f 1393/516/200 1398/515/200 1399/514/201
f 1400/514/402 1402/518/402 1401/515/402
f 1401/515/402 1402/518/402 1403/519/402
f 1404/515/316 1406/519/316 1405/520/316
f 1406/519/316 1407/521/316 1405/520/316
f 1405/520/316 1407/521/316 1410/522/403
f 1409/522/202 1408/521/316 1411/520/202
f 1408/521/316 1412/519/202 1411/520/202
f 1412/519/202 1413/515/202 1411/520/202
f 1411/520/202 1413/515/202 1414/523/202
f 1413/515/202 1415/517/202 1414/523/202
f 1414/523/202 1415/517/202 1418/524/316
f 1417/524/316 1416/517/202 1419/523/316
f 1416/517/202 1404/515/316 1419/523/316
f 1419/523/316 1404/515/316 1405/520/316
f 1420/518/209 1422/514/209 1421/525/209
f 1422/514/209 1423/516/209 1421/525/209
f 1421/525/209 1423/516/209 1425/526/209
f 1426/526/209 1424/516/209 1427/525/404
f 1424/516/209 1428/514/404 1427/525/404
f 1428/514/404 1429/518/404 1427/525/404
f 1427/525/404 1429/518/404 1430/527/404
f 1429/518/404 1432/528/209 1430/527/404
f 1430/527/404 1432/528/209 1434/529/404
f 1433/529/404 1431/528/209 1435/527/209
f 1431/528/209 1420/518/209 1435/527/209
f 1435/527/209 1420/518/209 1421/525/209
f 1436/530/203 1438/531/208 1437/523/203
f 1437/523/203 1438/531/208 1440/524/208
f 1441/524/208 1439/531/208 1442/523/208
f 1439/531/208 1443/530/208 1442/523/208
f 1444/523/405 1445/520/406 1446/530/406
f 1445/520/406 1447/532/405 1446/530/406
f 1448/533/407 1449/534/408 1450/535/406
f 1449/534/408 1451/536/406 1450/535/406
f 1450/535/406 1451/536/406 1452/537/405
f 1451/536/406 1453/538/406 1452/537/405
f 1452/537/405 1453/538/406 1454/539/406
f 1453/538/406 1455/540/405 1454/539/406
f 1454/539/406 1455/540/405 1456/541/406
f 1455/540/405 1457/542/406 1456/541/406
f 1457/542/406 1458/543/406 1456/541/406
f 1456/541/406 1458/543/406 1459/544/408
f 1458/543/406 1460/545/408 1459/544/408
f 1459/544/408 1460/545/408 1461/546/409
f 1462/547/410 1464/548/411 1463/549/412
f 1463/549/412 1464/548/411 1465/550/413
f 1465/550/413 1464/548/411 1466/551/414
f 1464/548/411 1462/547/410 1466/551/414
f 1466/551/414 1462/547/410 1467/552/415
f 1467/552/415 1462/547/410 1468/553/416
f 1462/547/410 1463/549/412 1468/553/416
f 1468/553/416 1463/549/412 1469/554/417
f 1469/554/417 1463/549/412 1470/555/418
f 1463/549/412 1465/550/413 1470/555/418
f 1470/555/418 1465/550/413 1471/556/419
f 1471/556/419 1465/550/413 1472/557/419
f 1465/550/413 1466/551/414 1472/557/419
f 1472/557/419 1466/551/414 1473/558/402
f 1466/551/414 1467/552/415 1473/558/402
f 1473/558/402 1467/552/415 1474/559/402
f 1467/552/415 1475/560/420 1474/559/402
f 1474/559/402 1475/560/420 1476/561/402
f 1475/560/420 1477/562/421 1476/561/402
f 1476/561/402 1477/562/421 1478/563/422
f 1477/562/421 1479/564/423 1478/563/422
f 1478/563/422 1479/564/423 1480/565/424
f 1480/565/424 1479/564/423 1481/566/425
f 1481/566/425 1479/564/423 1482/567/426
f 1482/567/426 1479/564/423 1483/568/427
f 1479/564/423 1477/562/421 1483/568/427
f 1483/568/427 1477/562/421 1484/569/428
f 1477/562/421 1475/560/420 1484/569/428
f 1484/569/428 1475/560/420 1468/553/416
f 1475/560/420 1467/552/415 1468/553/416
f 1468/553/416 1469/554/417 1484/569/428
f 1469/554/417 1485/570/429 1484/569/428
f 1484/569/428 1485/570/429 1483/568/427
f 1471/556/419 1486/571/422 1470/555/418
f 1470/555/418 1486/571/422 1487/572/429
f 1486/571/422 1488/573/402 1487/572/429
f 1487/572/429 1488/573/402 1489/574/429
f 1488/573/402 1490/575/402 1489/574/429
f 1489/574/429 1490/575/402 1491/576/430
f 1490/575/402 1492/577/402 1491/576/430
f 1491/576/430 1492/577/402 1493/578/431
f 1492/577/402 1494/579/422 1493/578/431
f 1493/578/431 1494/579/422 1481/566/425
f 1481/566/425 1494/579/422 1480/565/424
f 1494/579/422 1495/580/432 1480/565/424
f 1480/565/424 1495/580/432 1496/581/433
f 1470/555/418 1487/572/429 1469/554/417
f 1469/554/417 1487/572/429 1485/570/429
f 1487/572/429 1489/574/429 1485/570/429
f 1493/578/431 1481/566/425 1497/582/434
f 1481/566/425 1482/567/426 1497/582/434
f 1497/582/434 1482/567/426 1498/583/435
f 1482/567/426 1483/568/427 1498/583/435
f 1483/568/427 1485/570/429 1498/583/435
f 1485/570/429 1489/574/429 1498/583/435
f 1489/574/429 1491/576/430 1498/583/435
f 1498/583/435 1491/576/430 1499/584/436
f 1491/576/430 1493/578/431 1499/584/436
f 1493/578/431 1497/582/434 1499/584/436
f 1499/584/436 1497/582/434 1498/583/435
f 1500/585/437 1503/557/437 1501/586/438
f 1503/557/437 1504/558/438 1501/586/438
f 1501/586/438 1504/558/438 1505/587/439
f 1504/558/438 1506/559/440 1505/587/439
f 1505/587/439 1506/559/440 1507/588/441
f 1506/559/440 1508/561/441 1507/588/441
f 1507/588/441 1508/561/441 1509/589/442
f 1508/561/441 1510/563/442 1509/589/442
f 1509/589/442 1510/563/442 1511/590/443
f 1510/563/442 1512/565/443 1511/590/443
f 1512/565/443 1513/581/444 1511/590/443
f 1511/590/443 1513/581/444 1514/591/444
f 1502/557/445 1516/592/445 1515/556/446
f 1515/556/446 1516/592/445 1517/593/447
f 1518/556/448 1520/594/448 1519/571/448
f 1519/571/448 1520/594/448 1521/595/448
f 1522/571/203 1524/596/203 1523/573/203
f 1524/596/203 1525/597/203 1523/573/203
f 1523/573/203 1525/597/203 1526/575/208
f 1525/597/203 1527/598/208 1526/575/208
f 1526/575/208 1527/598/208 1528/577/208
f 1527/598/208 1529/599/208 1528/577/208
f 1530/580/449 1531/600/450 1532/581/449
f 1531/600/450 1533/601/450 1532/581/449
f 1534/577/451 1535/602/451 1536/579/452
f 1535/602/451 1537/603/451 1536/579/452
f 1537/603/451 1538/604/451 1536/579/452
f 1536/579/452 1538/604/451 1539/580/451
f 1540/605/453 1542/606/454 1541/607/455
f 1541/607/455 1542/606/454 1543/608/456
f 1542/606/454 1544/609/457 1543/608/456
f 1544/609/457 1545/610/458 1543/608/456
f 1545/610/458 1546/611/459 1543/608/456
f 1543/608/456 1546/611/459 1541/607/455
f 1540/605/453 1547/612/460 1542/606/454
f 1547/612/460 1548/613/461 1542/606/454
f 1542/606/454 1548/613/461 1549/614/462
f 1548/613/461 1550/615/463 1549/614/462
f 1550/615/463 1544/609/457 1549/614/462
f 1549/614/462 1544/609/457 1542/606/454
f 1548/613/461 1553/616/464 1550/615/463
f 1552/616/464 1554/613/465 1551/615/463
f 1551/615/463 1554/613/465 1555/614/466
f 1555/614/466 1554/613/465 1556/606/467
f 1554/613/465 1557/612/468 1556/606/467
f 1557/612/468 1558/605/469 1556/606/467
f 1558/605/469 1559/607/470 1556/606/467
f 1556/606/467 1559/607/470 1560/608/471
f 1560/608/471 1559/607/470 1561/611/472
f 1559/607/470 1562/617/473 1561/611/472
f 1561/611/472 1562/617/473 1563/618/474
f 1562/617/473 1564/619/475 1563/618/474
f 1563/618/474 1564/619/475 1565/620/476
f 1564/619/475 1566/621/477 1565/620/476
f 1565/620/476 1567/622/478 1563/618/474
f 1567/622/478 1568/623/479 1563/618/474
f 1563/618/474 1568/623/479 1561/611/472
f 1568/623/479 1569/610/480 1561/611/472
f 1561/611/472 1569/610/480 1560/608/471
f 1569/610/480 1570/609/481 1560/608/471
f 1560/608/471 1570/609/481 1556/606/467
f 1556/606/467 1570/609/481 1555/614/466
f 1555/614/466 1570/609/481 1551/615/463
f 1570/609/481 1571/624/482 1551/615/463
f 1550/615/463 1572/624/482 1544/609/457
f 1572/624/482 1574/625/483 1544/609/457
f 1544/609/457 1574/625/483 1545/610/458
f 1545/610/458 1574/625/483 1575/626/484
f 1573/625/483 1569/610/480 1576/626/484
f 1569/610/480 1568/623/479 1576/626/484
f 1576/626/484 1568/623/479 1578/627/485
f 1568/623/479 1567/622/478 1578/627/485
f 1571/624/482 1570/609/481 1573/625/483
f 1570/609/481 1569/610/480 1573/625/483
f 1577/627/485 1579/623/486 1575/626/484
f 1575/626/484 1579/623/486 1545/610/458
f 1545/610/458 1579/623/486 1546/611/459
f 1579/623/486 1580/618/487 1546/611/459
f 1546/611/459 1580/618/487 1581/617/488
f 1581/617/488 1580/618/487 1582/619/489
f 1580/618/487 1583/620/490 1582/619/489
f 1582/619/489 1583/620/490 1584/621/491
f 1577/627/485 1585/622/492 1579/623/486
f 1579/623/486 1585/622/492 1580/618/487
f 1585/622/492 1583/620/490 1580/618/487
f 1546/611/459 1581/617/488 1541/607/455
f 1586/607/493 1588/617/494 1587/605/495
f 1587/605/495 1588/617/494 1589/628/496
f 1588/617/494 1590/619/497 1589/628/496
f 1589/628/496 1590/619/497 1591/629/498
f 1590/619/497 1592/621/499 1591/629/498
f 1591/629/498 1592/621/499 1593/630/499
f 1594/438/271 1596/439/500 1595/631/501
f 1595/631/501 1596/439/500 1597/632/502
f 1598/633/200 1600/634/200 1599/635/200
f 1599/635/200 1600/634/200 1601/636/200
s 0
f 1602/631/190 1605/632/190 1603/637/190
f 1604/637/190 1606/632/190 1607/638/190
s 1
f 1608/639/208 1610/640/208 1609/641/208
f 1609/641/208 1610/640/208 1611/642/208
f 1610/640/208 1612/643/208 1611/642/208
f 1611/642/208 1612/643/208 1613/644/208
s 0
f 1614/645/195 1617/646/195 1615/647/195
f 1616/647/195 1618/646/195 1619/648/195
s 1
f 1620/487/503 1623/635/504 1622/488/505
f 1622/488/505 1623/635/504 1624/636/506
f 1625/487/507 1621/488/505 1626/635/508
f 1626/635/508 1621/488/505 1627/636/509
f 1628/477/331 1630/637/510 1629/475/511
f 1629/475/511 1630/637/510 1631/638/512
f 1632/443/301 1634/440/513 1633/639/510
f 1633/639/510 1634/440/513 1635/640/514
f 1635/640/514 1634/440/513 1636/643/515
f 1634/440/513 1638/442/516 1636/643/515
f 1637/442/516 1639/440/277 1640/643/517
f 1640/643/517 1639/440/277 1641/640/518
f 1641/640/518 1639/440/277 1642/639/519
f 1639/440/277 1643/443/278 1642/639/519
f 1644/648/520 1646/649/516 1647/647/521
f 1647/647/521 1646/649/516 1649/650/505
f 1648/650/505 1645/649/522 1650/647/523
f 1645/649/522 1651/648/524 1650/647/523
f 1652/651/525 1653/652/526 1654/653/527
f 1653/652/526 1655/654/528 1654/653/527
f 1656/655/526 1657/656/529 1658/657/530
f 1658/657/530 1657/656/529 1659/658/531
f 1657/656/529 1660/659/532 1659/658/531
f 1659/658/531 1660/659/532 1661/660/533
f 1660/659/532 1662/661/203 1661/660/533
f 1661/660/533 1662/661/203 1663/662/203
f 1664/663/534 1666/664/535 1665/665/531
f 1665/665/531 1666/664/535 1667/666/536
f 1668/667/537 1670/668/538 1669/669/539
f 1669/669/539 1670/668/538 1671/670/540
f 1672/653/541 1674/671/542 1673/651/543
f 1673/651/543 1674/671/542 1675/672/544
f 1674/671/542 1676/673/195 1675/672/544
f 1675/672/544 1676/673/195 1677/674/195
f 1678/665/545 1680/675/546 1679/663/547
f 1679/663/547 1680/675/546 1681/676/548
f 1680/675/546 1682/677/190 1681/676/548
f 1681/676/548 1682/677/190 1683/678/190
f 1684/669/549 1686/679/550 1685/667/551
f 1685/667/551 1686/679/550 1687/680/552
f 1686/679/550 1688/681/200 1687/680/552
f 1687/680/552 1688/681/200 1689/682/200
s 0
f 1690/683/190 1693/684/190 1691/685/190
f 1692/685/190 1694/684/190 1695/686/190
s 1
f 1696/687/200 1698/688/200 1697/689/200
f 1697/689/200 1698/688/200 1699/690/200
s 0
f 1700/691/195 1702/692/195 1701/693/195
f 1701/693/195 1702/692/195 1703/694/195
s 1
f 1704/695/208 1706/696/208 1705/668/208
f 1705/668/208 1706/696/208 1707/670/208
f 1708/692/553 1710/691/554 1709/677/555
f 1709/677/555 1710/691/554 1711/678/556
f 1712/688/557 1714/687/558 1713/661/559
f 1713/661/559 1714/687/558 1715/662/555
f 1716/684/560 1718/683/561 1717/673/562
f 1717/673/562 1718/683/561 1719/674/563
f 1720/697/564 1722/698/565 1721/681/559
f 1721/681/559 1722/698/565 1723/682/566
f 1724/699/567 1726/700/504 1725/701/568
f 1725/701/568 1726/700/504 1727/702/569
f 1728/703/570 1730/704/571 1729/705/572
f 1729/705/572 1730/704/571 1731/706/573
f 1732/707/574 1734/708/575 1733/709/576
f 1733/709/576 1734/708/575 1735/710/512
f 1736/711/577 1738/712/570 1737/713/578
f 1737/713/578 1738/712/570 1739/714/579
f 1740/715/580 1742/716/581 1741/717/582
f 1741/717/582 1742/716/581 1743/718/575
f 1744/719/583 1746/720/577 1745/721/584
f 1745/721/584 1746/720/577 1747/722/578
f 1748/723/585 1750/724/586 1749/725/587
f 1749/725/587 1750/724/586 1751/726/581
f 1752/727/588 1754/728/589 1753/729/573
f 1753/729/573 1754/728/589 1755/730/584
f 1756/705/200 1758/706/200 1757/700/200
f 1757/700/200 1758/706/200 1759/702/200
s 0
f 1760/713/190 1763/714/190 1761/708/190
f 1762/708/190 1764/714/190 1765/710/190
s 1
f 1766/721/208 1768/722/208 1767/716/208
f 1767/716/208 1768/722/208 1769/718/208
s 0
f 1770/729/195 1774/730/195 1772/724/195
f 1771/724/195 1773/730/195 1775/726/195
s 1
f 1776/731/590 1778/732/591 1777/733/592
f 1777/733/592 1778/732/591 1779/734/593
f 1779/734/593 1778/732/591 1780/735/594
f 1778/732/591 1781/736/595 1780/735/594
f 1781/736/595 1782/737/596 1780/735/594
f 1780/735/594 1782/737/596 1783/738/597
f 1782/737/596 1784/739/598 1783/738/597
f 1783/738/597 1784/739/598 1785/740/599
f 1784/739/598 1786/741/600 1785/740/599
f 1785/740/599 1786/741/600 1787/742/601
f 1786/741/600 1788/743/602 1787/742/601
f 1787/742/601 1788/743/602 1789/744/603
f 1788/743/602 1790/745/604 1789/744/603
f 1789/744/603 1790/745/604 1791/746/605
f 1790/745/604 1792/747/606 1791/746/605
f 1791/746/605 1792/747/606 1793/748/607
f 1792/747/606 1794/749/608 1793/748/607
f 1794/749/608 1795/750/609 1793/748/607
f 1793/748/607 1795/750/609 1796/751/610
f 1795/750/609 1797/752/611 1796/751/610
f 1796/751/610 1797/752/611 1798/753/612
f 1797/752/611 1799/754/613 1798/753/612
f 1798/753/612 1799/754/613 1800/755/614
f 1799/754/613 1801/756/615 1800/755/614
f 1800/755/614 1801/756/615 1802/757/616
f 1801/756/615 1803/758/617 1802/757/616
f 1776/731/590 1804/759/618 1778/732/591
f 1804/759/618 1781/736/595 1778/732/591
f 1802/757/616 1805/760/619 1800/755/614
f 1805/760/619 1806/761/620 1800/755/614
f 1800/755/614 1806/761/620 1798/753/612
f 1806/761/620 1807/762/621 1798/753/612
f 1798/753/612 1807/762/621 1796/751/610
f 1807/762/621 1808/763/622 1796/751/610
f 1796/751/610 1808/763/622 1793/748/607
f 1793/748/607 1808/763/622 1791/746/605
f 1808/763/622 1809/764/623 1791/746/605
f 1791/746/605 1809/764/623 1789/744/603
f 1805/760/619 1810/765/624 1806/761/620
f 1806/761/620 1810/765/624 1811/766/625
f 1810/765/624 1812/767/626 1811/766/625
f 1811/766/625 1812/767/626 1813/768/627
f 1812/767/626 1814/769/628 1813/768/627
f 1806/761/620 1811/766/625 1807/762/621
f 1811/766/625 1815/770/629 1807/762/621
f 1807/762/621 1815/770/629 1808/763/622
f 1808/763/622 1815/770/629 1809/764/623
f 1815/770/629 1816/771/630 1809/764/623
f 1816/771/630 1817/772/631 1809/764/623
f 1809/764/623 1817/772/631 1789/744/603
f 1789/744/603 1817/772/631 1787/742/601
f 1817/772/631 1818/773/632 1787/742/601
f 1787/742/601 1818/773/632 1785/740/599
f 1811/766/625 1813/768/627 1815/770/629
f 1815/770/629 1813/768/627 1816/771/630
f 1813/768/627 1819/774/633 1816/771/630
f 1816/771/630 1819/774/633 1820/775/634
f 1819/774/633 1821/776/635 1820/775/634
f 1821/776/635 1822/777/636 1820/775/634
f 1820/775/634 1822/777/636 1818/773/632
f 1822/777/636 1823/778/637 1818/773/632
f 1818/773/632 1823/778/637 1785/740/599
f 1785/740/599 1823/778/637 1783/738/597
f 1823/778/637 1824/779/638 1783/738/597
f 1783/738/597 1824/779/638 1780/735/594
f 1780/735/594 1824/779/638 1779/734/593
f 1824/779/638 1825/780/639 1779/734/593
f 1825/780/639 1826/781/640 1779/734/593
f 1779/734/593 1826/781/640 1777/733/592
f 1818/773/632 1817/772/631 1820/775/634
f 1820/775/634 1817/772/631 1816/771/630
f 1813/768/627 1814/769/628 1819/774/633
f 1814/769/628 1827/782/641 1819/774/633
f 1819/774/633 1827/782/641 1821/776/635
f 1827/782/641 1828/783/642 1821/776/635
f 1821/776/635 1828/783/642 1829/784/643
f 1828/783/642 1830/785/644 1829/784/643
f 1829/784/643 1830/785/644 1831/786/645
f 1830/785/644 1832/787/646 1831/786/645
f 1832/787/646 1833/788/647 1831/786/645
f 1831/786/645 1833/788/647 1825/780/639
f 1833/788/647 1826/781/640 1825/780/639
f 1821/776/635 1829/784/643 1822/777/636
f 1829/784/643 1834/789/648 1822/777/636
f 1822/777/636 1834/789/648 1823/778/637
f 1823/778/637 1834/789/648 1824/779/638
f 1824/779/638 1834/789/648 1825/780/639
f 1825/780/639 1834/789/648 1831/786/645
f 1834/789/648 1829/784/643 1831/786/645
f 1836/790/649 1837/791/650 1838/792/651
f 1838/792/651 1837/791/650 1839/793/652
f 1837/791/650 1840/794/653 1839/793/652
f 1839/793/652 1840/794/653 1841/795/654
f 1840/794/653 1842/796/655 1841/795/654
f 1842/796/655 1843/797/656 1841/795/654
f 1843/797/656 1844/798/657 1841/795/654
f 1841/795/654 1844/798/657 1839/793/652
f 1842/796/655 1840/794/653 1845/799/658
f 1840/794/653 1837/791/650 1845/799/658
f 1845/799/658 1837/791/650 1846/800/659
f 1837/791/650 1847/801/660 1846/800/659
f 1846/800/659 1847/801/660 1848/802/661
f 1836/790/649 1847/801/660 1837/791/650
f 1849/803/662 1850/804/663 1851/805/664
f 1850/804/663 1852/806/665 1851/805/664
f 1851/805/664 1852/806/665 1853/807/666
f 1852/806/665 1854/808/661 1853/807/666
f 1854/808/661 1855/809/660 1853/807/666
f 1855/809/660 1835/790/667 1853/807/666
f 1835/790/667 1856/810/668 1853/807/666
f 1853/807/666 1856/810/668 1851/805/664
f 1858/811/669 1857/810/670 1859/812/671
f 1857/810/670 1860/813/672 1859/812/671
f 1860/813/672 1861/814/673 1859/812/671
f 1859/812/671 1861/814/673 1862/815/674
f 1861/814/673 1863/816/675 1862/815/674
f 1862/815/674 1863/816/675 1864/817/676
f 1863/816/675 1865/818/677 1864/817/676
f 1858/811/669 1859/812/671 1866/819/678
f 1866/819/678 1859/812/671 1867/820/679
f 1859/812/671 1862/815/674 1867/820/679
f 1867/820/679 1862/815/674 1864/817/676
f 1868/821/202 1870/822/202 1869/793/202
f 1869/793/202 1870/822/202 1871/823/316
f 1869/793/202 1872/824/202 1868/821/202
f 1868/821/202 1872/824/202 1873/825/202
f 1872/824/202 1874/826/202 1873/825/202
f 1873/825/202 1874/826/202 1875/827/202
f 1875/827/202 1874/826/202 1876/828/316
f 1874/826/202 1877/829/202 1876/828/316
f 1877/829/202 1878/830/202 1876/828/316
f 1876/828/316 1878/830/202 1879/831/202
f 1878/830/202 1880/814/202 1879/831/202
f 1879/831/202 1880/814/202 1881/832/202
f 1881/832/202 1880/814/202 1871/823/316
f 1880/814/202 1869/793/202 1871/823/316
f 1882/793/203 1883/814/203 1884/792/203
f 1883/814/203 1885/813/203 1884/792/203
f 1885/813/203 1886/810/203 1884/792/203
f 1884/792/203 1886/810/203 1887/790/203
f 1888/833/656 1890/834/680 1889/824/681
f 1889/824/681 1890/834/680 1891/826/682
f 1890/834/680 1892/835/683 1891/826/682
f 1892/835/683 1893/836/684 1891/826/682
f 1891/826/682 1893/836/684 1894/829/685
f 1894/829/685 1893/836/684 1895/830/686
f 1893/836/684 1896/837/687 1895/830/686
f 1895/830/686 1896/837/687 1897/838/677
f 1898/821/688 1900/839/316 1899/822/689
f 1899/822/689 1900/839/316 1901/823/690
f 1901/823/690 1900/839/316 1902/832/691
f 1902/832/691 1900/839/316 1903/831/692
f 1903/831/692 1900/839/316 1904/828/693
f 1904/828/693 1900/839/316 1905/827/694
f 1905/827/694 1900/839/316 1906/825/695
f 1900/839/316 1898/821/688 1906/825/695
f 1907/840/696 1908/841/697 1909/842/698
f 1908/841/697 1910/843/699 1909/842/698
f 1909/842/698 1910/843/699 1911/844/700
f 1910/843/699 1912/845/701 1911/844/700
f 1912/845/701 1913/846/702 1911/844/700
f 1911/844/700 1913/846/702 1914/847/703
f 1913/846/702 1915/848/704 1914/847/703
f 1914/847/703 1915/848/704 1916/849/705
f 1915/848/704 1917/850/706 1916/849/705
f 1916/849/705 1917/850/706 1918/851/707
f 1918/851/707 1917/850/706 1919/852/708
f 1917/850/706 1920/853/709 1919/852/708
f 1919/852/708 1920/853/709 1921/854/710
f 1920/853/709 1922/855/711 1921/854/710
f 1921/854/710 1922/855/711 1923/856/712
f 1922/855/711 1924/857/713 1923/856/712
f 1924/857/713 1925/858/714 1923/856/712
f 1923/856/712 1925/858/714 1926/859/715
f 1925/858/714 1927/860/716 1926/859/715
f 1927/860/716 1928/861/717 1926/859/715
f 1926/859/715 1928/861/717 1929/862/718
f 1922/855/711 1930/863/195 1924/857/713
f 1931/864/719 1932/841/720 1933/865/719
f 1933/865/719 1932/841/720 1934/866/721
f 1932/841/720 1935/840/722 1934/866/721
f 1936/867/723 1937/868/724 1938/869/725
f 1938/869/725 1937/868/724 1939/870/726
f 1937/868/724 1940/871/727 1939/870/726
f 1939/870/726 1940/871/727 1941/872/728
f 1940/871/727 1942/873/729 1941/872/728
f 1941/872/728 1942/873/729 1943/874/730
f 1942/873/729 1944/875/731 1943/874/730
f 1943/874/730 1944/875/731 1945/876/732
f 1944/875/731 1947/877/733 1945/876/732
f 1948/875/734 1950/878/735 1946/877/733
f 1946/877/733 1950/878/735 1952/879/736
f 1951/879/736 1949/878/735 1954/877/737
f 1949/878/735 1955/875/738 1954/877/737
f 1953/877/739 1956/875/485 1957/876/740
f 1957/876/740 1956/875/485 1958/874/741
f 1956/875/485 1959/873/742 1958/874/741
f 1958/874/741 1959/873/742 1960/872/743
f 1959/873/742 1961/871/744 1960/872/743
f 1960/872/743 1961/871/744 1962/870/745
f 1961/871/744 1963/868/746 1962/870/745
f 1962/870/745 1963/868/746 1964/869/747
f 1963/868/746 1965/867/748 1964/869/747
f 1966/880/749 1967/881/750 1968/867/751
f 1967/881/750 1969/882/752 1968/867/751
f 1969/882/752 1970/883/753 1968/867/751
f 1968/867/751 1970/883/753 1971/868/753
f 1970/883/753 1972/884/754 1971/868/753
f 1971/868/753 1972/884/754 1973/871/754
f 1972/884/754 1974/885/755 1973/871/754
f 1973/871/754 1974/885/755 1975/873/756
f 1975/873/756 1974/885/755 1976/886/757
f 1976/886/757 1974/885/755 1977/887/758
f 1977/887/758 1974/885/755 1978/888/759
f 1974/885/755 1979/889/760 1978/888/759
f 1978/888/759 1979/889/760 1981/890/761
f 1981/890/761 1979/889/760 1982/891/762
f 1979/889/760 1983/875/763 1982/891/762
f 1982/891/762 1983/875/763 1984/892/761
f 1984/892/761 1983/875/763 1985/893/764
f 1983/875/763 1975/873/756 1985/893/764
f 1985/893/764 1975/873/756 1986/894/765
f 1975/873/756 1976/886/757 1986/894/765
f 1987/875/760 1980/889/766 1989/878/767
f 1980/889/766 1991/895/768 1989/878/767
f 1990/895/768 1993/889/769 1988/878/767
f 1988/878/767 1993/889/769 1994/875/770
f 1995/888/771 1996/890/772 1992/889/773
f 1996/890/772 1997/891/774 1992/889/773
f 1992/889/773 1997/891/774 1998/875/770
f 1997/891/774 1999/892/772 1998/875/770
f 1999/892/772 2000/893/775 1998/875/770
f 1998/875/770 2000/893/775 2001/873/776
f 2000/893/775 2002/894/777 2001/873/776
f 2002/894/777 2003/886/778 2001/873/776
f 2001/873/776 2003/886/778 2004/885/779
f 2003/886/778 2005/887/780 2004/885/779
f 2005/887/780 1995/888/771 2004/885/779
f 2004/885/779 1995/888/771 1992/889/773
f 2001/873/776 2004/885/779 2006/871/781
f 2004/885/779 2007/884/781 2006/871/781
f 2006/871/781 2007/884/781 2008/868/782
f 2007/884/781 2009/883/782 2008/868/782
f 2008/868/782 2009/883/782 2010/867/783
f 2009/883/782 2011/882/784 2010/867/783
f 2011/882/784 2012/881/785 2010/867/783
f 2010/867/783 2012/881/785 2013/880/786
f 2014/896/787 2016/897/788 2015/898/789
f 2015/898/789 2016/897/788 2017/899/790
f 2016/897/788 2018/900/791 2017/899/790
f 2018/900/791 2019/901/792 2017/899/790
f 2017/899/790 2019/901/792 2020/902/793
f 2020/902/793 2019/901/792 2014/896/787
f 2019/901/792 2021/903/794 2014/896/787
f 2014/896/787 2021/903/794 2016/897/788
f 2021/903/794 2022/904/795 2016/897/788
f 2016/897/788 2022/904/795 2023/905/795
f 2022/904/795 2024/906/796 2023/905/795
f 2023/905/795 2024/906/796 2025/907/797
f 2026/908/798 2028/909/799 2027/910/800
f 2027/910/800 2028/909/799 2029/911/801
f 2030/912/802 2032/900/803 2031/913/804
f 2032/900/803 2033/897/805 2031/913/804
f 2031/913/804 2033/897/805 2034/914/806
f 2033/897/805 2035/905/806 2034/914/806
f 2036/915/807 2037/916/808 2038/917/807
f 2037/916/808 2039/918/809 2038/917/807
f 2040/919/810 2041/920/811 2042/921/812
f 2041/920/811 2043/922/811 2042/921/812
f 2044/900/813 2045/923/813 2046/901/814
f 2045/923/813 2047/924/815 2046/901/814
f 2048/901/816 2049/925/816 2050/903/817
f 2049/925/816 2051/926/817 2050/903/817
f 2050/903/817 2051/926/817 2052/904/818
f 2051/926/817 2053/927/818 2052/904/818
f 2054/928/819 2055/929/820 2056/930/819
f 2055/929/820 2057/931/819 2056/930/819
f 2058/932/821 2059/909/822 2060/933/823
f 2059/909/822 2061/908/823 2060/933/823
f 2062/934/824 2063/916/825 2064/935/826
f 2063/916/825 2065/915/827 2064/935/826
f 2066/936/828 2067/920/829 2068/937/824
f 2067/920/829 2069/919/830 2068/937/824
f 2070/938/823 2071/929/823 2072/939/829
f 2071/929/823 2073/928/829 2072/939/829
f 2074/940/801 2075/932/799 2076/941/800
f 2075/932/799 2077/933/800 2076/941/800
f 2078/942/831 2079/934/831 2080/943/832
f 2079/934/831 2081/935/833 2080/943/832
f 2082/944/811 2083/936/811 2084/945/812
f 2083/936/811 2085/937/810 2084/945/812
f 2086/946/819 2087/938/819 2088/947/819
f 2087/938/819 2089/939/819 2088/947/819
f 2090/948/200 2091/949/200 2092/950/200
f 2092/950/200 2091/949/200 2093/951/200
f 2093/951/200 2091/949/200 2094/952/200
f 2091/949/200 2095/953/200 2094/952/200
f 2095/953/200 2096/954/200 2094/952/200
f 2094/952/200 2096/954/200 2097/955/200
f 2098/956/208 2100/957/208 2099/958/208
f 2099/958/208 2100/957/208 2101/959/208
f 2101/959/208 2100/957/208 2102/960/208
f 2100/957/208 2103/961/208 2102/960/208
f 2103/961/208 2104/962/208 2102/960/208
f 2102/960/208 2104/962/208 2105/963/208
f 2106/963/209 2108/962/209 2107/964/209
f 2107/964/209 2108/962/209 2109/965/209
f 2110/951/190 2112/952/834 2111/960/190
f 2111/960/190 2112/952/834 2113/959/834
f 2112/952/834 2114/966/835 2113/959/834
f 2113/959/834 2114/966/835 2115/958/835
f 2116/956/202 2118/958/202 2117/967/202
f 2117/967/202 2118/958/202 2119/966/202
f 2120/968/195 2122/969/836 2121/957/195
f 2121/957/195 2122/969/836 2123/961/836
f 2122/969/836 2124/965/837 2123/961/836
f 2123/961/836 2124/965/837 2125/962/838
s 0
f 2126/964/839 2129/951/839 2127/963/839
f 2128/963/839 2130/951/839 2131/960/839
s 1
f 2132/967/840 2134/968/840 2133/956/840
f 2133/956/840 2134/968/840 2135/957/840
s 0
f 2136/970/190 2138/971/190 2137/972/190
f 2137/972/190 2138/971/190 2139/973/190
f 2140/974/195 2142/975/195 2141/976/195
f 2141/976/195 2142/975/195 2143/977/195
s 1
f 2144/978/200 2146/974/200 2145/979/200
f 2145/979/200 2146/974/200 2147/976/200
f 2148/971/404 2150/980/404 2149/973/404
f 2149/973/404 2150/980/404 2151/981/404
f 2152/970/203 2154/977/203 2153/971/203
f 2153/971/203 2154/977/203 2155/975/203
f 2156/982/202 2158/976/202 2157/983/202
f 2157/983/202 2158/976/202 2159/977/202
f 2160/984/190 2162/985/841 2161/986/190
f 2161/986/190 2162/985/841 2163/987/841
f 2162/985/841 2164/988/842 2163/987/841
f 2163/987/841 2164/988/842 2165/989/842
f 2166/990/200 2168/991/200 2167/992/843
f 2168/991/200 2169/993/844 2167/992/843
f 2169/993/844 2170/989/845 2167/992/843
f 2167/992/843 2170/989/845 2171/988/846
f 2172/994/202 2174/995/202 2173/996/202
f 2174/995/202 2175/997/202 2173/996/202
f 2175/997/202 2176/998/202 2173/996/202
f 2173/996/202 2176/998/202 2177/999/202
f 2176/998/202 2178/1000/202 2177/999/202
f 2177/999/202 2178/1000/202 2179/1001/202
f 2178/1000/202 2180/1002/202 2179/1001/202
f 2179/1001/202 2180/1002/202 2181/1003/202
s 0
f 2182/1004/195 2184/1005/195 2183/1006/195
f 2183/1006/195 2184/1005/195 2185/1003/195
s 1
f 2186/1005/404 2188/990/404 2187/1007/404
f 2188/990/404 2189/992/404 2187/1007/404
f 2189/992/404 2190/988/209 2187/1007/404
f 2187/1007/404 2190/988/209 2191/1008/209
f 2190/988/209 2192/985/209 2191/1008/209
f 2191/1008/209 2192/985/209 2193/1009/209
f 2192/985/209 2194/984/209 2193/1009/209
f 2193/1009/209 2194/984/209 2195/1010/209
f 2196/1011/208 2198/994/208 2197/1012/208
f 2197/1012/208 2198/994/208 2199/1010/208
f 2200/1005/208 2202/1007/847 2201/1003/208
f 2201/1003/208 2202/1007/847 2203/1001/847
f 2202/1007/847 2204/1008/848 2203/1001/847
f 2203/1001/847 2204/1008/848 2205/999/848
f 2206/1010/195 2208/994/195 2207/1009/849
f 2208/994/195 2209/996/849 2207/1009/849
f 2209/996/849 2210/999/850 2207/1009/849
f 2207/1009/849 2210/999/850 2211/1008/851
f 2212/1013/190 2214/1014/852 2213/1015/190
f 2213/1015/190 2214/1014/852 2215/1016/852
f 2214/1014/852 2216/1017/853 2215/1016/852
f 2215/1016/852 2216/1017/853 2217/1018/854
f 2218/1019/200 2220/1020/200 2219/1021/843
f 2220/1020/200 2221/1022/844 2219/1021/843
f 2221/1022/844 2222/1018/845 2219/1021/843
f 2219/1021/843 2222/1018/845 2223/1017/846
f 2224/1023/202 2226/1015/202 2225/1024/202
f 2226/1015/202 2227/1016/202 2225/1024/202
f 2227/1016/202 2228/1018/202 2225/1024/202
f 2225/1024/202 2228/1018/202 2229/1025/202
f 2228/1018/202 2230/1022/202 2229/1025/202
f 2229/1025/202 2230/1022/202 2231/1026/202
f 2230/1022/202 2232/1020/202 2231/1026/202
f 2231/1026/202 2232/1020/202 2233/1027/202
s 0
f 2234/1028/195 2236/1029/195 2235/1030/195
f 2235/1030/195 2236/1029/195 2237/1027/195
s 1
f 2238/1029/209 2240/1031/209 2239/1032/209
f 2240/1031/209 2241/1033/209 2239/1032/209
f 2241/1033/209 2242/1034/209 2239/1032/209
f 2239/1032/209 2242/1034/209 2243/1035/209
f 2242/1034/209 2244/1036/209 2243/1035/209
f 2243/1035/209 2244/1036/209 2245/1037/209
f 2244/1036/209 2246/1038/209 2245/1037/209
f 2245/1037/209 2246/1038/209 2247/1039/209
f 2248/1040/208 2250/1023/208 2249/1041/208
f 2249/1041/208 2250/1023/208 2251/1039/208
f 2252/1029/208 2254/1032/855 2253/1027/208
f 2253/1027/208 2254/1032/855 2255/1026/855
f 2254/1032/855 2256/1035/856 2255/1026/855
f 2255/1026/855 2256/1035/856 2257/1025/848
f 2258/1039/195 2260/1023/195 2259/1037/849
f 2260/1023/195 2261/1024/849 2259/1037/849
f 2261/1024/849 2262/1025/850 2259/1037/849
f 2259/1037/849 2262/1025/850 2263/1035/850
f 2264/1042/208 2266/1043/208 2265/1044/208
f 2265/1044/208 2266/1043/208 2267/1045/208
f 2268/1045/857 2270/1043/857 2269/1046/858
f 2270/1043/857 2271/1047/859 2269/1046/858
f 2269/1046/858 2271/1047/859 2272/1048/190
f 2271/1047/859 2273/1049/190 2272/1048/190
f 2274/1050/860 2275/1051/861 2276/1047/860
f 2276/1047/860 2275/1051/861 2277/1049/861
f 2277/1049/861 2275/1051/861 2278/1048/862
f 2275/1051/861 2279/1052/862 2278/1048/862
f 2279/1052/862 2280/1053/863 2278/1048/862
f 2278/1048/862 2280/1053/863 2281/1046/863
s 0
f 2282/1054/195 2284/1055/195 2283/1056/195
f 2284/1055/195 2285/1057/195 2283/1056/195
f 2283/1056/195 2285/1057/195 2286/1058/195
f 2285/1057/195 2287/1059/195 2286/1058/195
s 1
f 2288/1046/864 2289/1057/864 2290/1045/864
f 2289/1057/864 2291/1055/864 2290/1045/864
f 2292/1060/865 2293/1047/865 2294/1061/865
f 2293/1047/865 2295/1043/866 2294/1061/865
f 2296/1062/208 2297/1063/208 2298/1064/208
f 2297/1063/208 2299/1065/208 2298/1064/208
f 2300/1065/857 2301/1066/867 2302/1064/868
f 2302/1064/868 2301/1066/867 2303/1067/869
f 2301/1066/867 2304/1068/190 2303/1067/869
f 2303/1067/869 2304/1068/190 2305/1069/190
f 2306/1070/870 2308/1067/871 2307/1071/872
f 2308/1067/871 2309/1069/873 2307/1071/872
f 2309/1069/873 2310/1068/736 2307/1071/872
f 2307/1071/872 2310/1068/736 2311/1072/736
f 2311/1072/736 2310/1068/736 2312/1073/874
f 2310/1068/736 2313/1066/874 2312/1073/874
s 0
f 2314/1074/195 2315/1075/195 2316/1076/195
f 2316/1076/195 2315/1075/195 2317/1077/195
f 2315/1075/195 2318/1078/195 2317/1077/195
f 2317/1077/195 2318/1078/195 2319/1079/195
s 1
f 2320/1066/875 2322/1065/875 2321/1077/875
f 2321/1077/875 2322/1065/875 2323/1076/875
f 2324/1080/876 2326/1081/876 2325/1067/876
f 2325/1067/876 2326/1081/876 2327/1064/876
f 2328/1082/877 2330/1083/736 2329/1084/877
f 2329/1084/877 2330/1083/736 2331/1085/483
f 2330/1083/736 2332/1086/200 2331/1085/483
f 2331/1085/483 2332/1086/200 2333/1087/200
f 2332/1086/200 2334/1088/878 2333/1087/200
f 2333/1087/200 2334/1088/878 2335/1089/879
f 2335/1089/879 2334/1088/878 2336/1090/880
f 2334/1088/878 2337/1091/881 2336/1090/880
s 0
f 2338/1082/882 2339/1092/882 2342/1083/882
f 2340/1092/883 2345/1093/883 2343/1083/883
f 2341/1083/195 2344/1093/195 2346/1086/195
f 2344/1093/195 2347/1094/195 2346/1086/195
f 2347/1094/195 2348/1095/195 2346/1086/195
f 2346/1086/195 2348/1095/195 2349/1088/195
f 2348/1095/195 2350/1096/195 2349/1088/195
f 2349/1088/195 2350/1096/195 2351/1091/195
f 2352/1084/884 2357/1085/884 2354/1097/884
f 2353/1097/885 2356/1085/885 2359/1098/885
f 2355/1085/190 2360/1087/190 2358/1098/190
f 2358/1098/190 2360/1087/190 2361/1099/190
f 2361/1099/190 2360/1087/190 2362/1100/190
f 2360/1087/190 2363/1089/190 2362/1100/190
f 2362/1100/190 2363/1089/190 2364/1101/190
f 2363/1089/190 2365/1090/190 2364/1101/190
s 1
f 2366/1102/886 2367/1103/887 2368/1092/888
f 2368/1092/888 2367/1103/887 2369/1093/887
f 2367/1103/887 2370/1104/889 2369/1093/887
f 2369/1093/887 2370/1104/889 2371/1094/890
f 2370/1104/889 2372/1105/891 2371/1094/890
f 2371/1094/890 2372/1105/891 2373/1095/891
f 2373/1095/891 2372/1105/891 2374/1096/892
f 2372/1105/891 2375/1106/892 2374/1096/892
f 2376/1107/200 2377/1108/893 2378/1109/200
f 2378/1109/200 2377/1108/893 2379/1110/893
f 2377/1108/893 2380/1111/894 2379/1110/893
f 2379/1110/893 2380/1111/894 2381/1112/894
f 2382/1113/895 2384/1114/896 2383/1107/895
f 2383/1107/895 2384/1114/896 2385/1108/190
f 2384/1114/896 2386/1115/897 2385/1108/190
f 2385/1108/190 2386/1115/897 2387/1111/897
f 2388/1116/195 2390/1109/195 2389/1117/195
f 2390/1109/195 2391/1110/195 2389/1117/195
f 2389/1117/195 2391/1110/195 2392/1118/898
f 2391/1110/195 2393/1112/195 2392/1118/898
f 2394/1116/203 2395/1117/899 2396/1119/203
f 2396/1119/203 2395/1117/899 2397/1120/900
f 2395/1117/899 2398/1118/901 2397/1120/900
f 2397/1120/900 2398/1118/901 2399/1121/901
f 2400/1122/209 2402/1123/209 2401/1124/209
f 2401/1124/209 2402/1123/209 2403/1125/209
f 2404/1122/190 2406/1111/897 2405/1126/190
f 2405/1126/190 2406/1111/897 2407/1115/897
f 2408/1124/902 2410/1112/894 2409/1122/903
f 2409/1122/903 2410/1112/894 2411/1111/894
s 0
f 2412/1124/195 2414/1127/195 2413/1112/195
s 1
f 2413/1112/195 2414/1127/195 2415/1118/904
f 2416/1128/905 2418/1121/906 2417/1127/905
f 2417/1127/905 2418/1121/906 2419/1118/906
f 2420/1107/200 2422/1109/200 2421/1129/907
f 2422/1109/200 2423/1130/907 2421/1129/907
f 2423/1130/907 2424/1131/908 2421/1129/907
f 2421/1129/907 2424/1131/908 2425/1132/908
f 2426/1131/195 2428/1130/883 2427/1133/195
f 2427/1133/195 2428/1130/883 2429/1134/909
f 2428/1130/883 2430/1109/195 2429/1134/909
f 2429/1134/909 2430/1109/195 2431/1116/195
f 2432/1116/910 2434/1119/910 2433/1134/911
f 2434/1119/910 2435/1135/912 2433/1134/911
f 2435/1135/912 2436/1136/913 2433/1134/911
f 2433/1134/911 2436/1136/913 2437/1133/913
f 2438/1132/190 2440/1137/914 2439/1129/190
f 2440/1137/914 2441/1138/190 2439/1129/190
f 2439/1129/190 2441/1138/190 2442/1107/895
f 2441/1138/190 2443/1113/895 2442/1107/895
f 2444/1139/915 2445/1140/915 2446/1141/915
f 2445/1140/915 2447/1142/915 2446/1141/915
f 2448/1137/897 2449/1132/190 2451/1143/190
s 0
f 2450/1132/190 2453/1142/190 2452/1143/190
s 1
f 2454/1141/338 2455/1142/338 2456/1131/908
f 2455/1142/338 2457/1132/908 2456/1131/908
s 0
f 2458/1141/195 2459/1131/195 2461/1144/195
f 2460/1131/195 2463/1133/195 2462/1144/195
s 1
f 2464/1145/916 2465/1144/916 2466/1136/917
f 2465/1144/916 2467/1133/917 2466/1136/917
s 0
f 2468/1146/195 2469/1147/195 2470/1148/195
f 2469/1147/195 2471/1149/195 2470/1148/195
s 1
f 2472/1150/200 2474/1151/200 2475/1146/200
f 2475/1146/200 2474/1151/200 2477/1152/200
f 2476/1152/200 2473/1151/200 2478/1146/200
f 2473/1151/200 2479/1150/200 2478/1146/200
f 2480/1146/209 2481/1152/209 2483/1147/209
f 2483/1147/209 2481/1152/209 2484/1153/209
f 2485/1153/209 2482/1152/209 2486/1147/209
f 2482/1152/209 2487/1146/209 2486/1147/209
f 2488/1147/203 2490/1153/203 2491/1154/203
f 2491/1154/203 2490/1153/203 2493/1155/203
f 2492/1155/203 2489/1153/203 2494/1154/208
f 2489/1153/203 2495/1147/208 2494/1154/208
f 2496/1149/202 2497/1156/202 2499/1148/202
f 2499/1148/202 2497/1156/202 2500/1157/202
f 2501/1157/202 2498/1156/202 2502/1148/202
f 2498/1156/202 2503/1149/202 2502/1148/202
f 2504/1158/201 2505/1159/201 2507/1160/201
f 2505/1159/201 2509/1161/201 2507/1160/201
f 2508/1161/201 2510/1159/201 2506/1160/201
f 2506/1160/201 2510/1159/201 2511/1158/201
f 2512/1162/208 2515/1163/208 2513/1164/208
f 2513/1164/208 2515/1163/208 2517/1165/208
f 2516/1165/208 2514/1163/208 2518/1164/208
f 2514/1163/208 2519/1162/208 2518/1164/208
f 2520/1164/202 2521/1165/202 2523/1159/202
f 2523/1159/202 2521/1165/202 2524/1161/202
f 2525/1161/202 2522/1165/202 2526/1159/202
f 2522/1165/202 2527/1164/202 2526/1159/202
f 2528/1166/918 2529/1167/209 2531/1168/209
f 2532/1168/209 2530/1167/209 2533/1166/919
f 2530/1167/209 2534/1169/919 2533/1166/919
f 2534/1169/919 2535/1170/920 2533/1166/919
f 2533/1166/919 2535/1170/920 2536/1171/921
f 2536/1171/921 2535/1170/920 2538/1172/202
f 2535/1170/920 2540/1173/202 2538/1172/202
f 2539/1173/202 2541/1170/922 2537/1172/202
f 2537/1172/202 2541/1170/922 2542/1171/922
f 2542/1171/922 2541/1170/922 2528/1166/918
f 2541/1170/922 2543/1169/918 2528/1166/918
f 2528/1166/918 2543/1169/918 2529/1167/209
f 2544/1174/921 2546/1175/921 2545/1176/923
f 2546/1175/921 2547/1177/923 2545/1176/923
f 2545/1176/923 2547/1177/923 2548/1178/209
f 2547/1177/923 2549/1179/209 2548/1178/209
f 2548/1178/209 2549/1179/209 2550/1180/924
f 2549/1179/209 2551/1181/925 2550/1180/924
f 2550/1180/924 2551/1181/925 2552/1182/922
f 2551/1181/925 2553/1183/926 2552/1182/922
f 2552/1182/922 2553/1183/926 2554/1184/202
f 2553/1183/926 2555/1185/202 2554/1184/202
f 2554/1184/202 2555/1185/202 2556/1186/921
f 2555/1185/202 2557/1187/921 2556/1186/921
f 2558/1188/922 2559/1189/926 2560/1190/927
f 2559/1189/926 2561/1191/924 2560/1190/927
f 2560/1190/927 2561/1191/924 2562/1192/404
f 2561/1191/924 2563/1193/404 2562/1192/404
f 2562/1192/404 2563/1193/404 2564/1194/923
f 2563/1193/404 2565/1195/923 2564/1194/923
f 2564/1194/923 2565/1195/923 2566/1196/928
f 2565/1195/923 2567/1197/928 2566/1196/928
f 2566/1196/928 2567/1197/928 2568/1198/316
f 2567/1197/928 2569/1199/316 2568/1198/316
f 2568/1198/316 2569/1199/316 2570/1200/922
f 2569/1199/316 2571/1201/926 2570/1200/922
f 2572/1202/922 2573/1203/926 2574/1204/924
f 2573/1203/926 2575/1205/924 2574/1204/924
f 2574/1204/924 2575/1205/924 2576/1206/404
f 2575/1205/924 2577/1207/404 2576/1206/404
f 2576/1206/404 2577/1207/404 2578/1208/923
f 2577/1207/404 2579/1209/923 2578/1208/923
f 2578/1208/923 2579/1209/923 2580/1210/928
f 2579/1209/923 2581/1211/928 2580/1210/928
f 2580/1210/928 2581/1211/928 2582/1212/316
f 2581/1211/928 2583/1213/316 2582/1212/316
f 2582/1212/316 2583/1213/316 2584/1214/922
f 2583/1213/316 2585/1215/926 2584/1214/922
f 2586/1216/922 2587/1217/926 2588/1218/924
f 2587/1217/926 2589/1219/924 2588/1218/924
f 2588/1218/924 2589/1219/924 2590/1220/404
f 2589/1219/924 2591/1221/404 2590/1220/404
f 2590/1220/404 2591/1221/404 2592/1222/923
f 2591/1221/404 2593/1223/929 2592/1222/923
f 2592/1222/923 2593/1223/929 2594/1224/930
f 2593/1223/929 2595/1225/920 2594/1224/930
f 2594/1224/930 2595/1225/920 2596/1226/316
f 2595/1225/920 2597/1227/316 2596/1226/316
f 2596/1226/316 2597/1227/316 2598/1228/922
f 2597/1227/316 2599/1229/926 2598/1228/922
f 2600/1230/931 2601/1231/932 2602/1232/933
f 2602/1232/933 2601/1231/932 2603/1233/933
f 2601/1231/932 2604/1234/934 2603/1233/933
f 2605/1235/935 2606/1236/936 2607/1237/935
f 2606/1236/936 2608/1238/937 2607/1237/935
f 2609/1236/202 2610/1234/202 2613/1235/202
f 2610/1234/202 2616/1233/202 2613/1235/202
s 0
f 2617/1239/938 2614/1233/938 2611/1235/938
s 1
f 2615/1233/202 2618/1234/202 2612/1235/202
f 2612/1235/202 2618/1234/202 2619/1236/202
f 2620/1240/939 2623/1241/195 2622/1242/939
f 2622/1242/939 2623/1241/195 2624/1243/195
f 2621/1242/940 2626/1244/941 2625/1245/940
f 2625/1245/940 2626/1244/941 2627/1246/941
f 2628/1244/200 2630/1247/942 2629/1246/200
f 2629/1246/200 2630/1247/942 2631/1248/943
f 2630/1247/942 2632/1249/942 2631/1248/943
f 2631/1248/943 2632/1249/942 2633/1250/943
f 2633/1250/943 2632/1249/942 2634/1251/200
f 2632/1249/942 2636/1252/200 2634/1251/200
f 2637/1252/200 2638/1249/944 2635/1251/200
f 2635/1251/200 2638/1249/944 2639/1250/945
f 2639/1250/945 2638/1249/944 2640/1248/945
f 2638/1249/944 2641/1247/944 2640/1248/945
f 2640/1248/945 2641/1247/944 2642/1246/200
f 2641/1247/944 2643/1244/200 2642/1246/200
f 2644/1253/209 2645/1254/209 2646/1255/209
f 2646/1255/209 2645/1254/209 2647/1256/209
f 2645/1254/209 2648/1257/209 2647/1256/209
f 2647/1256/209 2648/1257/209 2649/1258/209
f 2648/1257/209 2650/1259/209 2649/1258/209
f 2649/1258/209 2650/1259/209 2651/1260/209
f 2651/1260/209 2650/1259/209 2653/1261/209
f 2650/1259/209 2655/1262/209 2653/1261/209
f 2654/1262/209 2656/1259/209 2652/1261/209
f 2652/1261/209 2656/1259/209 2657/1260/209
f 2657/1260/209 2656/1259/209 2658/1258/209
f 2656/1259/209 2659/1257/209 2658/1258/209
f 2658/1258/209 2659/1257/209 2660/1256/209
f 2659/1257/209 2661/1254/209 2660/1256/209
f 2660/1256/209 2661/1254/209 2662/1255/209
f 2661/1254/209 2663/1253/209 2662/1255/209
f 2664/1255/946 2665/1256/947 2666/1243/946
f 2666/1243/946 2665/1256/947 2667/1263/947
f 2665/1256/947 2668/1258/948 2667/1263/947
f 2667/1263/947 2668/1258/948 2669/1264/948
f 2668/1258/948 2670/1260/949 2669/1264/948
f 2669/1264/948 2670/1260/949 2671/1265/948
f 2671/1265/948 2670/1260/949 2673/1266/208
f 2670/1260/949 2675/1261/208 2673/1266/208
f 2674/1261/208 2676/1260/950 2672/1266/208
f 2672/1266/208 2676/1260/950 2677/1265/951
f 2677/1265/951 2676/1260/950 2678/1264/951
f 2676/1260/950 2679/1258/952 2678/1264/951
f 2678/1264/951 2679/1258/952 2680/1263/953
f 2679/1258/952 2681/1256/954 2680/1263/953
f 2680/1263/953 2681/1256/954 2682/1243/955
f 2681/1256/954 2683/1255/956 2682/1243/955
f 2684/1243/202 2685/1263/202 2686/1242/202
f 2686/1242/202 2685/1263/202 2687/1244/202
f 2685/1263/202 2688/1264/202 2687/1244/202
f 2687/1244/202 2688/1264/202 2689/1247/202
f 2688/1264/202 2690/1265/202 2689/1247/202
f 2689/1247/202 2690/1265/202 2691/1249/202
f 2691/1249/202 2690/1265/202 2693/1252/202
f 2690/1265/202 2695/1266/202 2693/1252/202
f 2694/1266/202 2696/1265/202 2692/1252/202
f 2692/1252/202 2696/1265/202 2697/1249/202
f 2697/1249/202 2696/1265/202 2698/1247/202
f 2696/1265/202 2699/1264/202 2698/1247/202
f 2698/1247/202 2699/1264/202 2700/1244/202
f 2699/1264/202 2701/1263/202 2700/1244/202
f 2700/1244/202 2701/1263/202 2702/1242/202
f 2701/1263/202 2703/1243/202 2702/1242/202
f 2704/1267/957 2705/1268/958 2706/1269/959
f 2705/1268/958 2708/1270/960 2706/1269/959
f 2709/1271/961 2704/1267/957 2706/1269/959
f 2704/1267/957 2710/1272/962 2705/1268/958
f 2705/1268/958 2710/1272/962 2711/1273/963
f 2710/1272/962 2712/1274/964 2711/1273/963
f 2711/1273/963 2712/1274/964 2713/1275/965
f 2712/1274/964 2714/1276/966 2713/1275/965
f 2713/1275/965 2714/1276/966 2715/1277/967
f 2714/1276/966 2716/1278/968 2715/1277/967
f 2715/1277/967 2716/1278/968 2717/1279/969
f 2716/1278/968 2718/1280/970 2717/1279/969
f 2719/1280/971 2720/1278/972 2721/1279/973
f 2720/1278/972 2722/1277/974 2721/1279/973
f 2722/1277/974 2724/1281/975 2721/1279/973
f 2721/1279/973 2724/1281/975 2726/1282/200
f 2725/1282/200 2723/1281/975 2717/1279/969
f 2717/1279/969 2723/1281/975 2715/1277/967
f 2723/1281/975 2728/1283/404 2715/1277/967
f 2715/1277/967 2728/1283/404 2713/1275/965
f 2728/1283/404 2730/1284/976 2713/1275/965
f 2713/1275/965 2730/1284/976 2711/1273/963
f 2720/1278/972 2731/1276/977 2722/1277/974
f 2722/1277/974 2731/1276/977 2732/1275/978
f 2731/1276/977 2733/1274/979 2732/1275/978
f 2732/1275/978 2733/1274/979 2734/1273/980
f 2733/1274/979 2735/1272/981 2734/1273/980
f 2734/1273/980 2735/1272/981 2736/1268/982
f 2735/1272/981 2737/1267/983 2736/1268/982
f 2724/1281/975 2722/1277/974 2727/1283/404
f 2722/1277/974 2732/1275/978 2727/1283/404
f 2727/1283/404 2732/1275/978 2729/1284/976
f 2732/1275/978 2734/1273/980 2729/1284/976
f 2729/1284/976 2734/1273/980 2739/1285/203
f 2734/1273/980 2736/1268/982 2739/1285/203
f 2739/1285/203 2736/1268/982 2707/1270/960
f 2707/1270/960 2736/1268/982 2740/1269/984
f 2736/1268/982 2737/1267/983 2740/1269/984
f 2737/1267/983 2741/1271/985 2740/1269/984
f 2740/1269/984 2741/1271/985 2742/1286/986
f 2741/1271/985 2743/1287/987 2742/1286/986
f 2730/1284/976 2738/1285/203 2711/1273/963
f 2711/1273/963 2738/1285/203 2705/1268/958
f 2738/1285/203 2708/1270/960 2705/1268/958
f 2742/1286/986 2745/1288/202 2740/1269/984
f 2740/1269/984 2745/1288/202 2707/1270/960
f 2708/1270/960 2744/1288/202 2706/1269/959
f 2744/1288/202 2746/1286/988 2706/1269/959
f 2706/1269/959 2746/1286/988 2709/1271/961
f 2709/1271/961 2746/1286/988 2747/1287/989
f 2746/1286/988 2748/1289/990 2747/1287/989
f 2747/1287/989 2748/1289/990 2749/1290/970
f 2749/1290/970 2748/1289/990 2750/1291/991
f 2750/1291/991 2748/1289/990 2751/1292/200
f 2748/1289/990 2754/1293/992 2751/1292/200
f 2752/1292/200 2753/1293/992 2755/1289/993
f 2753/1293/992 2742/1286/986 2755/1289/993
f 2742/1286/986 2743/1287/987 2755/1289/993
f 2743/1287/987 2756/1290/971 2755/1289/993
f 2756/1290/971 2757/1291/994 2755/1289/993
f 2755/1289/993 2757/1291/994 2752/1292/200
f 2748/1289/990 2746/1286/988 2754/1293/992
f 2746/1286/988 2744/1288/202 2754/1293/992
f 2753/1293/992 2745/1288/202 2742/1286/986
f 2758/1294/995 2760/1295/996 2759/1296/997
f 2759/1296/997 2760/1295/996 2761/1297/998
f 2763/1298/961 2758/1294/995 2759/1296/997
f 2758/1294/995 2764/1299/962 2760/1295/996
f 2760/1295/996 2764/1299/962 2765/1300/963
f 2764/1299/962 2766/1301/999 2765/1300/963
f 2765/1300/963 2766/1301/999 2767/1302/1000
f 2766/1301/999 2768/1303/1001 2767/1302/1000
f 2767/1302/1000 2768/1303/1001 2769/1304/967
f 2768/1303/1001 2770/1305/1002 2769/1304/967
f 2769/1304/967 2770/1305/1002 2771/1306/969
f 2770/1305/1002 2772/1307/970 2771/1306/969
f 2773/1307/971 2774/1305/1003 2775/1306/1004
f 2774/1305/1003 2776/1304/1005 2775/1306/1004
f 2776/1304/1005 2778/1308/975 2775/1306/1004
f 2775/1306/1004 2778/1308/975 2780/1309/200
f 2779/1309/200 2777/1308/975 2771/1306/969
f 2771/1306/969 2777/1308/975 2769/1304/967
f 2777/1308/975 2781/1310/209 2769/1304/967
f 2769/1304/967 2781/1310/209 2767/1302/1000
f 2781/1310/209 2784/1311/976 2767/1302/1000
f 2767/1302/1000 2784/1311/976 2765/1300/963
f 2774/1305/1003 2785/1303/1006 2776/1304/1005
f 2776/1304/1005 2785/1303/1006 2786/1302/1007
f 2785/1303/1006 2787/1301/1008 2786/1302/1007
f 2786/1302/1007 2787/1301/1008 2788/1300/1009
f 2787/1301/1008 2789/1299/1010 2788/1300/1009
f 2788/1300/1009 2789/1299/1010 2790/1295/1011
f 2789/1299/1010 2791/1294/1012 2790/1295/1011
f 2778/1308/975 2776/1304/1005 2782/1310/209
f 2776/1304/1005 2786/1302/1007 2782/1310/209
f 2782/1310/209 2786/1302/1007 2783/1311/976
f 2786/1302/1007 2788/1300/1009 2783/1311/976
f 2783/1311/976 2788/1300/1009 2793/1312/208
f 2788/1300/1009 2790/1295/1011 2793/1312/208
f 2793/1312/208 2790/1295/1011 2762/1297/998
f 2762/1297/998 2790/1295/1011 2794/1296/984
f 2790/1295/1011 2791/1294/1012 2794/1296/984
f 2791/1294/1012 2795/1298/1013 2794/1296/984
f 2794/1296/984 2795/1298/1013 2796/1313/1014
f 2795/1298/1013 2797/1314/1015 2796/1313/1014
f 2784/1311/976 2792/1312/208 2765/1300/963
f 2765/1300/963 2792/1312/208 2760/1295/996
f 2792/1312/208 2761/1297/998 2760/1295/996
f 2796/1313/1014 2799/1315/202 2794/1296/984
f 2794/1296/984 2799/1315/202 2762/1297/998
f 2761/1297/998 2798/1315/202 2759/1296/997
f 2798/1315/202 2800/1313/1016 2759/1296/997
f 2759/1296/997 2800/1313/1016 2763/1298/961
f 2763/1298/961 2800/1313/1016 2801/1314/1017
f 2800/1313/1016 2802/1316/1018 2801/1314/1017
f 2801/1314/1017 2802/1316/1018 2803/1317/970
f 2803/1317/970 2802/1316/1018 2804/1318/991
f 2804/1318/991 2802/1316/1018 2805/1319/200
f 2802/1316/1018 2808/1320/992 2805/1319/200
f 2806/1319/200 2807/1320/992 2809/1316/1019
f 2807/1320/992 2796/1313/1014 2809/1316/1019
f 2796/1313/1014 2797/1314/1015 2809/1316/1019
f 2797/1314/1015 2810/1317/971 2809/1316/1019
f 2810/1317/971 2811/1318/994 2809/1316/1019
f 2809/1316/1019 2811/1318/994 2806/1319/200
f 2802/1316/1018 2800/1313/1016 2808/1320/992
f 2800/1313/1016 2798/1315/202 2808/1320/992
f 2807/1320/992 2799/1315/202 2796/1313/1014
f 2812/1321/202 2814/1322/202 2813/1323/202
f 2813/1323/202 2814/1322/202 2815/1324/202
f 2814/1322/202 2816/1325/202 2815/1324/202
f 2815/1324/202 2816/1325/202 2817/1326/202
f 2816/1325/202 2818/1327/202 2817/1326/202
f 2819/1328/202 2813/1323/202 2815/1324/202
f 2820/1329/316 2821/1330/202 2814/1322/202
f 2814/1322/202 2821/1330/202 2816/1325/202
f 2821/1330/202 2822/1331/202 2816/1325/202
f 2817/1326/202 2823/1332/316 2815/1324/202
f 2824/1333/1020 2826/1334/1020 2825/1335/1021
f 2826/1334/1020 2827/1336/1021 2825/1335/1021
f 2825/1335/1021 2827/1336/1021 2828/1337/1022
f 2827/1336/1021 2829/1338/1022 2828/1337/1022
f 2828/1337/1022 2829/1338/1022 2830/1339/1023
f 2829/1338/1022 2831/1340/1024 2830/1339/1023
f 2830/1339/1023 2831/1340/1024 2832/1341/208
f 2831/1340/1024 2833/1342/208 2832/1341/208
f 2832/1341/208 2833/1342/208 2834/1343/1025
f 2833/1342/208 2835/1344/1025 2834/1343/1025
f 2834/1343/1025 2835/1344/1025 2836/1345/1026
f 2835/1344/1025 2837/1331/1027 2836/1345/1026
f 2836/1345/1026 2837/1331/1027 2838/1346/1028
f 2837/1331/1027 2839/1330/1028 2838/1346/1028
f 2838/1346/1028 2839/1330/1028 2840/1347/1029
f 2839/1330/1028 2841/1348/1029 2840/1347/1029
f 2840/1347/1029 2841/1348/1029 2842/1349/1030
f 2841/1348/1029 2843/1350/1030 2842/1349/1030
f 2842/1349/1030 2843/1350/1030 2844/1351/200
f 2843/1350/1030 2845/1352/200 2844/1351/200
f 2844/1351/200 2845/1352/200 2846/1353/1031
f 2845/1352/200 2847/1354/1032 2846/1353/1031
f 2846/1353/1031 2847/1354/1032 2848/1355/1033
f 2847/1354/1032 2849/1356/1033 2848/1355/1033
f 2850/1357/404 2851/1358/404 2852/1359/404
f 2851/1358/404 2853/1360/404 2852/1359/404
f 2852/1359/404 2853/1360/404 2854/1361/209
f 2855/1362/209 2856/1363/209 2851/1358/404
f 2851/1358/404 2856/1363/209 2857/1364/404
f 2856/1363/209 2858/1365/209 2857/1364/404
f 2851/1358/404 2857/1364/404 2853/1360/404
f 2857/1364/404 2859/1349/404 2853/1360/404
f 2853/1360/404 2859/1349/404 2860/1366/209
f 2857/1364/404 2861/1347/404 2859/1349/404
f 2862/1367/1034 2863/1368/1035 2864/1369/404
f 2863/1368/1035 2865/1370/209 2864/1369/404
f 2864/1369/404 2865/1370/209 2866/1371/1036
f 2865/1370/209 2867/1372/1036 2866/1371/1036
f 2868/1368/1037 2869/1367/1037 2870/1373/1038
f 2869/1367/1037 2871/1374/1038 2870/1373/1038
f 2870/1373/1038 2871/1374/1038 2872/1375/1039
f 2871/1374/1038 2873/1376/1040 2872/1375/1039
f 2874/1375/1041 2875/1376/1041 2876/1377/1042
f 2875/1376/1041 2877/1378/316 2876/1377/1042
f 2876/1377/1042 2877/1378/316 2878/1379/1043
f 2877/1378/316 2879/1380/1043 2878/1379/1043
f 2880/1381/1044 2881/1382/1045 2882/1383/1046
f 2881/1382/1045 2883/1384/1047 2882/1383/1046
f 2882/1383/1046 2883/1384/1047 2884/1372/1048
f 2883/1384/1047 2885/1371/1048 2884/1372/1048
f 2886/1368/1049 2887/1385/1049 2889/1370/1049
f 2887/1385/1049 2890/1386/1049 2889/1370/1049
f 2889/1370/1049 2890/1386/1049 2891/1387/1050
s 0
f 2892/1388/1051 2894/1389/1051 2888/1385/1051
s 1
f 2887/1385/1049 2893/1389/1049 2890/1386/1049
f 2893/1389/1049 2895/1390/1052 2890/1386/1049
f 2896/1391/200 2897/1392/200 2898/1393/200
f 2897/1392/200 2899/1394/200 2898/1393/200
s 0
f 2900/1392/190 2902/1395/190 2904/1394/190
f 2901/1395/190 2905/1396/190 2903/1394/190
f 2906/1397/195 2907/1398/195 2908/1399/195
f 2907/1398/195 2909/1400/195 2908/1399/195
s 1
f 2910/1394/404 2911/1396/404 2912/1401/404
f 2912/1401/404 2911/1396/404 2913/1402/404
f 2911/1396/404 2914/1403/404 2913/1402/404
f 2913/1402/404 2914/1403/404 2915/1404/404
f 2915/1404/404 2914/1403/404 2916/1405/404
f 2914/1403/404 2917/1406/404 2916/1405/404
f 2918/1407/202 2919/1408/202 2920/1409/202
f 2919/1408/202 2921/1410/202 2920/1409/202
f 2921/1410/202 2922/1395/202 2920/1409/202
f 2920/1409/202 2922/1395/202 2923/1400/202
f 2922/1395/202 2924/1392/202 2923/1400/202
f 2923/1400/202 2924/1392/202 2925/1399/202
f 2926/1408/1053 2928/1406/1054 2927/1410/799
f 2928/1406/1054 2929/1403/799 2927/1410/799
f 2929/1403/799 2930/1396/1055 2927/1410/799
f 2927/1410/799 2930/1396/1055 2931/1395/1056
f 2932/1398/1057 2934/1411/1058 2933/1400/1057
f 2933/1400/1057 2934/1411/1058 2935/1409/1059
f 2934/1411/1058 2936/1412/1060 2935/1409/1059
f 2935/1409/1059 2936/1412/1060 2937/1407/1060
f 2938/1413/200 2940/1414/200 2939/1415/200
f 2939/1415/200 2940/1414/200 2941/1416/200
s 0
f 2942/1414/190 2944/1417/190 2943/1416/190
f 2943/1416/190 2944/1417/190 2945/1418/190
f 2946/1419/195 2948/1420/195 2947/1421/195
f 2947/1421/195 2948/1420/195 2949/1422/195
s 1
f 2950/1416/209 2952/1418/404 2951/1419/209
f 2951/1419/209 2952/1418/404 2953/1420/404
f 2952/1418/404 2954/1423/404 2953/1420/404
f 2953/1420/404 2954/1423/404 2955/1424/404
f 2955/1424/404 2954/1423/404 2956/1425/404
f 2954/1423/404 2957/1426/404 2956/1425/404
f 2958/1427/202 2959/1428/202 2960/1429/202
f 2959/1428/202 2961/1430/202 2960/1429/202
f 2961/1430/202 2962/1417/202 2960/1429/202
f 2960/1429/202 2962/1417/202 2963/1431/202
f 2962/1417/202 2964/1414/202 2963/1431/202
f 2963/1431/202 2964/1414/202 2965/1432/202
f 2966/1428/1053 2968/1426/1053 2967/1430/799
f 2968/1426/1053 2969/1423/799 2967/1430/799
f 2969/1423/799 2970/1418/1055 2967/1430/799
f 2967/1430/799 2970/1418/1055 2971/1417/1055
f 2972/1420/1061 2974/1424/1058 2973/1422/1062
f 2973/1422/1062 2974/1424/1058 2975/1433/1059
f 2974/1424/1058 2976/1425/1060 2975/1433/1059
f 2975/1433/1059 2976/1425/1060 2977/1434/1060
s 0
f 2978/1408/195 2980/1435/195 2979/1406/195
f 2979/1406/195 2980/1435/195 2981/1436/195
f 2982/1428/195 2984/1437/195 2983/1426/195
f 2983/1426/195 2984/1437/195 2985/1438/195
s 1
f 2986/1439/201 2988/1440/200 2987/1441/201
f 2987/1441/201 2988/1440/200 2990/1442/200
f 2991/1442/200 2989/1440/200 2992/1441/200
f 2989/1440/200 2993/1439/200 2992/1441/200
f 2994/1443/202 2995/1444/202 2997/1439/202
f 2997/1439/202 2995/1444/202 2998/1440/202
f 2999/1440/202 2996/1444/202 3000/1439/202
f 2996/1444/202 3001/1443/202 3000/1439/202
f 3002/1445/208 3004/1446/208 3005/1443/208
f 3005/1443/208 3004/1446/208 3007/1444/208
f 3006/1444/208 3003/1446/208 3008/1443/203
f 3003/1446/208 3009/1445/203 3008/1443/203
s 0
f 3010/1447/190 3011/1448/190 3012/373/190
f 3011/1448/190 3013/367/190 3012/373/190
s 1
f 3014/1449/209 3015/1450/209 3016/1447/209
f 3015/1450/209 3017/1448/209 3016/1447/209
f 3018/1451/209 3019/1452/209 3020/1453/209
f 3019/1452/209 3021/1454/209 3020/1453/209
f 3022/1455/209 3023/1456/209 3024/1457/209
f 3023/1456/209 3025/1458/209 3024/1457/209
s 0
f 3026/371/190 3027/368/190 3028/1455/190
f 3027/368/190 3029/1456/190 3028/1455/190
s 1
f 3030/1450/201 3031/365/201 3032/1448/201
f 3031/365/201 3033/367/201 3032/1448/201
s 0
f 3034/1452/190 3035/366/190 3037/1454/190
f 3036/366/190 3039/365/190 3038/1454/190
s 1
f 3040/1456/208 3041/368/208 3042/1458/208
f 3041/368/208 3043/366/208 3042/1458/208
f 3044/1459/1063 3045/1460/1064 3046/1461/1065
f 3045/1460/1064 3047/1462/209 3046/1461/1065
f 3046/1461/1065 3047/1462/209 3050/1463/404
f 3049/1463/404 3048/1462/209 3051/1461/1066
f 3048/1462/209 3052/1460/1067 3051/1461/1066
f 3052/1460/1067 3053/1459/1068 3051/1461/1066
f 3051/1461/1066 3053/1459/1068 3054/1464/1068
f 3053/1459/1068 3055/1465/1069 3054/1464/1068
f 3054/1464/1068 3055/1465/1069 3056/1466/1069
f 3055/1465/1069 3057/1467/1070 3056/1466/1069
f 3056/1466/1069 3057/1467/1070 3058/1468/1070
f 3057/1467/1070 3059/1469/1071 3058/1468/1070
f 3058/1468/1070 3059/1469/1071 3060/1470/1071
f 3060/1470/1071 3059/1469/1071 3062/1471/202
f 3059/1469/1071 3064/1472/202 3062/1471/202
f 3063/1472/202 3065/1469/1072 3061/1471/202
f 3061/1471/202 3065/1469/1072 3066/1470/1072
f 3066/1470/1072 3065/1469/1072 3067/1468/1073
f 3065/1469/1072 3068/1467/1074 3067/1468/1073
f 3067/1468/1073 3068/1467/1074 3069/1466/236
f 3068/1467/1074 3070/1465/236 3069/1466/236
f 3069/1466/236 3070/1465/236 3071/1464/1075
f 3070/1465/236 3044/1459/1063 3071/1464/1075
f 3071/1464/1075 3044/1459/1063 3046/1461/1065
f 3072/1473/203 3075/1463/208 3073/1474/208
f 3074/1474/208 3076/1463/208 3077/1473/203
f 3076/1463/208 3078/1461/203 3077/1473/203
f 3078/1461/203 3079/1464/203 3077/1473/203
f 3077/1473/203 3079/1464/203 3080/1475/203
f 3079/1464/203 3081/1466/208 3080/1475/203
f 3080/1475/203 3081/1466/208 3082/1476/208
f 3081/1466/208 3083/1468/208 3082/1476/208
f 3082/1476/208 3083/1468/208 3084/1477/203
f 3083/1468/208 3085/1470/203 3084/1477/203
f 3084/1477/203 3085/1470/203 3086/1478/203
f 3085/1470/203 3088/1471/203 3086/1478/203
f 3086/1478/203 3088/1471/203 3089/1479/208
f 3090/1479/208 3087/1471/203 3091/1478/203
f 3087/1471/203 3092/1470/203 3091/1478/203
f 3091/1478/203 3092/1470/203 3093/1477/203
f 3092/1470/203 3094/1468/203 3093/1477/203
f 3093/1477/203 3094/1468/203 3095/1476/203
f 3094/1468/203 3096/1466/203 3095/1476/203
f 3095/1476/203 3096/1466/203 3097/1475/203
f 3096/1466/203 3098/1464/203 3097/1475/203
f 3097/1475/203 3098/1464/203 3072/1473/203
f 3098/1464/203 3099/1461/203 3072/1473/203
f 3072/1473/203 3099/1461/203 3075/1463/208
f 3100/1469/200 3102/1480/200 3101/1467/200
f 3102/1480/200 3103/1481/200 3101/1467/200
f 3101/1467/200 3103/1481/200 3104/1465/200
f 3103/1481/200 3105/1482/200 3104/1465/200
f 3104/1465/200 3105/1482/200 3106/1459/200
f 3105/1482/200 3107/1483/200 3106/1459/200
f 3106/1459/200 3107/1483/200 3108/1460/200
f 3107/1483/200 3109/1484/200 3108/1460/200
f 3100/1469/200 3110/1472/200 3102/1480/200
f 3102/1480/200 3110/1472/200 3112/1485/200
f 3113/1485/200 3111/1472/200 3114/1480/201
f 3111/1472/200 3115/1469/201 3114/1480/201
f 3115/1469/201 3116/1467/201 3114/1480/201
f 3114/1480/201 3116/1467/201 3117/1481/201
f 3116/1467/201 3118/1465/201 3117/1481/201
f 3117/1481/201 3118/1465/201 3119/1482/201
f 3118/1465/201 3120/1459/200 3119/1482/201
f 3119/1482/201 3120/1459/200 3121/1483/200
f 3120/1459/200 3122/1460/200 3121/1483/200
f 3121/1483/200 3122/1460/200 3123/1484/200
f 3122/1460/200 3124/1462/200 3123/1484/200
f 3123/1484/200 3124/1462/200 3126/1486/200
f 3127/1486/200 3125/1462/200 3109/1484/200
f 3125/1462/200 3108/1460/200 3109/1484/200
f 3128/1487/1076 3129/1488/1076 3130/1489/1076
f 3129/1488/1076 3131/1490/1077 3130/1489/1076
f 3132/1491/1078 3133/1487/1078 3134/1492/1078
f 3133/1487/1078 3135/1489/1078 3134/1492/1078
f 3136/1493/1079 3137/1488/1079 3138/1491/1079
f 3137/1488/1079 3139/1487/1079 3138/1491/1079
f 3140/1494/1080 3141/1490/1080 3142/1493/1080
f 3141/1490/1080 3143/1488/1080 3142/1493/1080
f 3144/1492/1081 3145/1489/1081 3146/1494/1081
f 3145/1489/1081 3147/1490/1081 3146/1494/1081
f 3148/1495/1082 3149/1496/1083 3150/1497/1084
f 3149/1496/1083 3151/1498/1085 3150/1497/1084
f 3152/1499/1086 3153/1500/1087 3154/1501/1088
f 3154/1501/1088 3153/1500/1087 3155/1502/1089
f 3153/1500/1087 3156/1503/1090 3155/1502/1089
f 3155/1502/1089 3156/1503/1090 3157/1504/1091
f 3156/1503/1090 3158/1505/1092 3157/1504/1091
f 3157/1504/1091 3158/1505/1092 3159/1506/1093
f 3158/1505/1092 3160/1507/1094 3159/1506/1093
f 3152/1499/1086 3154/1501/1088 3161/1508/1095
f 3154/1501/1088 3162/1509/1096 3161/1508/1095
f 3161/1508/1095 3162/1509/1096 3163/1510/1097
f 3162/1509/1096 3154/1501/1088 3164/1511/1098
f 3154/1501/1088 3155/1502/1089 3164/1511/1098
f 3164/1511/1098 3155/1502/1089 3165/1512/1099
f 3155/1502/1089 3157/1504/1091 3165/1512/1099
f 3165/1512/1099 3157/1504/1091 3166/1513/1100
f 3157/1504/1091 3159/1506/1093 3166/1513/1100
f 3166/1513/1100 3159/1506/1093 3167/1514/1101
f 3159/1506/1093 3168/1515/1102 3167/1514/1101
f 3167/1514/1101 3168/1515/1102 3169/1516/1097
f 3169/1516/1097 3168/1515/1102 3170/1517/1095
f 3168/1515/1102 3171/1518/1103 3170/1517/1095
f 3170/1517/1095 3171/1518/1103 3172/1519/1104
f 3159/1506/1093 3160/1507/1094 3168/1515/1102
f 3168/1515/1102 3160/1507/1094 3171/1518/1103
f 3169/1516/1097 3173/1520/1105 3167/1514/1101
f 3167/1514/1101 3173/1520/1105 3174/1521/1106
f 3173/1520/1105 3175/1522/1107 3174/1521/1106
f 3167/1514/1101 3174/1521/1106 3166/1513/1100
f 3174/1521/1106 3176/1523/1108 3166/1513/1100
f 3166/1513/1100 3176/1523/1108 3165/1512/1099
f 3176/1523/1108 3177/1524/1109 3165/1512/1099
f 3165/1512/1099 3177/1524/1109 3164/1511/1098
f 3177/1524/1109 3178/1525/1110 3164/1511/1098
f 3164/1511/1098 3178/1525/1110 3162/1509/1096
f 3178/1525/1110 3179/1526/1111 3162/1509/1096
f 3162/1509/1096 3179/1526/1111 3163/1510/1097
f 3163/1510/1097 3179/1526/1111 3180/1527/1105
f 3179/1526/1111 3181/1528/1112 3180/1527/1105
f 3180/1527/1105 3181/1528/1112 3182/1529/1113
f 3181/1528/1112 3183/1530/1114 3182/1529/1113
f 3182/1529/1113 3183/1530/1114 3184/1531/1115
f 3183/1530/1114 3181/1528/1112 3185/1532/1116
f 3185/1532/1116 3181/1528/1112 3186/1533/1117
f 3181/1528/1112 3179/1526/1111 3186/1533/1117
f 3179/1526/1111 3178/1525/1110 3186/1533/1117
f 3186/1533/1117 3178/1525/1110 3187/1534/1118
f 3178/1525/1110 3177/1524/1109 3187/1534/1118
f 3187/1534/1118 3177/1524/1109 3188/1535/1119
f 3177/1524/1109 3176/1523/1108 3188/1535/1119
f 3188/1535/1119 3176/1523/1108 3189/1536/1120
f 3176/1523/1108 3174/1521/1106 3189/1536/1120
f 3174/1521/1106 3175/1522/1107 3189/1536/1120
f 3175/1522/1107 3190/1537/1121 3189/1536/1120
f 3190/1537/1121 3191/1538/1122 3189/1536/1120
f 3189/1536/1120 3191/1538/1122 3188/1535/1119
f 3191/1538/1122 3192/1539/1123 3188/1535/1119
f 3188/1535/1119 3192/1539/1123 3187/1534/1118
f 3192/1539/1123 3193/1540/1124 3187/1534/1118
f 3187/1534/1118 3193/1540/1124 3186/1533/1117
f 3193/1540/1124 3185/1532/1116 3186/1533/1117
f 3194/1541/1125 3195/1497/1125 3196/1542/1125
f 3195/1497/1125 3197/1498/1125 3196/1542/1125
f 3198/1543/1126 3199/1496/1126 3200/1544/1126
f 3199/1496/1126 3201/1495/1126 3200/1544/1126
f 3202/1541/1127 3203/1542/1128 3204/1545/1129
f 3203/1542/1128 3205/1546/1130 3204/1545/1129
f 3206/1500/1131 3207/1547/1132 3208/1503/1133
f 3207/1547/1132 3209/1548/1131 3208/1503/1133
f 3208/1503/1133 3209/1548/1131 3210/1549/1131
f 3207/1547/1132 3211/1550/1134 3209/1548/1131
f 3212/1538/200 3213/1551/200 3214/1539/200
f 3213/1551/200 3215/1552/200 3214/1539/200
f 3214/1539/200 3215/1552/200 3216/1553/200
f 3213/1551/200 3217/1554/200 3215/1552/200
f 3218/1555/1135 3219/1556/1136 3220/1557/1137
f 3219/1556/1136 3221/1558/1138 3220/1557/1137
f 3222/1559/1139 3223/1560/1140 3224/1561/1141
f 3223/1560/1140 3225/1562/1142 3224/1561/1141
f 3226/1557/1143 3227/1558/1143 3228/1563/1143
f 3227/1558/1143 3229/1564/1144 3228/1563/1143
f 3230/1565/1145 3231/1557/1146 3232/1566/213
f 3231/1557/1146 3233/1563/1146 3232/1566/213
f 3234/1560/1147 3235/1558/1148 3236/1562/1149
f 3235/1558/1148 3237/1556/1148 3236/1562/1149
f 3238/1567/1150 3239/1568/1151 3240/1569/1150
f 3240/1569/1150 3239/1568/1151 3241/1570/1152
f 3241/1570/1152 3239/1568/1151 3242/1571/1150
f 3239/1568/1151 3243/1572/1150 3242/1571/1150
f 3243/1572/1150 3244/1573/1152 3242/1571/1150
f 3242/1571/1150 3244/1573/1152 3245/1574/1150
f 3246/1575/1153 3248/1576/1154 3247/1577/1155
f 3247/1577/1155 3248/1576/1154 3249/1578/1156
f 3247/1577/1155 3250/1579/1157 3246/1575/1153
f 3246/1575/1153 3250/1579/1157 3251/1580/1158
f 3250/1579/1157 3252/1581/1159 3251/1580/1158
f 3251/1580/1158 3252/1581/1159 3253/1582/1160
f 3252/1581/1159 3254/1583/1161 3253/1582/1160
f 3253/1582/1160 3254/1583/1161 3255/1584/1162
f 3254/1583/1161 3256/1585/1163 3255/1584/1162
f 3255/1584/1162 3256/1585/1163 3257/1586/1164
f 3256/1585/1163 3258/1587/1165 3257/1586/1164
f 3257/1586/1164 3258/1587/1165 3259/1588/1166
f 3258/1587/1165 3260/1589/1167 3259/1588/1166
f 3259/1588/1166 3260/1589/1167 3261/1590/1168
f 3260/1589/1167 3249/1578/1156 3261/1590/1168
f 3261/1590/1168 3249/1578/1156 3248/1576/1154
f 3262/1591/1169 3264/1575/1170 3263/1592/1171
f 3264/1575/1170 3265/1580/1172 3263/1592/1171
f 3263/1592/1171 3265/1580/1172 3266/1593/1173
f 3265/1580/1172 3267/1582/1173 3266/1593/1173
f 3266/1593/1173 3267/1582/1173 3268/1594/1174
f 3267/1582/1173 3269/1584/1174 3268/1594/1174
f 3270/1586/1175 3271/1595/1175 3272/1584/1175
f 3271/1595/1175 3273/1594/1176 3272/1584/1175
f 3274/1595/1177 3275/1586/1178 3276/1596/1179
f 3275/1586/1178 3277/1588/1179 3276/1596/1179
f 3276/1596/1179 3277/1588/1179 3278/1597/1180
f 3277/1588/1179 3279/1590/1181 3278/1597/1180
f 3278/1597/1180 3279/1590/1181 3280/1598/1182
f 3279/1590/1181 3281/1576/1182 3280/1598/1182
f 3282/1585/1183 3283/1583/1184 3284/1599/1185
f 3283/1583/1184 3285/1600/1186 3284/1599/1185
f 3284/1599/1185 3286/1601/1187 3282/1585/1183
f 3282/1585/1183 3286/1601/1187 3287/1587/1188
f 3286/1601/1187 3288/1602/1189 3287/1587/1188
f 3287/1587/1188 3288/1602/1189 3289/1589/1190
f 3288/1602/1189 3290/1603/1191 3289/1589/1190
f 3289/1589/1190 3290/1603/1191 3291/1578/1192
f 3290/1603/1191 3292/1604/1193 3291/1578/1192
f 3291/1578/1192 3292/1604/1193 3293/1577/1194
f 3292/1604/1193 3294/1605/1195 3293/1577/1194
f 3293/1577/1194 3294/1605/1195 3295/1579/1196
f 3294/1605/1195 3296/1606/1197 3295/1579/1196
f 3295/1579/1196 3296/1606/1197 3297/1581/1198
f 3296/1606/1197 3285/1600/1186 3297/1581/1198
f 3297/1581/1198 3285/1600/1186 3283/1583/1184
f 3298/1575/1199 3300/1591/1200 3299/1576/1200
f 3299/1576/1200 3300/1591/1200 3301/1598/1199
f 3302/1607/1201 3304/1608/1201 3303/1609/1201
f 3303/1609/1201 3304/1608/1201 3305/1610/1201
f 3304/1608/1201 3306/1611/1201 3305/1610/1201
f 3305/1610/1201 3306/1611/1201 3307/1612/1201
f 3306/1611/1201 3308/1613/1201 3307/1612/1201
f 3304/1608/1201 3309/1614/1201 3306/1611/1201
f 3310/1593/1152 3312/1594/1152 3311/1615/1150
f 3311/1615/1150 3312/1594/1152 3313/1616/1152
f 3311/1615/1150 3314/1617/1150 3310/1593/1152
f 3310/1593/1152 3314/1617/1150 3315/1592/1150
f 3314/1617/1150 3316/1618/1152 3315/1592/1150
f 3315/1592/1150 3316/1618/1152 3317/1591/1150
f 3316/1618/1152 3318/1619/1152 3317/1591/1150
f 3317/1591/1150 3318/1619/1152 3319/1598/1150
f 3318/1619/1152 3320/1620/1152 3319/1598/1150
f 3319/1598/1150 3320/1620/1152 3321/1597/1152
f 3320/1620/1152 3322/1621/1152 3321/1597/1152
f 3321/1597/1152 3322/1621/1152 3323/1596/1152
f 3322/1621/1152 3324/1622/1152 3323/1596/1152
f 3323/1596/1152 3324/1622/1152 3325/1595/1152
f 3324/1622/1152 3313/1616/1152 3325/1595/1152
f 3325/1595/1152 3313/1616/1152 3312/1594/1152
f 3326/1617/1202 3328/1615/1203 3327/1568/1204
f 3327/1568/1204 3328/1615/1203 3329/1572/1205
f 3327/1568/1204 3330/1567/1206 3326/1617/1202
f 3326/1617/1202 3330/1567/1206 3331/1618/1207
f 3330/1567/1206 3332/1569/1208 3331/1618/1207
f 3331/1618/1207 3332/1569/1208 3333/1619/1209
f 3332/1569/1208 3334/1570/1210 3333/1619/1209
f 3333/1619/1209 3334/1570/1210 3335/1620/1211
f 3334/1570/1210 3336/1571/1212 3335/1620/1211
f 3335/1620/1211 3336/1571/1212 3337/1621/1213
f 3336/1571/1212 3338/1574/1214 3337/1621/1213
f 3337/1621/1213 3338/1574/1214 3339/1622/1215
f 3338/1574/1214 3340/1573/1216 3339/1622/1215
f 3339/1622/1215 3340/1573/1216 3341/1616/1217
f 3340/1573/1216 3329/1572/1205 3341/1616/1217
f 3341/1616/1217 3329/1572/1205 3328/1615/1203
f 3342/1623/1218 3344/1624/1219 3343/1625/1220
f 3343/1625/1220 3344/1624/1219 3345/1626/1221
f 3343/1625/1220 3346/1627/1222 3342/1623/1218
f 3342/1623/1218 3346/1627/1222 3347/1628/1223
f 3346/1627/1222 3348/1629/1223 3347/1628/1223
f 3347/1628/1223 3348/1629/1223 3349/1630/1224
f 3348/1629/1223 3350/1631/1225 3349/1630/1224
f 3349/1630/1224 3350/1631/1225 3351/1632/1226
f 3350/1631/1225 3352/1633/1227 3351/1632/1226
f 3351/1632/1226 3352/1633/1227 3353/1634/1228
f 3352/1633/1227 3354/1635/1229 3353/1634/1228
f 3353/1634/1228 3354/1635/1229 3355/1636/1230
f 3354/1635/1229 3356/1637/1230 3355/1636/1230
f 3355/1636/1230 3356/1637/1230 3357/1638/1231
f 3356/1637/1230 3358/1639/1232 3357/1638/1231
f 3357/1638/1231 3358/1639/1232 3359/1640/1233
f 3358/1639/1232 3360/1641/1233 3359/1640/1233
f 3359/1640/1233 3360/1641/1233 3361/1642/1234
f 3360/1641/1233 3362/1643/1235 3361/1642/1234
f 3361/1642/1234 3362/1643/1235 3363/1644/1236
f 3362/1643/1235 3364/1645/1236 3363/1644/1236
f 3363/1644/1236 3364/1645/1236 3365/1646/1237
f 3364/1645/1236 3345/1626/1221 3365/1646/1237
f 3365/1646/1237 3345/1626/1221 3344/1624/1219
f 3366/1623/202 3368/1647/1238 3367/1624/202
f 3368/1647/1238 3369/1648/1239 3367/1624/202
f 3367/1624/202 3369/1648/1239 3370/1646/202
f 3369/1648/1239 3371/1649/1240 3370/1646/202
f 3370/1646/202 3371/1649/1240 3372/1644/202
f 3371/1649/1240 3373/1650/1241 3372/1644/202
f 3372/1644/202 3373/1650/1241 3374/1642/202
f 3373/1650/1241 3375/1651/1242 3374/1642/202
f 3374/1642/202 3375/1651/1242 3376/1640/316
f 3375/1651/1242 3377/1652/1243 3376/1640/316
f 3376/1640/316 3377/1652/1243 3378/1638/316
f 3377/1652/1243 3379/1653/1244 3378/1638/316
f 3378/1638/316 3379/1653/1244 3380/1636/316
f 3379/1653/1244 3381/1654/1245 3380/1636/316
f 3380/1636/316 3381/1654/1245 3382/1634/202
f 3381/1654/1245 3383/1655/1246 3382/1634/202
f 3382/1634/202 3383/1655/1246 3384/1632/202
f 3383/1655/1246 3385/1656/1247 3384/1632/202
f 3384/1632/202 3385/1656/1247 3386/1630/202
f 3385/1656/1247 3387/1657/1248 3386/1630/202
f 3386/1630/202 3387/1657/1248 3388/1628/202
f 3387/1657/1248 3389/1658/1249 3388/1628/202
f 3388/1628/202 3389/1658/1249 3366/1623/202
f 3366/1623/202 3389/1658/1249 3368/1647/1238
f 3368/1647/1238 3389/1658/1249 3390/1659/1042
f 3389/1658/1249 3387/1657/1248 3390/1659/1042
f 3387/1657/1248 3385/1656/1247 3390/1659/1042
f 3385/1656/1247 3383/1655/1246 3390/1659/1042
f 3383/1655/1246 3381/1654/1245 3390/1659/1042
f 3381/1654/1245 3379/1653/1244 3390/1659/1042
f 3379/1653/1244 3377/1652/1243 3390/1659/1042
f 3377/1652/1243 3375/1651/1242 3390/1659/1042
f 3375/1651/1242 3373/1650/1241 3390/1659/1042
f 3373/1650/1241 3371/1649/1240 3390/1659/1042
f 3371/1649/1240 3369/1648/1239 3390/1659/1042
f 3390/1659/1042 3369/1648/1239 3368/1647/1238
f 3391/1660/1250 3393/1661/1251 3392/1662/1251
f 3392/1662/1251 3393/1661/1251 3394/1663/1252
f 3392/1662/1251 3395/1664/1250 3391/1660/1250
f 3391/1660/1250 3395/1664/1250 3396/1665/1253
f 3395/1664/1250 3397/1666/1254 3396/1665/1253
f 3396/1665/1253 3397/1666/1254 3398/1667/1255
f 3397/1666/1254 3399/1668/1255 3398/1667/1255
f 3398/1667/1255 3399/1668/1255 3400/1669/1256
f 3399/1668/1255 3401/1670/1256 3400/1669/1256
f 3400/1669/1256 3401/1670/1256 3402/1671/1257
f 3401/1670/1256 3403/1672/1258 3402/1671/1257
f 3402/1671/1257 3403/1672/1258 3404/1673/1259
f 3403/1672/1258 3405/1674/1260 3404/1673/1259
f 3404/1673/1259 3405/1674/1260 3406/1675/1261
f 3405/1674/1260 3407/1676/1261 3406/1675/1261
f 3406/1675/1261 3407/1676/1261 3408/1677/1262
f 3407/1676/1261 3409/1678/1262 3408/1677/1262
f 3408/1677/1262 3409/1678/1262 3410/1679/1263
f 3409/1678/1262 3394/1663/1252 3410/1679/1263
f 3410/1679/1263 3394/1663/1252 3393/1661/1251
f 3411/1660/202 3413/1680/1264 3412/1661/202
f 3413/1680/1264 3414/1681/1265 3412/1661/202
f 3412/1661/202 3414/1681/1265 3415/1679/202
f 3414/1681/1265 3416/1682/1266 3415/1679/202
f 3415/1679/202 3416/1682/1266 3417/1677/202
f 3416/1682/1266 3418/1683/1267 3417/1677/202
f 3417/1677/202 3418/1683/1267 3419/1675/202
f 3418/1683/1267 3420/1684/1268 3419/1675/202
f 3419/1675/202 3420/1684/1268 3421/1673/202
f 3420/1684/1268 3422/1685/1269 3421/1673/202
f 3421/1673/202 3422/1685/1269 3423/1671/202
f 3422/1685/1269 3424/1686/1270 3423/1671/202
f 3423/1671/202 3424/1686/1270 3425/1669/202
f 3424/1686/1270 3426/1687/1271 3425/1669/202
f 3425/1669/202 3426/1687/1271 3427/1667/202
f 3426/1687/1271 3428/1688/1272 3427/1667/202
f 3427/1667/202 3428/1688/1272 3429/1665/202
f 3428/1688/1272 3430/1689/1273 3429/1665/202
f 3429/1665/202 3430/1689/1273 3411/1660/202
f 3411/1660/202 3430/1689/1273 3413/1680/1264
f 3413/1680/1264 3430/1689/1273 3431/1690/1042
f 3430/1689/1273 3428/1688/1272 3431/1690/1042
f 3428/1688/1272 3426/1687/1271 3431/1690/1042
f 3426/1687/1271 3424/1686/1270 3431/1690/1042
f 3424/1686/1270 3422/1685/1269 3431/1690/1042
f 3422/1685/1269 3420/1684/1268 3431/1690/1042
f 3420/1684/1268 3418/1683/1267 3431/1690/1042
f 3418/1683/1267 3416/1682/1266 3431/1690/1042
f 3416/1682/1266 3414/1681/1265 3431/1690/1042
f 3431/1690/1042 3414/1681/1265 3413/1680/1264
f 3433/1691/1274 3436/1692/1275 3435/1693/1274
f 3435/1693/1274 3436/1692/1275 3437/1694/1276
f 3432/1691/1274 3434/1693/1274 3438/1692/1277
f 3434/1693/1274 3439/1694/1278 3438/1692/1277
f 3438/1692/1277 3439/1694/1278 3440/1695/1279
f 3439/1694/1278 3441/1696/1280 3440/1695/1279
f 3441/1696/1280 3443/1697/1281 3440/1695/1279
f 3440/1695/1279 3443/1697/1281 3444/1698/1282
f 3445/1698/1282 3442/1697/1283 3446/1695/1284
f 3442/1697/1283 3447/1696/1285 3446/1695/1284
f 3447/1696/1285 3437/1694/1276 3446/1695/1284
f 3446/1695/1284 3437/1694/1276 3436/1692/1275
f 3448/1692/1286 3451/1691/1286 3449/1699/1287
f 3449/1699/1287 3451/1691/1286 3453/1700/1286
f 3452/1700/1286 3450/1691/1286 3454/1699/1288
f 3450/1691/1286 3455/1692/1288 3454/1699/1288
f 3456/1701/1289 3457/1702/1290 3459/1703/1291
f 3458/1702/1290 3461/1701/1292 3460/1703/1291
f 3460/1703/1291 3461/1701/1292 3462/1704/1293
f 3462/1704/1293 3461/1701/1292 3463/1705/1294
f 3461/1701/1292 3464/1706/1295 3463/1705/1294
f 3463/1705/1294 3464/1706/1295 3466/1707/1296
f 3464/1706/1295 3468/1708/1297 3466/1707/1296
f 3467/1708/1297 3469/1706/1298 3465/1707/1299
f 3465/1707/1299 3469/1706/1298 3470/1705/1300
f 3469/1706/1298 3456/1701/1289 3470/1705/1300
f 3470/1705/1300 3456/1701/1289 3471/1704/1301
f 3456/1701/1289 3459/1703/1291 3471/1704/1301
f 3472/1694/1302 3473/1704/1302 3474/1693/1302
f 3473/1704/1302 3476/1703/1302 3474/1693/1302
f 3477/1703/1302 3478/1704/1303 3475/1693/1302
f 3475/1693/1302 3478/1704/1303 3479/1694/1303
f 3480/1699/1304 3482/1709/1305 3481/1692/1304
f 3481/1692/1304 3482/1709/1305 3483/1695/1306
f 3484/1694/1307 3486/1696/1308 3485/1704/1307
f 3485/1704/1307 3486/1696/1308 3487/1705/1308
f 3488/1710/1309 3490/1711/1309 3489/1712/1309
f 3489/1712/1309 3490/1711/1309 3491/1713/1309
f 3492/1712/200 3494/1714/200 3493/1715/200
f 3493/1715/200 3494/1714/200 3496/1716/200
f 3497/1716/200 3495/1714/200 3498/1715/200
f 3495/1714/200 3499/1712/200 3498/1715/200
f 3500/1715/209 3502/1716/209 3503/1717/209
f 3503/1717/209 3502/1716/209 3504/1718/209
f 3505/1718/209 3501/1716/209 3506/1717/209
f 3501/1716/209 3507/1715/209 3506/1717/209
f 3508/1719/208 3509/1720/208 3511/1713/208
f 3511/1713/208 3509/1720/208 3512/1721/208
f 3513/1721/208 3510/1720/208 3514/1713/208
f 3510/1720/208 3515/1719/208 3514/1713/208
f 3516/1713/202 3518/1721/202 3519/1712/202
f 3519/1712/202 3518/1721/202 3520/1714/202
f 3521/1714/202 3517/1721/202 3522/1712/202
f 3517/1721/202 3523/1713/202 3522/1712/202
s 0
f 3524/1722/1310 3526/1723/1310 3528/1724/1310
s 1
f 3525/1723/1311 3529/1725/1311 3527/1724/1311
f 3530/1726/1312 3531/1727/1312 3532/1728/1313
f 3531/1727/1312 3533/1729/1312 3532/1728/1313
f 3534/1730/1314 3535/1726/1315 3536/1731/1316
f 3535/1726/1315 3537/1728/1317 3536/1731/1316
f 3538/1723/1318 3539/1732/1318 3540/1725/1318
f 3539/1732/1318 3541/1733/1318 3540/1725/1318
f 3542/1722/1319 3543/1729/1320 3544/1723/1321
f 3543/1729/1320 3545/1727/1322 3544/1723/1321
f 3546/1724/1323 3547/1734/1323 3548/1722/1323
f 3547/1734/1323 3549/1735/1323 3548/1722/1323
f 3550/1736/1324 3551/1737/1324 3552/1738/1325
f 3551/1737/1324 3553/1739/1325 3552/1738/1325
f 3553/1739/1325 3554/1740/1325 3552/1738/1325
f 3552/1738/1325 3554/1740/1325 3555/1741/1325
f 3556/1742/1326 3558/1737/1326 3557/1743/1326
f 3557/1743/1326 3558/1737/1326 3559/1736/1327
f 3560/1742/1328 3562/1744/1329 3561/1737/1328
f 3561/1737/1328 3562/1744/1329 3563/1739/1330
f 3563/1739/1330 3562/1744/1329 3564/1740/1331
f 3562/1744/1329 3565/1745/1331 3564/1740/1331
f 3566/1746/1332 3567/1741/1333 3568/1745/1333
f 3567/1741/1333 3569/1740/1334 3568/1745/1333
f 3570/1746/1335 3571/1747/1336 3572/1741/1335
f 3572/1741/1335 3571/1747/1336 3573/1738/1337
f 3573/1738/1337 3571/1747/1336 3574/1736/1338
f 3571/1747/1336 3575/1743/1338 3574/1736/1338
f 3576/1748/1339 3577/1749/1340 3578/1750/1339
f 3578/1750/1339 3577/1749/1340 3579/1751/1340
f 3577/1749/1340 3580/1752/1341 3579/1751/1340
f 3579/1751/1340 3580/1752/1341 3581/1753/1341
f 3580/1752/1341 3582/1754/1342 3581/1753/1341
f 3581/1753/1341 3582/1754/1342 3583/1755/1343
f 3582/1754/1342 3584/1756/1344 3583/1755/1343
f 3583/1755/1343 3584/1756/1344 3585/1757/1345
f 3584/1756/1344 3586/1758/1346 3585/1757/1345
f 3585/1757/1345 3586/1758/1346 3587/1759/1346
f 3586/1758/1346 3588/1760/1339 3587/1759/1346
f 3587/1759/1346 3588/1760/1339 3589/1761/1339
f 3590/1762/1339 3592/1763/1340 3591/1764/1339
f 3591/1764/1339 3592/1763/1340 3593/1765/1340
f 3592/1763/1340 3594/1766/1341 3593/1765/1340
f 3593/1765/1340 3594/1766/1341 3595/1767/1347
f 3594/1766/1341 3596/1768/1343 3595/1767/1347
f 3595/1767/1347 3596/1768/1343 3597/1769/1342
f 3596/1768/1343 3598/1770/1344 3597/1769/1342
f 3597/1769/1342 3598/1770/1344 3599/1771/1344
f 3598/1770/1344 3600/1772/1346 3599/1771/1344
f 3599/1771/1344 3600/1772/1346 3601/1773/1348
f 3600/1772/1346 3602/1774/1339 3601/1773/1348
f 3601/1773/1348 3602/1774/1339 3603/1775/1339
f 3604/1776/208 3606/1777/208 3605/1778/208
f 3605/1778/208 3606/1777/208 3607/1765/208
f 3606/1777/208 3608/1764/208 3607/1765/208
f 3609/1779/208 3605/1778/208 3607/1765/208
f 3610/1780/203 3612/1781/203 3611/1782/203
f 3611/1782/203 3612/1781/203 3613/1751/203
f 3612/1781/203 3614/1783/203 3613/1751/203
f 3615/1753/208 3611/1782/203 3613/1751/203
f 3616/1784/200 3618/1785/200 3617/1786/200
f 3617/1786/200 3618/1785/200 3619/1752/200
f 3618/1785/200 3620/1787/200 3619/1752/200
f 3621/1749/200 3617/1786/200 3619/1752/200
f 3622/1788/200 3624/1789/200 3623/1790/200
f 3623/1790/200 3624/1789/200 3625/1763/200
f 3624/1789/200 3626/1791/200 3625/1763/200
f 3627/1762/200 3623/1790/200 3625/1763/200
f 3628/1792/1349 3630/1793/1349 3629/1794/1350
f 3629/1794/1350 3630/1793/1349 3631/1795/1350
f 3632/1796/1351 3634/1797/1351 3633/1792/1351
f 3633/1792/1351 3634/1797/1351 3635/1793/1351
f 3636/1798/1352 3638/1799/1353 3637/1796/1353
f 3637/1796/1353 3638/1799/1353 3639/1797/1352
f 3640/1800/1354 3642/1801/1354 3641/1798/1355
f 3641/1798/1355 3642/1801/1354 3643/1799/1355
f 3644/1802/1356 3646/1803/1357 3645/1800/1356
f 3645/1800/1356 3646/1803/1357 3647/1801/1356
f 3648/1794/1358 3650/1795/1358 3649/1802/1359
f 3649/1802/1359 3650/1795/1358 3651/1803/1358
f 3652/1793/1360 3654/1797/1360 3653/1795/1360
f 3653/1795/1360 3654/1797/1360 3655/1801/1361
f 3654/1797/1360 3656/1799/1362 3655/1801/1361
f 3657/1803/1361 3653/1795/1360 3655/1801/1361
f 3658/1804/1354 3660/1805/1354 3659/1806/1355
f 3659/1806/1355 3660/1805/1354 3661/1807/1355
f 3662/1808/1363 3664/1809/1356 3663/1804/1356
f 3663/1804/1356 3664/1809/1356 3665/1805/1356
f 3666/1810/1358 3668/1811/1364 3667/1808/1359
f 3667/1808/1359 3668/1811/1364 3669/1809/1358
f 3670/1809/1361 3673/1811/1360 3671/1805/1361
f 3671/1805/1361 3673/1811/1360 3675/1807/1361
f 3674/1807/1361 3672/1811/1360 3676/1805/1360
f 3672/1811/1360 3677/1809/1360 3676/1805/1360
f 3678/1812/1365 3679/1813/1366 3680/1814/1367
f 3679/1813/1366 3681/1815/1367 3680/1814/1367
f 3681/1815/1367 3682/1816/1368 3680/1814/1367
f 3680/1814/1367 3682/1816/1368 3683/1817/1369
f 3683/1817/1369 3682/1816/1368 3684/1818/1370
f 3682/1816/1368 3685/1819/1371 3684/1818/1370
f 3685/1819/1371 3686/1820/1372 3684/1818/1370
f 3684/1818/1370 3686/1820/1372 3687/1821/1372
f 3687/1821/1372 3686/1820/1372 3688/1822/1373
f 3686/1820/1372 3689/1823/1374 3688/1822/1373
f 3690/1824/1375 3691/1812/1375 3692/1825/1375
f 3691/1812/1375 3693/1814/1375 3692/1825/1375
f 3693/1814/1375 3694/1817/1375 3692/1825/1375
f 3692/1825/1375 3694/1817/1375 3695/1826/1375
f 3694/1817/1375 3696/1818/1375 3695/1826/1375
f 3695/1826/1375 3696/1818/1375 3697/1827/1375
f 3696/1818/1375 3698/1821/1375 3697/1827/1375
f 3697/1827/1375 3698/1821/1375 3699/1828/1375
f 3698/1821/1375 3700/1822/1375 3699/1828/1375
f 3699/1828/1375 3700/1822/1375 3701/1829/1375
f 3702/1830/1376 3704/1823/1376 3703/1831/1376
f 3704/1823/1376 3705/1820/1376 3703/1831/1376
f 3705/1820/1376 3706/1819/1376 3703/1831/1376
f 3703/1831/1376 3706/1819/1376 3707/1832/1376
f 3706/1819/1376 3708/1816/1376 3707/1832/1376
f 3707/1832/1376 3708/1816/1376 3709/1833/1376
f 3708/1816/1376 3710/1815/1376 3709/1833/1376
f 3709/1833/1376 3710/1815/1376 3711/1834/1376
f 3710/1815/1376 3712/1813/1376 3711/1834/1376
f 3711/1834/1376 3712/1813/1376 3713/1835/1376
f 3714/1829/1377 3716/1836/1377 3715/1828/1378
f 3716/1836/1377 3717/1837/1379 3715/1828/1378
f 3717/1837/1379 3718/1838/1380 3715/1828/1378
f 3715/1828/1378 3718/1838/1380 3719/1827/1381
f 3718/1838/1380 3720/1839/1382 3719/1827/1381
f 3719/1827/1381 3720/1839/1382 3721/1826/1383
f 3720/1839/1382 3722/1840/1384 3721/1826/1383
f 3721/1826/1383 3722/1840/1384 3723/1825/1384
f 3722/1840/1384 3724/1841/1385 3723/1825/1384
f 3723/1825/1384 3724/1841/1385 3725/1824/1385
f 3726/1842/1386 3728/1843/1386 3727/1844/1386
f 3727/1844/1386 3728/1843/1386 3729/1845/1387
f 3730/1846/1388 3732/1845/1388 3731/1847/1388
f 3731/1847/1388 3732/1845/1388 3733/1843/1388
f 3734/1848/1337 3736/1849/1389 3735/1850/1390
f 3735/1850/1390 3736/1849/1389 3737/1851/1391
f 3738/1850/1392 3740/1846/1393 3739/1848/1394
f 3739/1848/1394 3740/1846/1393 3741/1847/1395
s 0
f 3742/1852/195 3744/1853/195 3743/1854/195
f 3743/1854/195 3744/1853/195 3745/1855/195
s 1
f 3746/1856/1396 3748/1857/1397 3747/1858/1398
f 3747/1858/1398 3748/1857/1397 3749/1853/1397
s 0
f 3750/1859/190 3752/1860/190 3751/1861/190
f 3751/1861/190 3752/1860/190 3753/1857/190
s 1
f 3754/1862/1399 3756/1855/1399 3755/1863/1399
f 3755/1863/1399 3756/1855/1399 3757/1860/1400
f 3758/1855/1401 3760/1853/1402 3759/1860/1401
f 3759/1860/1401 3760/1853/1402 3761/1857/1402
s 0
f 3762/1864/195 3764/1865/195 3763/1866/195
f 3763/1866/195 3764/1865/195 3765/1867/195
s 1
f 3766/1868/1397 3768/1869/1403 3767/1870/1397
f 3767/1870/1397 3768/1869/1403 3769/1865/1397
s 0
f 3770/1871/190 3772/1872/190 3771/1873/190
f 3771/1873/190 3772/1872/190 3773/1869/190
s 1
f 3774/1874/1404 3777/1867/1404 3775/1875/1404
f 3776/1875/1399 3778/1867/1399 3779/1872/1399
f 3780/1867/1401 3782/1865/1401 3781/1872/1401
f 3781/1872/1401 3782/1865/1401 3783/1869/1401
f 3784/1876/209 3787/1877/209 3785/1878/209
f 3786/1878/209 3788/1877/209 3789/1876/404
f 3790/387/1078 3792/389/1405 3791/1879/1406
f 3791/1879/1406 3792/389/1405 3794/1880/1407
f 3793/389/1405 3796/1879/1408 3795/1880/1409
f 3796/1879/1408 3797/1881/1410 3795/1880/1409
f 3797/1881/1410 3799/1882/1410 3795/1880/1409
f 3798/1882/1410 3800/1881/1411 3794/1880/1407
f 3794/1880/1407 3800/1881/1411 3791/1879/1406
f 3793/389/1405 3801/387/1412 3796/1879/1408
f 3802/393/1413 3804/1883/201 3805/1884/201
f 3805/1884/201 3804/1883/201 3806/1885/1414
f 3806/1885/1414 3804/1883/201 3807/1886/200
f 3808/1886/200 3803/1883/201 3809/1885/1415
f 3809/1885/1415 3803/1883/201 3810/1884/200
f 3810/1884/200 3803/1883/201 3811/393/1416
f 3811/393/1416 3803/1883/201 3812/395/1413
f 3804/1883/201 3802/393/1413 3813/395/1413
f 3814/518/203 3816/528/203 3817/519/203
f 3817/519/203 3816/528/203 3819/521/203
f 3818/521/203 3815/528/203 3820/519/203
f 3815/528/203 3821/518/208 3820/519/203
f 3822/532/200 3823/520/200 3825/1887/200
f 3823/520/200 3827/522/200 3825/1887/200
f 3826/522/200 3828/520/200 3824/1887/200
f 3824/1887/200 3828/520/200 3829/532/200
f 3830/646/589 3833/645/1417 3832/1888/1418
f 3833/645/1417 3835/1889/1419 3832/1888/1418
f 3834/1889/1419 3836/645/1420 3831/1888/1418
f 3831/1888/1418 3836/645/1420 3837/646/1421
f 3838/1695/1422 3841/1709/1422 3840/1698/1422
f 3841/1709/1422 3843/1890/1422 3840/1698/1422
f 3842/1890/1422 3844/1709/1423 3839/1698/1422
f 3839/1698/1422 3844/1709/1423 3845/1695/1423
f 3846/1696/1424 3849/1697/1424 3847/1705/1424
f 3847/1705/1424 3849/1697/1424 3851/1707/1424
f 3850/1707/1424 3848/1697/1424 3852/1705/1425
f 3848/1697/1424 3853/1696/1425 3852/1705/1425
f 3854/1891/1116 3855/1892/1426 3856/1893/1427
f 3855/1892/1426 3857/1894/1428 3856/1893/1427
f 3855/1892/1426 3854/1891/1116 3858/1895/1429
f 3854/1891/1116 3859/1896/1430 3858/1895/1429
f 3858/1895/1429 3859/1896/1430 3860/1897/1431
f 3859/1896/1430 3861/1898/1432 3860/1897/1431
f 3860/1897/1431 3861/1898/1432 3862/1899/1433
f 3861/1898/1432 3863/1900/1434 3862/1899/1433
f 3862/1899/1433 3863/1900/1434 3864/1901/1435
f 3863/1900/1434 3865/1902/1436 3864/1901/1435
f 3864/1901/1435 3865/1902/1436 3866/1903/1437
f 3856/1893/1427 3857/1894/1428 3867/1904/1438
f 3857/1894/1428 3868/1905/1439 3867/1904/1438
f 3867/1904/1438 3868/1905/1439 3869/1906/1440
f 3868/1905/1439 3870/1907/1441 3869/1906/1440
f 3869/1906/1440 3870/1907/1441 3871/1908/1442
f 3870/1907/1441 3872/1909/1443 3871/1908/1442
f 3871/1908/1442 3872/1909/1443 3873/1910/1444
f 3872/1909/1443 3874/1911/1445 3873/1910/1444
f 3873/1910/1444 3874/1911/1445 3875/1912/1446
f 3874/1911/1445 3876/1913/1447 3875/1912/1446
f 3875/1912/1446 3876/1913/1447 3877/1914/1448
f 3876/1913/1447 3878/1915/1449 3877/1914/1448
f 3877/1914/1448 3878/1915/1449 3879/1916/1450
f 3878/1915/1449 3880/1917/1451 3879/1916/1450
f 3879/1916/1450 3880/1917/1451 3881/1918/1452
f 3880/1917/1451 3882/1919/1453 3881/1918/1452
f 3881/1918/1452 3882/1919/1453 3883/1920/1454
f 3882/1919/1453 3884/1921/1455 3883/1920/1454
f 3883/1920/1454 3884/1921/1455 3885/1922/1456
f 3884/1921/1455 3886/1923/1457 3885/1922/1456
f 3885/1922/1456 3886/1923/1457 3887/1924/1458
f 3886/1923/1457 3888/1925/1459 3887/1924/1458
f 3887/1924/1458 3888/1925/1459 3889/1926/1460
f 3888/1925/1459 3890/1927/1437 3889/1926/1460
f 3889/1926/1460 3890/1927/1437 3891/1928/1436
f 3892/1929/195 3894/1930/1461 3893/1931/1462
f 3893/1931/1462 3894/1930/1461 3895/1932/1463
f 3894/1930/1461 3896/1933/1464 3895/1932/1463
f 3896/1933/1464 3897/1934/1465 3895/1932/1463
f 3895/1932/1463 3897/1934/1465 3893/1931/1462
f 3892/1929/195 3898/1935/195 3894/1930/1461
f 3894/1930/1461 3898/1935/195 3899/1936/1466
f 3898/1935/195 3900/1937/195 3899/1936/1466
f 3899/1936/1466 3900/1937/195 3901/1938/1467
f 3900/1937/195 3902/1939/195 3901/1938/1467
f 3901/1938/1467 3902/1939/195 3903/1940/1468
f 3902/1939/195 3904/1941/195 3903/1940/1468
f 3903/1940/1468 3904/1941/195 3905/1942/1469
f 3904/1941/195 3906/1943/195 3905/1942/1469
f 3905/1942/1469 3906/1943/195 3907/1944/1470
f 3906/1943/195 3908/1945/195 3907/1944/1470
f 3907/1944/1470 3908/1945/195 3909/1946/1471
f 3908/1945/195 3910/1947/195 3909/1946/1471
f 3909/1946/1471 3910/1947/195 3911/1948/1472
f 3910/1947/195 3912/1949/195 3911/1948/1472
f 3911/1948/1472 3912/1949/195 3913/1950/1473
f 3912/1949/195 3914/1951/195 3913/1950/1473
f 3913/1950/1473 3914/1951/195 3915/1952/1474
f 3914/1951/195 3916/1953/195 3915/1952/1474
f 3915/1952/1474 3916/1953/195 3917/1954/1475
f 3916/1953/195 3918/1955/195 3917/1954/1475
f 3917/1954/1475 3918/1955/195 3919/1956/1476
f 3918/1955/195 3920/1957/195 3919/1956/1476
f 3919/1956/1476 3920/1957/195 3921/1958/1477
f 3920/1957/195 3922/1959/195 3921/1958/1477
f 3921/1958/1477 3922/1959/195 3923/1960/1478
f 3922/1959/195 3924/1961/195 3923/1960/1478
f 3923/1960/1478 3924/1961/195 3925/1962/1479
f 3924/1961/195 3926/1963/195 3925/1962/1479
f 3925/1962/1479 3926/1963/195 3927/1964/1480
f 3926/1963/195 3928/1965/195 3927/1964/1480
f 3927/1964/1480 3928/1965/195 3929/1966/1481
f 3928/1965/195 3930/1967/195 3929/1966/1481
f 3929/1966/1481 3930/1967/195 3893/1931/1462
f 3930/1967/195 3892/1929/195 3893/1931/1462
f 3894/1930/1461 3899/1936/1466 3896/1933/1464
f 3893/1931/1462 3897/1934/1465 3929/1966/1481
f 3929/1966/1481 3897/1934/1465 3931/1968/1482
f 3897/1934/1465 3932/1969/1483 3931/1968/1482
f 3931/1968/1482 3932/1969/1483 3927/1964/1480
f 3927/1964/1480 3932/1969/1483 3925/1962/1479
f 3932/1969/1483 3933/1970/1484 3925/1962/1479
f 3925/1962/1479 3933/1970/1484 3923/1960/1478
f 3933/1970/1484 3934/1971/1485 3923/1960/1478
f 3923/1960/1478 3934/1971/1485 3921/1958/1477
f 3934/1971/1485 3935/1972/1486 3921/1958/1477
f 3921/1958/1477 3935/1972/1486 3919/1956/1476
f 3935/1972/1486 3936/1973/1487 3919/1956/1476
f 3919/1956/1476 3936/1973/1487 3917/1954/1475
f 3936/1973/1487 3937/1974/1488 3917/1954/1475
f 3917/1954/1475 3937/1974/1488 3915/1952/1474
f 3937/1974/1488 3938/1975/1489 3915/1952/1474
f 3915/1952/1474 3938/1975/1489 3913/1950/1473
f 3938/1975/1489 3939/1976/1490 3913/1950/1473
f 3913/1950/1473 3939/1976/1490 3911/1948/1472
f 3939/1976/1490 3940/1977/1491 3911/1948/1472
f 3911/1948/1472 3940/1977/1491 3909/1946/1471
f 3940/1977/1491 3941/1978/1492 3909/1946/1471
f 3909/1946/1471 3941/1978/1492 3907/1944/1470
f 3927/1964/1480 3929/1966/1481 3931/1968/1482
f 3934/1971/1485 3933/1970/1484 3932/1969/1483
f 3935/1972/1486 3934/1971/1485 3936/1973/1487
f 3936/1973/1487 3934/1971/1485 3938/1975/1489
f 3934/1971/1485 3942/1979/1493 3938/1975/1489
f 3938/1975/1489 3942/1979/1493 3940/1977/1491
f 3940/1977/1491 3942/1979/1493 3941/1978/1492
f 3942/1979/1493 3907/1944/1470 3941/1978/1492
f 3938/1975/1489 3937/1974/1488 3936/1973/1487
f 3940/1977/1491 3939/1976/1490 3938/1975/1489
f 3897/1934/1465 3896/1933/1464 3932/1969/1483
f 3932/1969/1483 3896/1933/1464 3934/1971/1485
f 3934/1971/1485 3896/1933/1464 3942/1979/1493
f 3896/1933/1464 3943/1980/1494 3942/1979/1493
f 3942/1979/1493 3943/1980/1494 3944/1981/1495
f 3943/1980/1494 3903/1940/1468 3944/1981/1495
f 3903/1940/1468 3905/1942/1469 3944/1981/1495
f 3944/1981/1495 3905/1942/1469 3942/1979/1493
f 3905/1942/1469 3907/1944/1470 3942/1979/1493
f 3903/1940/1468 3943/1980/1494 3901/1938/1467
f 3943/1980/1494 3945/1982/1496 3901/1938/1467
f 3901/1938/1467 3945/1982/1496 3899/1936/1466
f 3899/1936/1466 3945/1982/1496 3896/1933/1464
f 3945/1982/1496 3943/1980/1494 3896/1933/1464
f 3946/1983/195 3947/1984/1497 3948/1985/195
f 3947/1984/1497 3949/1986/1498 3948/1985/195
f 3948/1985/195 3949/1986/1498 3950/1987/195
f 3949/1986/1498 3951/1988/1499 3950/1987/195
f 3950/1987/195 3951/1988/1499 3952/1989/195
f 3951/1988/1499 3953/1990/1500 3952/1989/195
f 3952/1989/195 3953/1990/1500 3954/1991/195
f 3953/1990/1500 3955/1992/1501 3954/1991/195
f 3954/1991/195 3955/1992/1501 3956/1993/195
f 3955/1992/1501 3957/1994/1502 3956/1993/195
f 3956/1993/195 3957/1994/1502 3958/1995/195
f 3957/1994/1502 3959/1996/1503 3958/1995/195
f 3958/1995/195 3959/1996/1503 3960/1997/195
f 3959/1996/1503 3961/1998/1504 3960/1997/195
f 3960/1997/195 3961/1998/1504 3962/1999/195
f 3961/1998/1504 3963/2000/1505 3962/1999/195
f 3962/1999/195 3963/2000/1505 3964/2001/195
f 3963/2000/1505 3965/2002/1506 3964/2001/195
f 3964/2001/195 3965/2002/1506 3966/2003/195
f 3965/2002/1506 3967/2004/1507 3966/2003/195
f 3966/2003/195 3967/2004/1507 3968/2005/195
f 3967/2004/1507 3969/2006/1508 3968/2005/195
f 3968/2005/195 3969/2006/1508 3970/2007/195
f 3969/2006/1508 3971/2008/1509 3970/2007/195
f 3970/2007/195 3971/2008/1509 3972/2009/195
f 3971/2008/1509 3973/2010/1510 3972/2009/195
f 3972/2009/195 3973/2010/1510 3974/2011/195
f 3973/2010/1510 3975/2012/1511 3974/2011/195
f 3974/2011/195 3975/2012/1511 3976/2013/195
f 3975/2012/1511 3977/2014/1512 3976/2013/195
f 3976/2013/195 3977/2014/1512 3978/2015/195
f 3977/2014/1512 3979/2016/1513 3978/2015/195
f 3978/2015/195 3979/2016/1513 3980/2017/195
f 3979/2016/1513 3981/2018/1514 3980/2017/195
f 3980/2017/195 3981/2018/1514 3946/1983/195
f 3946/1983/195 3981/2018/1514 3947/1984/1497
f 3981/2018/1514 3982/2019/1515 3947/1984/1497
f 3947/1984/1497 3982/2019/1515 3983/2020/1427
f 3982/2019/1515 3981/2018/1514 3984/2021/1430
f 3981/2018/1514 3979/2016/1513 3984/2021/1430
f 3984/2021/1430 3979/2016/1513 3985/2022/1516
f 3979/2016/1513 3977/2014/1512 3985/2022/1516
f 3985/2022/1516 3977/2014/1512 3986/2023/1517
f 3977/2014/1512 3975/2012/1511 3986/2023/1517
f 3986/2023/1517 3975/2012/1511 3987/2024/1436
f 3975/2012/1511 3973/2010/1510 3987/2024/1436
f 3987/2024/1436 3973/2010/1510 3988/2025/1518
f 3973/2010/1510 3971/2008/1509 3988/2025/1518
f 3988/2025/1518 3971/2008/1509 3989/2026/1519
f 3971/2008/1509 3969/2006/1508 3989/2026/1519
f 3989/2026/1519 3969/2006/1508 3990/2027/1520
f 3969/2006/1508 3967/2004/1507 3990/2027/1520
f 3990/2027/1520 3967/2004/1507 3991/2028/1521
f 3967/2004/1507 3965/2002/1506 3991/2028/1521
f 3991/2028/1521 3965/2002/1506 3992/2029/1452
f 3965/2002/1506 3963/2000/1505 3992/2029/1452
f 3992/2029/1452 3963/2000/1505 3993/2030/1522
f 3963/2000/1505 3961/1998/1504 3993/2030/1522
f 3993/2030/1522 3961/1998/1504 3994/2031/1448
f 3961/1998/1504 3959/1996/1503 3994/2031/1448
f 3994/2031/1448 3959/1996/1503 3995/2032/1523
f 3959/1996/1503 3957/1994/1502 3995/2032/1523
f 3995/2032/1523 3957/1994/1502 3996/2033/1524
f 3957/1994/1502 3955/1992/1501 3996/2033/1524
f 3996/2033/1524 3955/1992/1501 3997/2034/1525
f 3955/1992/1501 3953/1990/1500 3997/2034/1525
f 3997/2034/1525 3953/1990/1500 3998/2035/1526
f 3953/1990/1500 3951/1988/1499 3998/2035/1526
f 3998/2035/1526 3951/1988/1499 3999/2036/1438
f 3951/1988/1499 3949/1986/1498 3999/2036/1438
f 3999/2036/1438 3949/1986/1498 3983/2020/1427
f 3949/1986/1498 3947/1984/1497 3983/2020/1427
f 4000/1983/1527 4001/1985/1528 4002/1935/1529
f 4001/1985/1528 4003/1937/1530 4002/1935/1529
f 4002/1935/1529 4004/1929/1527 4000/1983/1527
f 4000/1983/1527 4004/1929/1527 4005/2017/1531
f 4004/1929/1527 4006/1967/1531 4005/2017/1531
f 4005/2017/1531 4006/1967/1531 4007/2015/1532
f 4006/1967/1531 4008/1965/1532 4007/2015/1532
f 4007/2015/1532 4008/1965/1532 4009/2013/1533
f 4008/1965/1532 4010/1963/1534 4009/2013/1533
f 4009/2013/1533 4010/1963/1534 4011/2011/1535
f 4010/1963/1534 4012/1961/1536 4011/2011/1535
f 4011/2011/1535 4012/1961/1536 4013/2009/1537
f 4012/1961/1536 4014/1959/1537 4013/2009/1537
f 4013/2009/1537 4014/1959/1537 4015/2007/1538
f 4014/1959/1537 4016/1957/1538 4015/2007/1538
f 4015/2007/1538 4016/1957/1538 4017/2005/1539
f 4016/1957/1538 4018/1955/1540 4017/2005/1539
f 4017/2005/1539 4018/1955/1540 4019/2003/1541
f 4018/1955/1540 4020/1953/1541 4019/2003/1541
f 4019/2003/1541 4020/1953/1541 4021/2001/1542
f 4020/1953/1541 4022/1951/1543 4021/2001/1542
f 4021/2001/1542 4022/1951/1543 4023/1999/1544
f 4022/1951/1543 4024/1949/1544 4023/1999/1544
f 4023/1999/1544 4024/1949/1544 4025/1997/1545
f 4024/1949/1544 4026/1947/1546 4025/1997/1545
f 4025/1997/1545 4026/1947/1546 4027/1995/1547
f 4026/1947/1546 4028/1945/1547 4027/1995/1547
f 4027/1995/1547 4028/1945/1547 4029/1993/1548
f 4028/1945/1547 4030/1943/1548 4029/1993/1548
f 4029/1993/1548 4030/1943/1548 4031/1991/1549
f 4030/1943/1548 4032/1941/1549 4031/1991/1549
f 4031/1991/1549 4032/1941/1549 4033/1989/1550
f 4032/1941/1549 4034/1939/1550 4033/1989/1550
f 4033/1989/1550 4034/1939/1550 4035/1987/1530
f 4034/1939/1550 4003/1937/1530 4035/1987/1530
f 4035/1987/1530 4003/1937/1530 4001/1985/1528
s 0
f 4036/2037/190 4038/2038/190 4037/2039/190
f 4037/2039/190 4038/2038/190 4039/2040/190
f 4038/2038/190 4040/2041/190 4039/2040/190
f 4039/2040/190 4040/2041/190 4042/2042/190
f 4043/2043/190 4037/2039/190 4039/2040/190
f 4044/2044/190 4046/2045/190 4038/2038/190
f 4046/2045/190 4048/2046/190 4038/2038/190
f 4038/2038/190 4048/2046/190 4040/2041/190
f 4048/2046/190 4049/2047/190 4040/2041/190
f 4040/2041/190 4049/2047/190 4050/2048/190
f 4049/2047/190 4053/2049/190 4051/2048/190
f 4045/2045/190 4054/2050/190 4047/2046/190
f 4055/2051/190 4056/2052/190 4048/2046/190
f 4048/2046/190 4056/2052/190 4049/2047/190
f 4056/2052/190 4057/2053/190 4049/2047/190
f 4052/2048/190 4058/2054/190 4041/2041/190
s 1
f 4059/2055/1551 4061/2056/1552 4060/2057/1553
f 4060/2057/1553 4061/2056/1552 4062/2058/1554
f 4061/2056/1552 4059/2055/1551 4063/2059/1555
f 4059/2055/1551 4064/2060/1556 4063/2059/1555
f 4063/2059/1555 4064/2060/1556 4065/2061/1557
f 4064/2060/1556 4066/2062/1558 4065/2061/1557
f 4065/2061/1557 4066/2062/1558 4067/2063/1559
f 4066/2062/1558 4068/2064/1560 4067/2063/1559
f 4067/2063/1559 4068/2064/1560 4069/2065/1561
f 4068/2064/1560 4070/2066/1562 4069/2065/1561
f 4069/2065/1561 4070/2066/1562 4071/2067/1563
f 4070/2066/1562 4072/2068/1564 4071/2067/1563
f 4071/2067/1563 4072/2068/1564 4073/2069/1565
f 4072/2068/1564 4074/2070/1566 4073/2069/1565
f 4073/2069/1565 4074/2070/1566 4075/2071/1567
f 4074/2070/1566 4076/2072/1568 4075/2071/1567
f 4075/2071/1567 4076/2072/1568 4077/2073/1569
f 4076/2072/1568 4078/2074/1570 4077/2073/1569
f 4077/2073/1569 4078/2074/1570 4079/2075/1571
f 4078/2074/1570 4080/2076/1572 4079/2075/1571
f 4079/2075/1571 4080/2076/1572 4081/2077/1573
f 4080/2076/1572 4082/2078/1574 4081/2077/1573
f 4081/2077/1573 4082/2078/1574 4083/2079/1575
f 4082/2078/1574 4084/2080/1576 4083/2079/1575
f 4083/2079/1575 4084/2080/1576 4085/2081/1577
f 4084/2080/1576 4086/2082/1578 4085/2081/1577
f 4085/2081/1577 4086/2082/1578 4087/2083/1579
f 4086/2082/1578 4088/2084/1580 4087/2083/1579
f 4087/2083/1579 4088/2084/1580 4089/2085/1581
f 4088/2084/1580 4090/2086/1582 4089/2085/1581
f 4089/2085/1581 4090/2086/1582 4091/2087/1583
f 4090/2086/1582 4092/2088/1584 4091/2087/1583
f 4091/2087/1583 4092/2088/1584 4093/2089/1585
f 4092/2088/1584 4094/2090/1586 4093/2089/1585
f 4093/2089/1585 4094/2090/1586 4062/2058/1554
f 4062/2058/1554 4094/2090/1586 4060/2057/1553
f 4060/2057/1553 4094/2090/1586 4095/2091/1587
f 4095/2091/1587 4094/2090/1586 4096/2092/1588
f 4094/2090/1586 4092/2088/1584 4096/2092/1588
f 4096/2092/1588 4092/2088/1584 4097/2093/1589
f 4092/2088/1584 4090/2086/1582 4097/2093/1589
f 4097/2093/1589 4090/2086/1582 4098/2094/1590
f 4090/2086/1582 4088/2084/1580 4098/2094/1590
f 4098/2094/1590 4088/2084/1580 4099/2095/1591
f 4088/2084/1580 4086/2082/1578 4099/2095/1591
f 4099/2095/1591 4086/2082/1578 4100/2096/1592
f 4086/2082/1578 4084/2080/1576 4100/2096/1592
f 4100/2096/1592 4084/2080/1576 4101/2097/1593
f 4084/2080/1576 4082/2078/1574 4101/2097/1593
f 4101/2097/1593 4082/2078/1574 4102/2098/1594
f 4082/2078/1574 4080/2076/1572 4102/2098/1594
f 4102/2098/1594 4080/2076/1572 4103/2099/1595
f 4080/2076/1572 4078/2074/1570 4103/2099/1595
f 4103/2099/1595 4078/2074/1570 4104/2100/1596
f 4078/2074/1570 4076/2072/1568 4104/2100/1596
f 4104/2100/1596 4076/2072/1568 4105/2101/1597
f 4076/2072/1568 4074/2070/1566 4105/2101/1597
f 4105/2101/1597 4074/2070/1566 4106/2102/1598
f 4074/2070/1566 4072/2068/1564 4106/2102/1598
f 4106/2102/1598 4072/2068/1564 4107/2103/1599
f 4072/2068/1564 4070/2066/1562 4107/2103/1599
f 4107/2103/1599 4070/2066/1562 4108/2104/1600
f 4070/2066/1562 4068/2064/1560 4108/2104/1600
f 4108/2104/1600 4068/2064/1560 4109/2105/1601
f 4068/2064/1560 4066/2062/1558 4109/2105/1601
f 4109/2105/1601 4066/2062/1558 4110/2106/1602
f 4066/2062/1558 4064/2060/1556 4110/2106/1602
f 4110/2106/1602 4064/2060/1556 4111/2107/1603
f 4064/2060/1556 4059/2055/1551 4111/2107/1603
f 4111/2107/1603 4059/2055/1551 4112/2108/1604
f 4059/2055/1551 4060/2057/1553 4112/2108/1604
f 4112/2108/1604 4060/2057/1553 4095/2091/1587
f 4113/2107/1605 4115/2108/1606 4114/2109/1607
f 4114/2109/1607 4115/2108/1606 4116/2110/1608
f 4114/2109/1607 4117/2111/1609 4113/2107/1605
f 4113/2107/1605 4117/2111/1609 4118/2106/1610
f 4117/2111/1609 4119/2112/1611 4118/2106/1610
f 4118/2106/1610 4119/2112/1611 4120/2105/1612
f 4119/2112/1611 4121/2113/1612 4120/2105/1612
f 4120/2105/1612 4121/2113/1612 4122/2104/1613
f 4121/2113/1612 4123/2114/1613 4122/2104/1613
f 4122/2104/1613 4123/2114/1613 4124/2103/1614
f 4123/2114/1613 4125/2115/1615 4124/2103/1614
f 4124/2103/1614 4125/2115/1615 4126/2102/1616
f 4125/2115/1615 4127/2116/1617 4126/2102/1616
f 4126/2102/1616 4127/2116/1617 4128/2101/1618
f 4127/2116/1617 4129/2117/1619 4128/2101/1618
f 4128/2101/1618 4129/2117/1619 4130/2100/1620
f 4129/2117/1619 4131/2118/1620 4130/2100/1620
f 4130/2100/1620 4131/2118/1620 4132/2099/1621
f 4131/2118/1620 4133/2119/1621 4132/2099/1621
f 4132/2099/1621 4133/2119/1621 4134/2098/1622
f 4133/2119/1621 4135/2120/1622 4134/2098/1622
f 4134/2098/1622 4135/2120/1622 4136/2097/1623
f 4135/2120/1622 4137/2121/1623 4136/2097/1623
f 4136/2097/1623 4137/2121/1623 4138/2096/1624
f 4137/2121/1623 4139/2122/1625 4138/2096/1624
f 4138/2096/1624 4139/2122/1625 4140/2095/1626
f 4139/2122/1625 4141/2123/1627 4140/2095/1626
f 4140/2095/1626 4141/2123/1627 4142/2094/1628
f 4141/2123/1627 4143/2124/1629 4142/2094/1628
f 4142/2094/1628 4143/2124/1629 4144/2093/1630
f 4143/2124/1629 4145/2125/1630 4144/2093/1630
f 4144/2093/1630 4145/2125/1630 4146/2092/1631
f 4145/2125/1630 4147/2126/1632 4146/2092/1631
f 4146/2092/1631 4147/2126/1632 4148/2091/1633
f 4147/2126/1632 4116/2110/1608 4148/2091/1633
f 4148/2091/1633 4116/2110/1608 4115/2108/1606
f 4149/2111/1634 4151/2109/1635 4150/2037/1635
f 4150/2037/1635 4151/2109/1635 4152/2038/1636
f 4150/2037/1635 4153/2039/1634 4149/2111/1634
f 4149/2111/1634 4153/2039/1634 4154/2112/1637
f 4153/2039/1634 4155/2043/1637 4154/2112/1637
f 4154/2112/1637 4155/2043/1637 4156/2113/1638
f 4155/2043/1637 4157/2040/1638 4156/2113/1638
f 4156/2113/1638 4157/2040/1638 4158/2114/1639
f 4157/2040/1638 4159/2042/1639 4158/2114/1639
f 4158/2114/1639 4159/2042/1639 4160/2115/1640
f 4159/2042/1639 4161/2041/1640 4160/2115/1640
f 4160/2115/1640 4161/2041/1640 4162/2116/1641
f 4161/2041/1640 4163/2054/1642 4162/2116/1641
f 4162/2116/1641 4163/2054/1642 4164/2117/1643
f 4163/2054/1642 4165/2048/1643 4164/2117/1643
f 4164/2117/1643 4165/2048/1643 4166/2118/1644
f 4165/2048/1643 4167/2049/1645 4166/2118/1644
f 4166/2118/1644 4167/2049/1645 4168/2119/1646
f 4167/2049/1645 4169/2047/1647 4168/2119/1646
f 4168/2119/1646 4169/2047/1647 4170/2120/1648
f 4169/2047/1647 4171/2053/1649 4170/2120/1648
f 4170/2120/1648 4171/2053/1649 4172/2121/1650
f 4171/2053/1649 4173/2052/1650 4172/2121/1650
f 4172/2121/1650 4173/2052/1650 4174/2122/1651
f 4173/2052/1650 4175/2051/1652 4174/2122/1651
f 4174/2122/1651 4175/2051/1652 4176/2123/1653
f 4175/2051/1652 4177/2046/1654 4176/2123/1653
f 4176/2123/1653 4177/2046/1654 4178/2124/1655
f 4177/2046/1654 4179/2050/1655 4178/2124/1655
f 4178/2124/1655 4179/2050/1655 4180/2125/1656
f 4179/2050/1655 4181/2045/1657 4180/2125/1656
f 4180/2125/1656 4181/2045/1657 4182/2126/1658
f 4181/2045/1657 4183/2044/1658 4182/2126/1658
f 4182/2126/1658 4183/2044/1658 4184/2110/1659
f 4183/2044/1658 4152/2038/1636 4184/2110/1659
f 4184/2110/1659 4152/2038/1636 4151/2109/1635
f 4185/2127/1660 4187/2128/1661 4186/2077/1662
f 4186/2077/1662 4187/2128/1661 4188/2075/1663
f 4186/2077/1662 4189/2079/1664 4185/2127/1660
f 4185/2127/1660 4189/2079/1664 4190/2129/1665
f 4189/2079/1664 4191/2081/1666 4190/2129/1665
f 4190/2129/1665 4191/2081/1666 4192/2130/1667
f 4191/2081/1666 4193/2083/1579 4192/2130/1667
f 4192/2130/1667 4193/2083/1579 4194/2131/1668
f 4193/2083/1579 4195/2085/1669 4194/2131/1668
f 4194/2131/1668 4195/2085/1669 4196/2132/1670
f 4195/2085/1669 4197/2087/1583 4196/2132/1670
f 4196/2132/1670 4197/2087/1583 4198/2133/1671
f 4197/2087/1583 4199/2089/1585 4198/2133/1671
f 4198/2133/1671 4199/2089/1585 4200/2134/1672
f 4199/2089/1585 4201/2058/1673 4200/2134/1672
f 4200/2134/1672 4201/2058/1673 4202/2135/1674
f 4201/2058/1673 4203/2056/1675 4202/2135/1674
f 4202/2135/1674 4203/2056/1675 4204/2136/1451
f 4203/2056/1675 4205/2059/1676 4204/2136/1451
f 4204/2136/1451 4205/2059/1676 4206/2137/1453
f 4205/2059/1676 4207/2061/1557 4206/2137/1453
f 4206/2137/1453 4207/2061/1557 4208/2138/1677
f 4207/2061/1557 4209/2063/1678 4208/2138/1677
f 4208/2138/1677 4209/2063/1678 4210/2139/1679
f 4209/2063/1678 4211/2065/1680 4210/2139/1679
f 4210/2139/1679 4211/2065/1680 4212/2140/1681
f 4211/2065/1680 4213/2067/1682 4212/2140/1681
f 4212/2140/1681 4213/2067/1682 4214/2141/1437
f 4213/2067/1682 4215/2069/1683 4214/2141/1437
f 4214/2141/1437 4215/2069/1683 4216/2142/1684
f 4215/2069/1683 4217/2071/1685 4216/2142/1684
f 4216/2142/1684 4217/2071/1685 4218/2143/1433
f 4217/2071/1685 4219/2073/1569 4218/2143/1433
f 4218/2143/1433 4219/2073/1569 4220/2144/1431
f 4219/2073/1569 4188/2075/1663 4220/2144/1431
f 4220/2144/1431 4188/2075/1663 4187/2128/1661
s 0
f 4221/2145/1686 4223/2146/1686 4222/2147/1686
f 4222/2147/1686 4223/2146/1686 4224/2148/1686
s 1
f 4225/2147/201 4227/2149/200 4226/2150/201
f 4226/2150/201 4227/2149/200 4229/2151/200
f 4230/2151/200 4228/2149/200 4231/2150/200
f 4228/2149/200 4232/2147/200 4231/2150/200
f 4233/2147/202 4234/2148/202 4236/2149/202
f 4235/2148/202 4238/2147/202 4237/2149/202
f 4239/2152/1687 4240/2153/1688 4241/2154/1687
f 4241/2154/1687 4240/2153/1688 4242/2155/1689
f 4240/2153/1688 4243/2156/1690 4242/2155/1689
f 4242/2155/1689 4243/2156/1690 4244/2157/1691
f 4243/2156/1690 4245/2158/1692 4244/2157/1691
f 4244/2157/1691 4245/2158/1692 4246/2159/1692
s 0
f 4247/2160/190 4251/2161/190 4248/2162/190
f 4252/2161/190 4255/2163/190 4250/2162/190
f 4249/2162/190 4254/2163/190 4257/2164/190
s 1
f 4253/2163/190 4258/2165/1693 4256/2164/190
f 4258/2165/1693 4259/2166/1694 4256/2164/190
f 4256/2164/190 4259/2166/1694 4260/2167/190
f 4260/2167/190 4259/2166/1694 4261/2168/190
f 4259/2166/1694 4262/2169/1693 4261/2168/190
f 4263/2170/1695 4264/2171/1696 4265/2169/1695
f 4264/2171/1696 4266/2168/1696 4265/2169/1695
f 4267/2170/1697 4268/2172/1698 4269/2171/195
f 4269/2171/195 4268/2172/1698 4270/2173/195
f 4270/2173/195 4268/2172/1698 4271/2174/195
f 4268/2172/1698 4273/2175/1697 4271/2174/195
f 4273/2175/1697 4274/2176/195 4271/2174/195
s 0
f 4272/2174/195 4276/2176/195 4278/2177/195
f 4275/2176/195 4279/2178/195 4277/2177/195
f 4277/2177/195 4279/2178/195 4280/2179/195
s 1
f 4281/2161/1699 4283/2160/1699 4282/2178/1699
f 4282/2178/1699 4283/2160/1699 4284/2179/1700
f 4285/2171/1701 4287/2173/1702 4286/2168/1701
f 4286/2168/1701 4287/2173/1702 4288/2167/1146
f 4287/2173/1702 4289/2174/1703 4288/2167/1146
f 4288/2167/1146 4289/2174/1703 4290/2164/1703
f 4291/2164/1704 4293/2174/1704 4292/2162/1705
f 4293/2174/1704 4294/2177/1705 4292/2162/1705
f 4294/2177/1705 4295/2179/1418 4292/2162/1705
f 4292/2162/1705 4295/2179/1418 4296/2160/1418
f 4297/2180/1706 4299/2181/1707 4298/2182/1708
f 4299/2181/1707 4300/2183/1709 4298/2182/1708
f 4300/2183/1709 4301/2184/1709 4298/2182/1708
f 4298/2182/1708 4301/2184/1709 4302/2185/1706
f 4303/2186/1710 4305/2187/1711 4304/2188/1712
f 4304/2188/1712 4305/2187/1711 4306/2189/1712
f 4306/2189/1712 4305/2187/1711 4307/2190/1712
f 4305/2187/1711 4308/2191/1710 4307/2190/1712
f 4309/2185/1695 4310/2184/1713 4311/2191/1695
f 4310/2184/1713 4312/2190/1713 4311/2191/1695
f 4313/337/195 4314/339/1714 4315/338/195
f 4315/338/195 4314/339/1714 4316/340/1715
f 4316/340/1715 4314/339/1714 4317/341/1716
f 4314/339/1714 4318/342/1717 4317/341/1716
f 4317/341/1716 4318/342/1717 4319/343/195
f 4318/342/1717 4320/344/195 4319/343/195
f 4321/345/190 4322/347/190 4323/346/1718
f 4322/347/190 4324/348/1719 4323/346/1718
f 4323/346/1718 4324/348/1719 4325/349/1718
f 4324/348/1719 4326/350/1720 4325/349/1718
f 4325/349/1718 4326/350/1720 4327/351/190
f 4326/350/1720 4328/352/190 4327/351/190
s 0
f 4327/351/190 4328/352/190 4329/353/190
f 4328/352/190 4330/354/190 4329/353/190
s 1
f 4331/355/200 4332/345/200 4333/356/200
f 4332/345/200 4334/346/201 4333/356/200
f 4333/356/200 4334/346/201 4335/357/201
f 4334/346/201 4336/349/201 4335/357/201
f 4335/357/201 4336/349/201 4337/358/200
f 4336/349/201 4338/351/200 4337/358/200
f 4337/358/200 4338/351/200 4339/359/200
f 4339/359/200 4338/351/200 4340/360/200
f 4338/351/200 4341/353/200 4340/360/200
f 4342/347/202 4343/345/202 4344/362/202
f 4343/345/202 4345/361/202 4344/362/202
f 4346/347/208 4347/338/208 4348/348/916
f 4347/338/208 4349/340/1701 4348/348/916
f 4348/348/916 4349/340/1701 4350/350/1721
f 4349/340/1701 4351/341/1722 4350/350/1721
f 4350/350/1721 4351/341/1722 4352/352/203
f 4351/341/1722 4353/343/203 4352/352/203
f 4353/343/203 4354/363/203 4352/352/203
f 4352/352/203 4354/363/203 4355/354/203
f 4354/363/203 4356/364/203 4355/354/203
f 4357/378/1723 4358/376/1723 4359/377/1723
f 4358/376/1723 4360/375/1723 4359/377/1723
f 4361/399/1724 4362/401/1725 4363/400/1726
f 4362/401/1725 4364/402/1727 4363/400/1726
f 4363/400/1726 4364/402/1727 4365/403/1728
f 4365/403/1728 4364/402/1727 4366/404/1729
f 4366/404/1729 4364/402/1727 4367/405/1730
f 4364/402/1727 4368/406/1731 4367/405/1730
f 4367/405/1730 4368/406/1731 4369/407/1732
f 4368/406/1731 4370/408/1733 4369/407/1732
f 4362/401/1725 4371/409/1734 4364/402/1727
f 4371/409/1734 4368/406/1731 4364/402/1727
f 4372/413/1735 4373/411/260 4374/412/1733
f 4373/411/260 4375/410/260 4374/412/1733
f 4376/434/1736 4377/436/1737 4378/435/1738
f 4378/435/1738 4377/436/1737 4379/437/1739
f 4377/436/1737 4380/438/1740 4379/437/1739
f 4379/437/1739 4380/438/1740 4381/439/1741
f 4382/460/1742 4384/458/285 4383/459/1743
f 4383/459/1743 4384/458/285 4385/457/1744
f 4386/461/1745 4388/463/1746 4387/462/1743
f 4388/463/1746 4389/464/1747 4387/462/1743
f 4387/462/1743 4389/464/1747 4390/465/1748
f 4389/464/1747 4391/466/351 4390/465/1748
f 4390/465/1748 4391/466/351 4392/467/1749
f 4393/475/1750 4395/477/1751 4394/476/349
f 4395/477/1751 4396/478/1752 4394/476/349
f 4394/476/349 4396/478/1752 4397/479/1753
f 4396/478/1752 4398/480/1754 4397/479/1753
f 4399/496/208 4400/495/208 4402/459/208
s 0
f 4401/495/1755 4404/460/1755 4403/459/1755
s 1
f 4405/498/1756 4406/497/201 4407/458/1757
f 4406/497/201 4408/457/201 4407/458/1757
f 4409/504/1758 4410/505/1759 4411/467/317
f 4411/467/317 4410/505/1759 4412/465/1759
f 4410/505/1759 4413/506/1760 4412/465/1759
f 4412/465/1759 4413/506/1760 4414/462/1761
f 4415/508/1762 4417/507/1763 4416/470/1764
f 4416/470/1764 4417/507/1763 4418/472/1764
f 4419/511/1765 4421/510/1766 4420/486/1767
f 4420/486/1767 4421/510/1766 4422/485/1768
f 4423/494/1769 4425/512/1770 4424/451/1771
f 4424/451/1771 4425/512/1770 4426/450/1772
f 4427/519/1773 4429/518/1773 4428/515/1774
f 4428/515/1774 4429/518/1773 4430/514/1774
f 4431/532/1775 4433/520/1776 4432/530/1776
f 4432/530/1776 4433/520/1776 4434/523/1775
f 4435/533/1777 4437/535/1775 4436/534/1778
f 4436/534/1778 4437/535/1775 4438/536/1776
f 4437/535/1775 4439/537/1776 4438/536/1776
f 4438/536/1776 4439/537/1776 4440/538/1776
f 4439/537/1776 4441/539/1776 4440/538/1776
f 4440/538/1776 4441/539/1776 4442/540/1775
f 4441/539/1776 4443/541/1775 4442/540/1775
f 4442/540/1775 4443/541/1775 4444/542/1776
f 4444/542/1776 4443/541/1775 4445/543/1776
f 4443/541/1775 4446/544/1778 4445/543/1776
f 4445/543/1776 4446/544/1778 4447/545/1778
f 4446/544/1778 4448/546/1779 4447/545/1778
f 4449/547/1780 4450/553/1781 4451/549/1782
f 4451/549/1782 4450/553/1781 4452/554/1783
f 4450/553/1781 4453/569/1784 4452/554/1783
f 4452/554/1783 4453/569/1784 4454/570/1785
f 4454/570/1785 4453/569/1784 4455/568/1786
f 4455/568/1786 4453/569/1784 4456/562/1787
f 4453/569/1784 4457/560/1788 4456/562/1787
f 4456/562/1787 4457/560/1788 4458/561/1774
f 4458/561/1774 4457/560/1788 4459/559/1774
f 4459/559/1774 4457/560/1788 4460/552/1789
f 4457/560/1788 4450/553/1781 4460/552/1789
f 4460/552/1789 4450/553/1781 4449/547/1780
f 4457/560/1788 4453/569/1784 4450/553/1781
f 4458/561/1774 4461/563/1774 4456/562/1787
f 4461/563/1774 4462/564/1790 4456/562/1787
f 4456/562/1787 4462/564/1790 4455/568/1786
f 4462/564/1790 4463/567/1791 4455/568/1786
f 4455/568/1786 4463/567/1791 4464/583/1792
f 4464/583/1792 4463/567/1791 4465/582/1793
f 4465/582/1793 4463/567/1791 4466/566/1794
f 4463/567/1791 4462/564/1790 4466/566/1794
f 4466/566/1794 4462/564/1790 4467/565/1795
f 4462/564/1790 4461/563/1774 4467/565/1795
f 4455/568/1786 4464/583/1792 4454/570/1785
f 4464/583/1792 4468/574/1785 4454/570/1785
f 4454/570/1785 4468/574/1785 4469/572/1785
f 4468/574/1785 4470/573/1774 4469/572/1785
f 4470/573/1774 4471/571/1774 4469/572/1785
f 4471/571/1774 4472/555/1796 4469/572/1785
f 4469/572/1785 4472/555/1796 4452/554/1783
f 4472/555/1796 4451/549/1782 4452/554/1783
f 4469/572/1785 4452/554/1783 4454/570/1785
f 4470/573/1774 4468/574/1785 4473/575/1773
f 4473/575/1773 4468/574/1785 4474/576/1797
f 4468/574/1785 4464/583/1792 4474/576/1797
f 4474/576/1797 4464/583/1792 4475/584/1798
f 4464/583/1792 4465/582/1793 4475/584/1798
f 4475/584/1798 4465/582/1793 4476/578/1799
f 4465/582/1793 4466/566/1794 4476/578/1799
f 4476/578/1799 4466/566/1794 4477/579/1773
f 4466/566/1794 4467/565/1795 4477/579/1773
f 4477/579/1773 4467/565/1795 4478/580/1795
f 4467/565/1795 4479/581/1800 4478/580/1795
f 4473/575/1773 4474/576/1797 4480/577/1773
f 4474/576/1797 4476/578/1799 4480/577/1773
f 4480/577/1773 4476/578/1799 4477/579/1773
f 4475/584/1798 4476/578/1799 4474/576/1797
f 4471/571/1774 4481/556/1801 4472/555/1796
f 4481/556/1801 4482/550/1802 4472/555/1796
f 4472/555/1796 4482/550/1802 4451/549/1782
f 4482/550/1802 4483/548/1803 4451/549/1782
f 4451/549/1782 4483/548/1803 4449/547/1780
f 4483/548/1803 4484/551/1804 4449/547/1780
f 4449/547/1780 4484/551/1804 4460/552/1789
f 4484/551/1804 4485/558/1774 4460/552/1789
f 4460/552/1789 4485/558/1774 4459/559/1774
f 4481/556/1801 4486/557/1805 4482/550/1802
f 4482/550/1802 4486/557/1805 4484/551/1804
f 4486/557/1805 4485/558/1774 4484/551/1804
f 4483/548/1803 4482/550/1802 4484/551/1804
f 4487/585/1806 4490/586/1807 4489/557/1806
f 4489/557/1806 4490/586/1807 4491/558/1807
f 4490/586/1807 4492/587/1808 4491/558/1807
f 4491/558/1807 4492/587/1808 4493/559/1808
f 4492/587/1808 4494/588/1809 4493/559/1808
f 4493/559/1808 4494/588/1809 4495/561/1809
f 4494/588/1809 4496/589/1810 4495/561/1809
f 4495/561/1809 4496/589/1810 4497/563/1811
f 4496/589/1810 4498/590/1812 4497/563/1811
f 4497/563/1811 4498/590/1812 4499/565/1812
f 4499/565/1812 4498/590/1812 4500/581/1813
f 4498/590/1812 4501/591/1813 4500/581/1813
f 4488/557/1814 4502/556/1815 4503/592/1814
f 4502/556/1815 4504/593/1816 4503/592/1814
f 4505/595/1817 4506/594/1817 4507/571/1817
f 4506/594/1817 4508/556/1817 4507/571/1817
f 4509/599/203 4510/598/203 4511/577/203
f 4511/577/203 4510/598/203 4512/575/203
f 4510/598/203 4513/597/208 4512/575/203
f 4512/575/203 4513/597/208 4514/573/208
f 4513/597/208 4515/596/208 4514/573/208
f 4514/573/208 4515/596/208 4516/571/208
f 4517/601/1818 4519/600/1819 4518/581/1818
f 4518/581/1818 4519/600/1819 4520/580/1819
f 4521/577/1820 4523/579/1820 4522/602/1820
f 4522/602/1820 4523/579/1820 4524/603/1820
f 4524/603/1820 4523/579/1820 4525/604/1821
f 4523/579/1820 4526/580/1822 4525/604/1821
f 4527/607/1823 4528/605/1824 4529/617/1825
f 4528/605/1824 4530/628/1826 4529/617/1825
f 4529/617/1825 4530/628/1826 4531/619/1827
f 4530/628/1826 4532/629/1828 4531/619/1827
f 4531/619/1827 4532/629/1828 4533/621/1829
f 4532/629/1828 4534/630/1830 4533/621/1829
f 4535/632/1831 4536/439/1832 4537/631/1833
f 4536/439/1832 4538/438/1740 4537/631/1833
f 4539/636/201 4540/634/201 4541/635/201
f 4540/634/201 4542/633/201 4541/635/201
s 0
f 4543/638/195 4545/632/195 4547/637/195
f 4544/632/195 4548/631/195 4546/637/195
s 1
f 4549/639/208 4550/641/208 4551/640/208
f 4550/641/208 4552/642/208 4551/640/208
f 4551/640/208 4552/642/208 4553/643/203
f 4552/642/208 4554/644/208 4553/643/203
s 0
f 4555/648/190 4557/646/190 4559/647/190
f 4556/646/190 4560/645/190 4558/647/190
s 1
f 4561/638/1834 4562/637/519 4563/475/1835
f 4562/637/519 4564/477/1836 4563/475/1835
f 4565/654/1837 4566/652/1838 4567/653/1839
f 4566/652/1838 4568/651/1840 4567/653/1839
f 4569/655/1838 4570/657/1841 4571/656/1842
f 4570/657/1841 4572/658/1843 4571/656/1842
f 4571/656/1842 4572/658/1843 4573/659/1844
f 4572/658/1843 4574/660/1845 4573/659/1844
f 4573/659/1844 4574/660/1845 4575/661/208
f 4574/660/1845 4576/662/208 4575/661/208
f 4577/666/1846 4578/664/1847 4579/665/1843
f 4578/664/1847 4580/663/1848 4579/665/1843
f 4581/670/1849 4582/668/1850 4583/669/1851
f 4582/668/1850 4584/667/1852 4583/669/1851
f 4585/653/1853 4586/651/1854 4587/671/1855
f 4586/651/1854 4588/672/1856 4587/671/1855
f 4587/671/1855 4588/672/1856 4589/673/190
f 4588/672/1856 4590/674/190 4589/673/190
f 4591/665/1857 4592/663/1858 4593/675/1859
f 4592/663/1858 4594/676/1860 4593/675/1859
f 4593/675/1859 4594/676/1860 4595/677/195
f 4594/676/1860 4596/678/195 4595/677/195
f 4597/669/1861 4598/667/1862 4599/679/1863
f 4598/667/1862 4600/680/1864 4599/679/1863
f 4599/679/1863 4600/680/1864 4601/681/200
f 4600/680/1864 4602/682/200 4601/681/200
s 0
f 4603/686/195 4605/684/195 4607/685/195
f 4604/684/195 4608/683/195 4606/685/195
s 1
f 4609/690/201 4610/688/201 4611/689/201
f 4610/688/201 4612/687/201 4611/689/201
s 0
f 4613/694/190 4614/692/190 4616/693/190
f 4615/692/190 4618/691/190 4617/693/190
s 1
f 4619/670/203 4620/696/203 4621/668/203
f 4620/696/203 4622/695/203 4621/668/203
f 4623/678/1865 4624/691/1866 4625/677/1867
f 4624/691/1866 4626/692/1868 4625/677/1867
f 4627/662/1869 4628/687/1868 4629/661/1865
f 4628/687/1868 4630/688/1870 4629/661/1865
f 4631/674/1865 4632/683/1871 4633/673/1872
f 4632/683/1871 4634/684/1873 4633/673/1872
f 4635/682/1874 4636/698/1873 4637/681/1875
f 4636/698/1873 4638/697/1876 4637/681/1875
f 4639/702/1877 4640/700/508 4641/701/1878
f 4640/700/508 4642/699/1879 4641/701/1878
f 4643/706/1880 4644/704/1881 4645/705/1882
f 4644/704/1881 4646/703/1883 4645/705/1882
f 4647/710/1834 4648/708/1884 4649/709/1885
f 4648/708/1884 4650/707/1886 4649/709/1885
f 4651/714/1887 4652/712/1888 4653/713/1889
f 4652/712/1888 4654/711/1890 4653/713/1889
f 4655/718/1884 4656/716/1891 4657/717/1892
f 4656/716/1891 4658/715/1893 4657/717/1892
f 4659/722/1889 4660/720/1890 4661/721/1894
f 4660/720/1890 4662/719/1895 4661/721/1894
f 4663/726/1891 4664/724/1877 4665/725/1896
f 4664/724/1877 4666/723/1897 4665/725/1896
f 4667/730/1894 4668/728/1421 4669/729/1880
f 4668/728/1421 4670/727/1898 4669/729/1880
f 4671/702/201 4672/706/201 4673/700/201
f 4672/706/201 4674/705/201 4673/700/201
s 0
f 4675/710/195 4676/714/195 4677/708/195
f 4676/714/195 4678/713/195 4677/708/195
s 1
f 4679/718/208 4680/722/208 4681/716/208
f 4680/722/208 4682/721/208 4681/716/208
s 0
f 4683/726/190 4684/730/190 4686/724/190
f 4685/730/190 4688/729/190 4687/724/190
s 1
f 4689/733/1899 4690/732/1900 4691/731/1901
f 4691/731/1901 4690/732/1900 4692/759/1902
f 4692/759/1902 4690/732/1900 4693/736/1903
f 4690/732/1900 4694/735/1904 4693/736/1903
f 4693/736/1903 4694/735/1904 4695/737/1905
f 4694/735/1904 4690/732/1900 4696/734/1906
f 4690/732/1900 4689/733/1899 4696/734/1906
f 4689/733/1899 4697/781/1907 4696/734/1906
f 4696/734/1906 4697/781/1907 4698/780/1908
f 4697/781/1907 4699/788/1909 4698/780/1908
f 4698/780/1908 4700/779/1910 4696/734/1906
f 4696/734/1906 4700/779/1910 4694/735/1904
f 4700/779/1910 4701/738/1911 4694/735/1904
f 4694/735/1904 4701/738/1911 4695/737/1905
f 4695/737/1905 4701/738/1911 4702/739/1912
f 4701/738/1911 4703/740/1913 4702/739/1912
f 4702/739/1912 4703/740/1913 4704/741/1914
f 4703/740/1913 4701/738/1911 4705/778/1915
f 4701/738/1911 4700/779/1910 4705/778/1915
f 4705/778/1915 4700/779/1910 4706/789/1916
f 4700/779/1910 4698/780/1908 4706/789/1916
f 4706/789/1916 4698/780/1908 4707/786/1917
f 4698/780/1908 4699/788/1909 4707/786/1917
f 4699/788/1909 4708/787/1918 4707/786/1917
f 4708/787/1918 4709/785/1919 4707/786/1917
f 4707/786/1917 4709/785/1919 4710/784/1920
f 4709/785/1919 4711/783/1921 4710/784/1920
f 4710/784/1920 4711/783/1921 4712/776/1922
f 4711/783/1921 4713/782/1923 4712/776/1922
f 4712/776/1922 4713/782/1923 4714/774/1924
f 4713/782/1923 4715/769/1925 4714/774/1924
f 4714/774/1924 4715/769/1925 4716/768/1926
f 4715/769/1925 4717/767/1927 4716/768/1926
f 4716/768/1926 4717/767/1927 4718/766/1928
f 4717/767/1927 4719/765/1929 4718/766/1928
f 4718/766/1928 4719/765/1929 4720/761/1930
f 4719/765/1929 4721/760/1931 4720/761/1930
f 4720/761/1930 4721/760/1931 4722/755/1932
f 4721/760/1931 4723/757/1933 4722/755/1932
f 4722/755/1932 4723/757/1933 4724/756/1934
f 4723/757/1933 4725/758/1935 4724/756/1934
f 4707/786/1917 4710/784/1920 4706/789/1916
f 4710/784/1920 4726/777/1936 4706/789/1916
f 4706/789/1916 4726/777/1936 4705/778/1915
f 4710/784/1920 4712/776/1922 4726/777/1936
f 4724/756/1934 4727/754/1937 4722/755/1932
f 4727/754/1937 4728/753/1938 4722/755/1932
f 4722/755/1932 4728/753/1938 4720/761/1930
f 4728/753/1938 4729/762/1939 4720/761/1930
f 4720/761/1930 4729/762/1939 4718/766/1928
f 4729/762/1939 4730/770/1940 4718/766/1928
f 4718/766/1928 4730/770/1940 4716/768/1926
f 4730/770/1940 4731/771/1941 4716/768/1926
f 4716/768/1926 4731/771/1941 4714/774/1924
f 4731/771/1941 4732/775/1942 4714/774/1924
f 4714/774/1924 4732/775/1942 4712/776/1922
f 4712/776/1922 4732/775/1942 4726/777/1936
f 4732/775/1942 4733/773/1943 4726/777/1936
f 4726/777/1936 4733/773/1943 4705/778/1915
f 4705/778/1915 4733/773/1943 4703/740/1913
f 4733/773/1943 4734/742/1944 4703/740/1913
f 4703/740/1913 4734/742/1944 4704/741/1914
f 4704/741/1914 4734/742/1944 4735/743/1945
f 4734/742/1944 4736/744/1946 4735/743/1945
f 4735/743/1945 4736/744/1946 4737/745/1947
f 4728/753/1938 4727/754/1937 4738/752/1948
f 4736/744/1946 4734/742/1944 4739/772/1949
f 4734/742/1944 4733/773/1943 4739/772/1949
f 4733/773/1943 4732/775/1942 4739/772/1949
f 4732/775/1942 4731/771/1941 4739/772/1949
f 4739/772/1949 4731/771/1941 4740/764/1950
f 4731/771/1941 4730/770/1940 4740/764/1950
f 4739/772/1949 4740/764/1950 4736/744/1946
f 4740/764/1950 4741/746/1951 4736/744/1946
f 4736/744/1946 4741/746/1951 4737/745/1947
f 4737/745/1947 4741/746/1951 4742/747/1952
f 4741/746/1951 4743/748/1953 4742/747/1952
f 4742/747/1952 4743/748/1953 4744/749/1954
f 4744/749/1954 4743/748/1953 4745/750/1955
f 4743/748/1953 4746/751/1956 4745/750/1955
f 4745/750/1955 4746/751/1956 4738/752/1948
f 4738/752/1948 4746/751/1956 4728/753/1938
f 4728/753/1938 4746/751/1956 4729/762/1939
f 4746/751/1956 4747/763/1957 4729/762/1939
f 4729/762/1939 4747/763/1957 4730/770/1940
f 4730/770/1940 4747/763/1957 4740/764/1950
f 4740/764/1950 4747/763/1957 4741/746/1951
f 4741/746/1951 4747/763/1957 4743/748/1953
f 4747/763/1957 4746/751/1956 4743/748/1953
f 4748/802/1958 4749/801/1959 4750/800/1960
f 4749/801/1959 4751/791/1961 4750/800/1960
f 4750/800/1960 4751/791/1961 4752/799/1962
f 4751/791/1961 4753/794/1963 4752/799/1962
f 4752/799/1962 4753/794/1963 4754/796/1964
f 4753/794/1963 4755/795/1965 4754/796/1964
f 4754/796/1964 4755/795/1965 4756/797/1966
f 4756/797/1966 4755/795/1965 4757/798/1967
f 4757/798/1967 4755/795/1965 4758/793/1968
f 4755/795/1965 4753/794/1963 4758/793/1968
f 4753/794/1963 4751/791/1961 4758/793/1968
f 4758/793/1968 4751/791/1961 4759/792/1969
f 4759/792/1969 4751/791/1961 4760/790/1970
f 4751/791/1961 4749/801/1959 4760/790/1970
f 4762/803/1971 4763/805/1972 4764/804/1973
f 4764/804/1973 4763/805/1972 4765/806/1974
f 4763/805/1972 4766/807/1975 4765/806/1974
f 4765/806/1974 4766/807/1975 4767/808/1976
f 4767/808/1976 4766/807/1975 4768/809/1977
f 4768/809/1977 4766/807/1975 4761/790/1970
f 4761/790/1970 4766/807/1975 4769/810/1978
f 4766/807/1975 4763/805/1972 4769/810/1978
f 4770/810/1979 4771/811/1980 4772/812/1981
f 4771/811/1980 4773/819/1982 4772/812/1981
f 4773/819/1982 4774/820/1983 4772/812/1981
f 4772/812/1981 4774/820/1983 4775/815/1984
f 4774/820/1983 4776/817/1985 4775/815/1984
f 4775/815/1984 4776/817/1985 4777/816/1986
f 4776/817/1985 4778/818/1987 4777/816/1986
f 4770/810/1979 4772/812/1981 4779/813/1988
f 4779/813/1988 4772/812/1981 4780/814/1989
f 4772/812/1981 4775/815/1984 4780/814/1989
f 4780/814/1989 4775/815/1984 4777/816/1986
f 4781/821/202 4783/793/202 4782/822/202
f 4782/822/202 4783/793/202 4784/823/202
f 4783/793/202 4781/821/202 4785/824/202
f 4781/821/202 4786/825/202 4785/824/202
f 4785/824/202 4786/825/202 4787/826/202
f 4786/825/202 4788/827/202 4787/826/202
f 4788/827/202 4789/828/202 4787/826/202
f 4787/826/202 4789/828/202 4790/829/202
f 4790/829/202 4789/828/202 4791/830/316
f 4789/828/202 4792/831/316 4791/830/316
f 4791/830/316 4792/831/316 4793/814/316
f 4792/831/316 4794/832/316 4793/814/316
f 4794/832/316 4784/823/202 4793/814/316
f 4793/814/316 4784/823/202 4783/793/202
f 4795/793/203 4797/792/203 4796/814/203
f 4796/814/203 4797/792/203 4798/813/203
f 4798/813/203 4797/792/203 4799/810/203
f 4797/792/203 4800/790/203 4799/810/203
f 4801/833/1966 4802/824/1990 4803/834/1991
f 4802/824/1990 4804/826/1992 4803/834/1991
f 4803/834/1991 4804/826/1992 4805/835/1993
f 4805/835/1993 4804/826/1992 4806/836/1994
f 4804/826/1992 4807/829/1995 4806/836/1994
f 4807/829/1995 4808/830/1996 4806/836/1994
f 4806/836/1994 4808/830/1996 4809/837/1997
f 4808/830/1996 4810/838/1987 4809/837/1997
f 4811/821/1998 4812/822/1999 4813/839/202
f 4812/822/1999 4814/823/2000 4813/839/202
f 4814/823/2000 4815/832/2001 4813/839/202
f 4815/832/2001 4816/831/2002 4813/839/202
f 4816/831/2002 4817/828/2003 4813/839/202
f 4817/828/2003 4818/827/2004 4813/839/202
f 4818/827/2004 4819/825/2005 4813/839/202
f 4813/839/202 4819/825/2005 4811/821/1998
f 4820/840/2006 4822/842/2007 4821/841/2008
f 4821/841/2008 4822/842/2007 4823/843/2009
f 4822/842/2007 4824/844/2010 4823/843/2009
f 4823/843/2009 4824/844/2010 4825/845/2011
f 4825/845/2011 4824/844/2010 4826/846/2012
f 4824/844/2010 4827/847/2013 4826/846/2012
f 4826/846/2012 4827/847/2013 4828/848/2014
f 4827/847/2013 4829/849/2015 4828/848/2014
f 4828/848/2014 4829/849/2015 4830/850/2016
f 4829/849/2015 4831/851/2017 4830/850/2016
f 4831/851/2017 4832/852/2018 4830/850/2016
f 4830/850/2016 4832/852/2018 4833/853/2019
f 4832/852/2018 4834/854/2020 4833/853/2019
f 4833/853/2019 4834/854/2020 4835/855/2021
f 4834/854/2020 4836/856/2022 4835/855/2021
f 4835/855/2021 4836/856/2022 4837/857/2023
f 4837/857/2023 4836/856/2022 4838/858/2024
f 4836/856/2022 4839/859/2025 4838/858/2024
f 4838/858/2024 4839/859/2025 4840/860/2026
f 4840/860/2026 4839/859/2025 4841/861/2027
f 4839/859/2025 4842/862/2028 4841/861/2027
f 4837/857/2023 4843/863/190 4835/855/2021
f 4844/864/2029 4846/865/2029 4845/841/2030
f 4846/865/2029 4847/866/2031 4845/841/2030
f 4845/841/2030 4847/866/2031 4848/840/2032
f 4849/898/2033 4851/897/2034 4850/896/2035
f 4850/896/2035 4851/897/2034 4852/903/2036
f 4852/903/2036 4851/897/2034 4853/904/2037
f 4851/897/2034 4854/905/2038 4853/904/2037
f 4853/904/2037 4854/905/2038 4855/906/2039
f 4854/905/2038 4856/907/2039 4855/906/2039
f 4849/898/2033 4857/899/2040 4851/897/2034
f 4851/897/2034 4857/899/2040 4858/900/2041
f 4858/900/2041 4857/899/2040 4859/901/2042
f 4857/899/2040 4860/902/2043 4859/901/2042
f 4860/902/2043 4850/896/2035 4859/901/2042
f 4859/901/2042 4850/896/2035 4852/903/2036
f 4861/911/2044 4863/909/2045 4862/910/2046
f 4862/910/2046 4863/909/2045 4864/908/2046
f 4865/912/2047 4867/913/2048 4866/900/2049
f 4866/900/2049 4867/913/2048 4868/897/2050
f 4867/913/2048 4869/914/2051 4868/897/2050
f 4868/897/2050 4869/914/2051 4870/905/2052
f 4871/918/2053 4873/916/2054 4872/917/2055
f 4872/917/2055 4873/916/2054 4874/915/2055
f 4875/922/2056 4877/920/2056 4876/921/2057
f 4876/921/2057 4877/920/2056 4878/919/2058
f 4879/924/2059 4881/923/2060 4880/901/2061
f 4880/901/2061 4881/923/2060 4882/900/2062
f 4883/901/2063 4885/903/2064 4884/925/2065
f 4884/925/2065 4885/903/2064 4886/926/2064
f 4885/903/2064 4887/904/2066 4886/926/2064
f 4886/926/2064 4887/904/2066 4888/927/2066
f 4889/931/2067 4891/929/2068 4890/930/2067
f 4890/930/2067 4891/929/2068 4892/928/2067
f 4893/908/2069 4895/909/2070 4894/933/2069
f 4894/933/2069 4895/909/2070 4896/932/2071
f 4897/915/2072 4899/916/2073 4898/935/2074
f 4898/935/2074 4899/916/2073 4900/934/2075
f 4901/919/2076 4903/920/2077 4902/937/2078
f 4902/937/2078 4903/920/2077 4904/936/2077
f 4905/928/2079 4907/929/2069 4906/939/2079
f 4906/939/2079 4907/929/2069 4908/938/2069
f 4909/933/2046 4911/932/2045 4910/941/2046
f 4910/941/2046 4911/932/2045 4912/940/2044
f 4913/935/2080 4915/934/2081 4914/943/2082
f 4914/943/2082 4915/934/2081 4916/942/2081
f 4917/937/2058 4919/936/2056 4918/945/2057
f 4918/945/2057 4919/936/2056 4920/944/2056
f 4921/939/2067 4923/938/2067 4922/947/2067
f 4922/947/2067 4923/938/2067 4924/946/2067
f 4925/948/200 4927/950/200 4926/949/200
f 4927/950/200 4928/951/200 4926/949/200
f 4928/951/200 4929/952/200 4926/949/200
f 4926/949/200 4929/952/200 4930/953/200
f 4930/953/200 4929/952/200 4931/954/200
f 4929/952/200 4932/955/200 4931/954/200
f 4933/963/208 4934/962/208 4935/960/208
f 4934/962/208 4936/961/208 4935/960/208
f 4936/961/208 4937/957/208 4935/960/208
f 4935/960/208 4937/957/208 4938/959/208
f 4938/959/208 4937/957/208 4939/958/208
f 4937/957/208 4940/956/208 4939/958/208
f 4941/965/209 4942/962/209 4943/964/209
f 4942/962/209 4944/963/209 4943/964/209
f 4945/951/195 4946/960/195 4947/952/2083
f 4946/960/195 4948/959/2084 4947/952/2083
f 4947/952/2083 4948/959/2084 4949/966/840
f 4948/959/2084 4950/958/840 4949/966/840
f 4951/966/202 4952/958/202 4953/967/202
f 4952/958/202 4954/956/202 4953/967/202
f 4955/968/190 4956/957/190 4957/969/2085
f 4956/957/190 4958/961/2085 4957/969/2085
f 4957/969/2085 4958/961/2085 4959/965/839
f 4958/961/2085 4960/962/839 4959/965/839
s 0
f 4961/960/837 4963/951/837 4965/963/837
f 4962/951/837 4966/964/837 4964/963/837
s 1
f 4967/957/835 4968/968/835 4969/956/835
f 4968/968/835 4970/967/835 4969/956/835
s 0
f 4971/973/195 4972/971/195 4973/972/195
f 4972/971/195 4974/970/195 4973/972/195
f 4975/977/190 4976/975/190 4977/976/190
f 4976/975/190 4978/974/190 4977/976/190
s 1
f 4979/976/201 4980/974/201 4981/979/201
f 4980/974/201 4982/978/201 4981/979/201
f 4983/981/209 4984/980/209 4985/973/209
f 4984/980/209 4986/971/209 4985/973/209
f 4987/975/208 4988/977/208 4989/971/208
f 4988/977/208 4990/970/208 4989/971/208
f 4991/977/316 4992/976/316 4993/983/316
f 4992/976/316 4994/982/316 4993/983/316
f 4995/984/195 4996/986/195 4997/985/2086
f 4996/986/195 4998/987/2086 4997/985/2086
f 4997/985/2086 4998/987/2086 4999/988/2087
f 4998/987/2086 5000/989/2087 4999/988/2087
f 5001/990/200 5002/992/2088 5003/991/200
f 5003/991/200 5002/992/2088 5004/993/2088
f 5004/993/2088 5002/992/2088 5005/989/2089
f 5002/992/2088 5006/988/2089 5005/989/2089
f 5007/994/202 5008/996/202 5009/995/202
f 5009/995/202 5008/996/202 5010/997/202
f 5010/997/202 5008/996/202 5011/998/202
f 5008/996/202 5012/999/202 5011/998/202
f 5011/998/202 5012/999/202 5013/1000/202
f 5012/999/202 5014/1001/202 5013/1000/202
f 5013/1000/202 5014/1001/202 5015/1002/202
f 5014/1001/202 5016/1003/202 5015/1002/202
s 0
f 5017/1003/190 5018/1005/190 5019/1006/190
f 5018/1005/190 5020/1004/190 5019/1006/190
s 1
f 5021/1005/209 5022/1007/209 5023/990/209
f 5023/990/209 5022/1007/209 5024/992/209
f 5024/992/209 5022/1007/209 5025/988/209
f 5022/1007/209 5026/1008/209 5025/988/209
f 5025/988/209 5026/1008/209 5027/985/209
f 5026/1008/209 5028/1009/209 5027/985/209
f 5027/985/209 5028/1009/209 5029/984/209
f 5028/1009/209 5030/1010/209 5029/984/209
f 5031/1010/208 5032/994/208 5033/1012/208
f 5032/994/208 5034/1011/208 5033/1012/208
f 5035/1005/208 5036/1003/208 5037/1007/2090
f 5036/1003/208 5038/1001/2090 5037/1007/2090
f 5037/1007/2090 5038/1001/2090 5039/1008/2091
f 5038/1001/2090 5040/999/2092 5039/1008/2091
f 5041/1010/190 5042/1009/2093 5043/994/190
f 5043/994/190 5042/1009/2093 5044/996/2094
f 5044/996/2094 5042/1009/2093 5045/999/2095
f 5042/1009/2093 5046/1008/2096 5045/999/2095
f 5047/1013/195 5048/1015/195 5049/1014/2097
f 5048/1015/195 5050/1016/2086 5049/1014/2097
f 5049/1014/2097 5050/1016/2086 5051/1017/2087
f 5050/1016/2086 5052/1018/2087 5051/1017/2087
f 5053/1019/200 5054/1021/2088 5055/1020/200
f 5055/1020/200 5054/1021/2088 5056/1022/2098
f 5056/1022/2098 5054/1021/2088 5057/1018/2089
f 5054/1021/2088 5058/1017/2089 5057/1018/2089
f 5059/1023/202 5060/1024/202 5061/1015/202
f 5061/1015/202 5060/1024/202 5062/1016/202
f 5062/1016/202 5060/1024/202 5063/1018/202
f 5060/1024/202 5064/1025/202 5063/1018/202
f 5063/1018/202 5064/1025/202 5065/1022/202
f 5064/1025/202 5066/1026/202 5065/1022/202
f 5065/1022/202 5066/1026/202 5067/1020/202
f 5066/1026/202 5068/1027/202 5067/1020/202
s 0
f 5069/1027/190 5070/1029/190 5071/1030/190
f 5070/1029/190 5072/1028/190 5071/1030/190
s 1
f 5073/1029/209 5074/1032/209 5075/1031/209
f 5075/1031/209 5074/1032/209 5076/1033/209
f 5076/1033/209 5074/1032/209 5077/1034/209
f 5074/1032/209 5078/1035/209 5077/1034/209
f 5077/1034/209 5078/1035/209 5079/1036/209
f 5078/1035/209 5080/1037/209 5079/1036/209
f 5079/1036/209 5080/1037/209 5081/1038/209
f 5080/1037/209 5082/1039/209 5081/1038/209
f 5083/1039/208 5084/1023/208 5085/1041/208
f 5084/1023/208 5086/1040/208 5085/1041/208
f 5087/1029/208 5088/1027/208 5089/1032/2099
f 5088/1027/208 5090/1026/2099 5089/1032/2099
f 5089/1032/2099 5090/1026/2099 5091/1035/2100
f 5090/1026/2099 5092/1025/2092 5091/1035/2100
f 5093/1039/190 5094/1037/2094 5095/1023/190
f 5095/1023/190 5094/1037/2094 5096/1024/2094
f 5096/1024/2094 5094/1037/2094 5097/1025/2101
f 5094/1037/2094 5098/1035/2102 5097/1025/2101
f 5099/1045/203 5100/1043/203 5101/1044/203
f 5100/1043/203 5102/1042/203 5101/1044/203
f 5103/1045/2103 5104/1046/2104 5105/1043/2103
f 5105/1043/2103 5104/1046/2104 5106/1047/2105
f 5104/1046/2104 5107/1048/195 5106/1047/2105
f 5106/1047/2105 5107/1048/195 5108/1049/195
f 5109/1050/2106 5111/1047/2106 5110/1051/2107
f 5111/1047/2106 5112/1049/2107 5110/1051/2107
f 5112/1049/2107 5113/1048/2108 5110/1051/2107
f 5110/1051/2107 5113/1048/2108 5114/1052/2108
f 5114/1052/2108 5113/1048/2108 5115/1053/2109
f 5113/1048/2108 5116/1046/2109 5115/1053/2109
s 0
f 5117/1054/190 5120/1056/190 5122/1055/190
f 5121/1055/190 5119/1056/190 5125/1057/190
f 5118/1056/190 5126/1058/190 5123/1057/190
f 5124/1057/190 5127/1058/190 5128/1059/190
s 1
f 5129/1055/2110 5131/1057/2110 5130/1045/2110
f 5130/1045/2110 5131/1057/2110 5132/1046/2110
f 5133/1043/2111 5135/1047/2111 5134/1061/2111
f 5134/1061/2111 5135/1047/2111 5136/1060/2111
f 5137/1065/203 5139/1063/203 5138/1064/203
f 5138/1064/203 5139/1063/203 5140/1062/203
f 5141/1065/2112 5143/1064/2113 5142/1066/2114
f 5143/1064/2113 5144/1067/2115 5142/1066/2114
f 5142/1066/2114 5144/1067/2115 5145/1068/195
f 5144/1067/2115 5146/1069/195 5145/1068/195
f 5147/1070/2116 5148/1071/2117 5149/1067/2116
f 5149/1067/2116 5148/1071/2117 5150/1069/2117
f 5150/1069/2117 5148/1071/2117 5151/1068/483
f 5148/1071/2117 5152/1072/483 5151/1068/483
f 5152/1072/483 5153/1073/2118 5151/1068/483
f 5151/1068/483 5153/1073/2118 5154/1066/2118
s 0
f 5155/1074/190 5159/1076/190 5156/1075/190
f 5160/1076/190 5162/1077/190 5157/1075/190
f 5158/1075/190 5163/1077/190 5165/1078/190
f 5161/1077/190 5166/1079/190 5164/1078/190
s 1
f 5167/1076/2119 5168/1065/2119 5169/1077/2119
f 5168/1065/2119 5170/1066/2119 5169/1077/2119
f 5171/1064/2120 5172/1081/2120 5173/1067/2120
f 5172/1081/2120 5174/1080/2121 5173/1067/2120
f 5175/1082/2122 5176/1084/2122 5177/1083/483
f 5176/1084/2122 5178/1085/483 5177/1083/483
f 5177/1083/483 5178/1085/483 5179/1086/200
f 5178/1085/483 5180/1087/200 5179/1086/200
f 5179/1086/200 5180/1087/200 5181/1088/879
f 5180/1087/200 5182/1089/879 5181/1088/879
f 5182/1089/879 5183/1090/1226 5181/1088/879
f 5181/1088/879 5183/1090/1226 5184/1091/1226
s 0
f 5185/1091/190 5187/1096/190 5186/1088/190
f 5187/1096/190 5188/1095/190 5186/1088/190
f 5186/1088/190 5188/1095/190 5189/1086/190
f 5188/1095/190 5190/1094/190 5189/1086/190
f 5190/1094/190 5191/1093/190 5189/1086/190
f 5189/1086/190 5191/1093/190 5193/1083/190
f 5192/1093/896 5196/1092/896 5194/1083/896
f 5195/1083/896 5197/1092/896 5198/1082/896
f 5199/1084/2123 5204/1097/2123 5202/1085/2123
f 5203/1097/2124 5206/1098/2124 5201/1085/2124
f 5200/1085/195 5205/1098/195 5207/1087/195
f 5205/1098/195 5208/1099/195 5207/1087/195
f 5208/1099/195 5209/1100/195 5207/1087/195
f 5207/1087/195 5209/1100/195 5210/1089/195
f 5209/1100/195 5211/1101/195 5210/1089/195
f 5210/1089/195 5211/1101/195 5212/1090/195
s 1
f 5213/1102/2125 5215/1092/2126 5214/1103/2127
f 5215/1092/2126 5216/1093/2127 5214/1103/2127
f 5214/1103/2127 5216/1093/2127 5217/1104/2128
f 5216/1093/2127 5218/1094/2128 5217/1104/2128
f 5217/1104/2128 5218/1094/2128 5219/1105/2129
f 5218/1094/2128 5220/1095/2129 5219/1105/2129
f 5220/1095/2129 5221/1096/2130 5219/1105/2129
f 5219/1105/2129 5221/1096/2130 5222/1106/2131
f 5223/1107/200 5225/1109/200 5224/1108/893
f 5225/1109/200 5226/1110/893 5224/1108/893
f 5224/1108/893 5226/1110/893 5227/1111/894
f 5226/1110/893 5228/1112/894 5227/1111/894
f 5229/1113/2132 5230/1107/2132 5231/1114/882
f 5230/1107/2132 5232/1108/195 5231/1114/882
f 5231/1114/882 5232/1108/195 5233/1115/904
f 5232/1108/195 5234/1111/904 5233/1115/904
f 5235/1116/190 5236/1117/190 5237/1109/190
f 5237/1109/190 5236/1117/190 5238/1110/190
f 5236/1117/190 5239/1118/2133 5238/1110/190
f 5238/1110/190 5239/1118/2133 5240/1112/190
f 5241/1116/208 5243/1119/208 5242/1117/2134
f 5243/1119/208 5244/1120/2134 5242/1117/2134
f 5242/1117/2134 5244/1120/2134 5245/1118/2135
f 5244/1120/2134 5246/1121/901 5245/1118/2135
f 5247/1125/209 5248/1123/209 5249/1124/209
f 5248/1123/209 5250/1122/209 5249/1124/209
f 5251/1115/904 5252/1111/904 5253/1126/195
f 5252/1111/904 5254/1122/195 5253/1126/195
f 5255/1111/894 5256/1112/894 5257/1122/903
f 5256/1112/894 5258/1124/902 5257/1122/903
f 5259/1118/897 5260/1127/190 5262/1112/190
s 0
f 5261/1127/190 5264/1124/190 5263/1112/190
s 1
f 5265/1118/2136 5266/1121/906 5267/1127/905
f 5266/1121/906 5268/1128/905 5267/1127/905
f 5269/1107/200 5270/1129/907 5271/1109/200
f 5271/1109/200 5270/1129/907 5272/1130/907
f 5272/1130/907 5270/1129/907 5273/1131/908
f 5270/1129/907 5274/1132/908 5273/1131/908
f 5275/1131/190 5276/1133/190 5277/1130/2137
f 5276/1133/190 5278/1134/2138 5277/1130/2137
f 5277/1130/2137 5278/1134/2138 5279/1109/190
f 5278/1134/2138 5280/1116/190 5279/1109/190
f 5281/1116/2139 5282/1134/912 5283/1119/2139
f 5283/1119/2139 5282/1134/912 5284/1135/912
f 5284/1135/912 5282/1134/912 5285/1136/913
f 5282/1134/912 5286/1133/913 5285/1136/913
f 5287/1132/195 5288/1129/195 5289/1137/2140
f 5289/1137/2140 5288/1129/195 5290/1138/195
f 5288/1129/195 5291/1107/2141 5290/1138/195
f 5290/1138/195 5291/1107/2141 5292/1113/2132
f 5293/1142/915 5295/1140/915 5294/1141/915
f 5294/1141/915 5295/1140/915 5296/1139/915
s 0
f 5297/1142/195 5301/1132/195 5299/1143/195
s 1
f 5298/1143/195 5300/1132/195 5302/1137/904
f 5303/1132/908 5305/1142/338 5304/1131/908
f 5304/1131/908 5305/1142/338 5306/1141/338
s 0
f 5307/1133/190 5309/1131/190 5308/1144/190
f 5308/1144/190 5309/1131/190 5310/1141/190
s 1
f 5311/1133/917 5313/1144/916 5312/1136/917
f 5312/1136/917 5313/1144/916 5314/1145/916
s 0
f 5315/1149/190 5317/1147/190 5316/1148/190
f 5316/1148/190 5317/1147/190 5318/1146/190
s 1
f 5319/1186/2142 5321/1185/316 5320/1184/316
f 5321/1185/316 5322/1183/2143 5320/1184/316
f 5320/1184/316 5322/1183/2143 5323/1182/921
f 5322/1183/2143 5324/1181/929 5323/1182/921
f 5323/1182/921 5324/1181/929 5325/1180/929
f 5324/1181/929 5326/1179/404 5325/1180/929
f 5325/1180/929 5326/1179/404 5327/1178/404
f 5326/1179/404 5328/1177/924 5327/1178/404
f 5327/1178/404 5328/1177/924 5329/1176/924
f 5328/1177/924 5330/1175/2144 5329/1176/924
f 5329/1176/924 5330/1175/2144 5331/1174/2142
f 5319/1186/2142 5332/1187/2142 5321/1185/316
f 5333/1188/921 5334/1190/923 5335/1189/921
f 5335/1189/921 5334/1190/923 5336/1191/923
f 5334/1190/923 5337/1192/209 5336/1191/923
f 5336/1191/923 5337/1192/209 5338/1193/209
f 5337/1192/209 5339/1194/924 5338/1193/209
f 5338/1193/209 5339/1194/924 5340/1195/924
f 5339/1194/924 5341/1196/2142 5340/1195/924
f 5340/1195/924 5341/1196/2142 5342/1197/2142
f 5341/1196/2142 5343/1198/202 5342/1197/2142
f 5342/1197/2142 5343/1198/202 5344/1199/202
f 5343/1198/202 5345/1200/921 5344/1199/202
f 5344/1199/202 5345/1200/921 5346/1201/921
f 5347/1202/921 5349/1204/923 5348/1203/921
f 5348/1203/921 5349/1204/923 5350/1205/923
f 5349/1204/923 5351/1206/209 5350/1205/923
f 5350/1205/923 5351/1206/209 5352/1207/209
f 5351/1206/209 5353/1208/924 5352/1207/209
f 5352/1207/209 5353/1208/924 5354/1209/924
f 5353/1208/924 5355/1210/2142 5354/1209/924
f 5354/1209/924 5355/1210/2142 5356/1211/2142
f 5355/1210/2142 5357/1212/202 5356/1211/2142
f 5356/1211/2142 5357/1212/202 5358/1213/202
f 5357/1212/202 5359/1214/921 5358/1213/202
f 5358/1213/202 5359/1214/921 5360/1215/921
f 5361/1216/921 5363/1218/923 5362/1217/921
f 5362/1217/921 5363/1218/923 5364/1219/923
f 5363/1218/923 5365/1220/209 5364/1219/923
f 5364/1219/923 5365/1220/209 5366/1221/209
f 5365/1220/209 5367/1222/924 5366/1221/209
f 5366/1221/209 5367/1222/924 5368/1223/925
f 5367/1222/924 5369/1224/2142 5368/1223/925
f 5368/1223/925 5369/1224/2142 5370/1225/2144
f 5369/1224/2142 5371/1226/202 5370/1225/2144
f 5370/1225/2144 5371/1226/202 5372/1227/202
f 5371/1226/202 5373/1228/921 5372/1227/202
f 5372/1227/202 5373/1228/921 5374/1229/921
f 5375/1230/2145 5377/1232/2146 5376/1231/2147
f 5377/1232/2146 5378/1233/2148 5376/1231/2147
f 5376/1231/2147 5378/1233/2148 5379/1234/2149
f 5380/1238/2150 5382/1236/2151 5381/1237/2152
f 5381/1237/2152 5382/1236/2151 5383/1235/2153
f 5384/1243/190 5387/1241/190 5386/1242/2154
f 5386/1242/2154 5387/1241/190 5388/1240/2154
f 5385/1242/2155 5390/1245/2155 5389/1244/1033
f 5389/1244/1033 5390/1245/2155 5391/1246/2156
f 5392/1332/202 5394/1326/316 5393/1324/316
f 5393/1324/316 5394/1326/316 5395/1325/316
f 5394/1326/316 5396/1327/316 5395/1325/316
f 5397/1331/202 5398/1330/316 5395/1325/316
f 5398/1330/316 5399/1322/316 5395/1325/316
f 5395/1325/316 5399/1322/316 5393/1324/316
f 5399/1322/316 5400/1323/316 5393/1324/316
f 5393/1324/316 5400/1323/316 5401/1328/202
f 5398/1330/316 5402/1329/202 5399/1322/316
f 5399/1322/316 5403/1321/316 5400/1323/316
f 5404/1333/2157 5406/1335/1028 5405/1334/2158
f 5405/1334/2158 5406/1335/1028 5407/1336/1028
f 5406/1335/1028 5408/1337/2159 5407/1336/1028
f 5407/1336/1028 5408/1337/2159 5409/1338/2160
f 5408/1337/2159 5410/1339/2161 5409/1338/2160
f 5409/1338/2160 5410/1339/2161 5411/1340/2161
f 5410/1339/2161 5412/1341/208 5411/1340/2161
f 5411/1340/2161 5412/1341/208 5413/1342/203
f 5412/1341/208 5414/1343/1023 5413/1342/203
f 5413/1342/203 5414/1343/1023 5415/1344/1023
f 5414/1343/1023 5416/1345/2162 5415/1344/1023
f 5415/1344/1023 5416/1345/2162 5417/1331/2162
f 5416/1345/2162 5418/1346/1021 5417/1331/2162
f 5417/1331/2162 5418/1346/1021 5419/1330/1021
f 5418/1346/1021 5420/1347/2163 5419/1330/1021
f 5419/1330/1021 5420/1347/2163 5421/1348/2163
f 5420/1347/2163 5422/1349/1031 5421/1348/2163
f 5421/1348/2163 5422/1349/1031 5423/1350/1032
f 5422/1349/1031 5424/1351/201 5423/1350/1032
f 5423/1350/1032 5424/1351/201 5425/1352/201
f 5424/1351/201 5426/1353/2164 5425/1352/201
f 5425/1352/201 5426/1353/2164 5427/1354/2164
f 5426/1353/2164 5428/1355/2165 5427/1354/2164
f 5427/1354/2164 5428/1355/2165 5429/1356/2165
f 5430/1366/209 5432/1349/209 5431/1360/209
f 5431/1360/209 5432/1349/209 5433/1364/209
f 5432/1349/209 5434/1347/209 5433/1364/209
f 5435/1365/209 5436/1363/209 5433/1364/209
f 5436/1363/209 5437/1358/209 5433/1364/209
f 5433/1364/209 5437/1358/209 5431/1360/209
f 5437/1358/209 5438/1359/209 5431/1360/209
f 5431/1360/209 5438/1359/209 5439/1361/209
f 5436/1363/209 5440/1362/209 5437/1358/209
f 5437/1358/209 5441/1357/209 5438/1359/209
f 5442/1367/2166 5444/1369/209 5443/1368/2166
f 5443/1368/2166 5444/1369/209 5445/1370/404
f 5444/1369/209 5446/1371/2167 5445/1370/404
f 5445/1370/404 5446/1371/2167 5447/1372/2167
f 5448/1368/2168 5450/1373/2169 5449/1367/2168
f 5449/1367/2168 5450/1373/2169 5451/1374/2170
f 5450/1373/2169 5452/1375/2171 5451/1374/2170
f 5451/1374/2170 5452/1375/2171 5453/1376/2171
f 5454/1375/2172 5456/1377/2173 5455/1376/2172
f 5455/1376/2172 5456/1377/2173 5457/1378/202
f 5456/1377/2173 5458/1379/2174 5457/1378/202
f 5457/1378/202 5458/1379/2174 5459/1380/2174
f 5460/1381/2175 5462/1383/2176 5461/1382/2175
f 5461/1382/2175 5462/1383/2176 5463/1384/2176
f 5462/1383/2176 5464/1372/2177 5463/1384/2176
f 5463/1384/2176 5464/1372/2177 5465/1371/2177
f 5466/1390/2178 5468/1389/2178 5467/1386/2178
f 5467/1386/2178 5468/1389/2178 5469/1385/2179
f 5468/1389/2178 5470/1388/2178 5469/1385/2179
f 5471/1368/2180 5472/1370/2180 5469/1385/2179
f 5469/1385/2179 5472/1370/2180 5467/1386/2178
f 5472/1370/2180 5473/1387/2181 5467/1386/2178
f 5474/1394/200 5475/1392/200 5476/1393/200
f 5475/1392/200 5477/1391/200 5476/1393/200
s 0
f 5478/1396/195 5479/1395/195 5481/1394/195
f 5480/1395/195 5483/1392/195 5482/1394/195
f 5484/1400/190 5485/1398/190 5486/1399/190
f 5485/1398/190 5487/1397/190 5486/1399/190
s 1
f 5488/1394/209 5489/1401/209 5490/1396/209
f 5489/1401/209 5491/1402/209 5490/1396/209
f 5490/1396/209 5491/1402/209 5492/1403/209
f 5491/1402/209 5493/1404/209 5492/1403/209
f 5493/1404/209 5494/1405/209 5492/1403/209
f 5492/1403/209 5494/1405/209 5495/1406/209
f 5496/1407/202 5498/1409/316 5497/1408/202
f 5497/1408/202 5498/1409/316 5499/1410/316
f 5499/1410/316 5498/1409/316 5500/1395/316
f 5498/1409/316 5501/1400/316 5500/1395/316
f 5500/1395/316 5501/1400/316 5502/1392/202
f 5501/1400/316 5503/1399/202 5502/1392/202
f 5504/1408/2182 5505/1410/2045 5506/1406/2183
f 5506/1406/2183 5505/1410/2045 5507/1403/2045
f 5507/1403/2045 5505/1410/2045 5508/1396/2184
f 5505/1410/2045 5509/1395/2185 5508/1396/2184
f 5510/1398/2186 5511/1400/2186 5512/1411/2187
f 5511/1400/2186 5513/1409/2188 5512/1411/2187
f 5512/1411/2187 5513/1409/2188 5514/1412/2189
f 5513/1409/2188 5515/1407/2189 5514/1412/2189
f 5516/1416/200 5517/1414/200 5518/1415/200
f 5517/1414/200 5519/1413/200 5518/1415/200
s 0
f 5520/1418/195 5521/1417/195 5522/1416/195
f 5521/1417/195 5523/1414/195 5522/1416/195
f 5524/1422/190 5525/1420/190 5526/1421/190
f 5525/1420/190 5527/1419/190 5526/1421/190
s 1
f 5528/1416/209 5529/1419/209 5530/1418/209
f 5529/1419/209 5531/1420/209 5530/1418/209
f 5530/1418/209 5531/1420/209 5532/1423/209
f 5531/1420/209 5533/1424/209 5532/1423/209
f 5533/1424/209 5534/1425/209 5532/1423/209
f 5532/1423/209 5534/1425/209 5535/1426/209
f 5536/1427/316 5538/1429/316 5537/1428/316
f 5537/1428/316 5538/1429/316 5539/1430/316
f 5539/1430/316 5538/1429/316 5540/1417/316
f 5538/1429/316 5541/1431/316 5540/1417/316
f 5540/1417/316 5541/1431/316 5542/1414/202
f 5541/1431/316 5543/1432/202 5542/1414/202
f 5544/1428/2182 5545/1430/2045 5546/1426/2182
f 5546/1426/2182 5545/1430/2045 5547/1423/2045
f 5547/1423/2045 5545/1430/2045 5548/1418/2185
f 5545/1430/2045 5549/1417/2184 5548/1418/2185
f 5550/1420/2190 5551/1422/2190 5552/1424/2187
f 5551/1422/2190 5553/1433/2188 5552/1424/2187
f 5552/1424/2187 5553/1433/2188 5554/1425/2189
f 5553/1433/2188 5555/1434/2189 5554/1425/2189
s 0
f 5556/1436/190 5557/1435/190 5558/1406/190
f 5557/1435/190 5559/1408/190 5558/1406/190
f 5560/1438/190 5561/1437/190 5562/1426/190
f 5561/1437/190 5563/1428/190 5562/1426/190
f 5564/367/195 5565/1448/195 5566/373/195
f 5565/1448/195 5567/1447/195 5566/373/195
s 1
f 5568/1448/209 5569/1450/209 5570/1447/209
f 5569/1450/209 5571/1449/209 5570/1447/209
f 5572/1454/209 5573/1452/209 5574/1453/209
f 5573/1452/209 5575/1451/209 5574/1453/209
f 5576/1458/209 5577/1456/209 5578/1457/209
f 5577/1456/209 5579/1455/209 5578/1457/209
s 0
f 5580/1456/195 5581/368/195 5582/1455/195
f 5581/368/195 5583/371/195 5582/1455/195
s 1
f 5584/367/200 5585/365/200 5586/1448/200
f 5585/365/200 5587/1450/200 5586/1448/200
s 0
f 5588/365/195 5590/366/195 5592/1454/195
f 5589/366/195 5593/1452/195 5591/1454/195
s 1
f 5594/366/208 5595/368/208 5596/1458/208
f 5595/368/208 5597/1456/208 5596/1458/208
f 5598/1490/1077 5599/1488/1077 5600/1489/1077
f 5599/1488/1077 5601/1487/1077 5600/1489/1077
f 5602/1489/2191 5603/1487/1412 5604/1492/1412
f 5603/1487/1412 5605/1491/1412 5604/1492/1412
f 5606/1487/1081 5607/1488/1081 5608/1491/1081
f 5607/1488/1081 5609/1493/1081 5608/1491/1081
f 5610/1488/1080 5611/1490/1080 5612/1493/1080
f 5611/1490/1080 5613/1494/1080 5612/1493/1080
f 5614/1490/1079 5615/1489/1079 5616/1494/1079
f 5615/1489/1079 5617/1492/1079 5616/1494/1079
f 5618/1498/2192 5619/1496/2193 5620/1497/2194
f 5619/1496/2193 5621/1495/2195 5620/1497/2194
f 5622/1519/2196 5623/1518/2197 5624/1517/2198
f 5623/1518/2197 5625/1515/2199 5624/1517/2198
f 5624/1517/2198 5625/1515/2199 5626/1516/2200
f 5625/1515/2199 5627/1514/2201 5626/1516/2200
f 5626/1516/2200 5627/1514/2201 5628/1520/2202
f 5627/1514/2201 5629/1521/2203 5628/1520/2202
f 5628/1520/2202 5629/1521/2203 5630/1522/2204
f 5629/1521/2203 5631/1536/2205 5630/1522/2204
f 5630/1522/2204 5631/1536/2205 5632/1537/2206
f 5632/1537/2206 5631/1536/2205 5633/1538/2207
f 5631/1536/2205 5634/1535/2208 5633/1538/2207
f 5633/1538/2207 5634/1535/2208 5635/1539/2209
f 5623/1518/2197 5636/1507/2210 5625/1515/2199
f 5625/1515/2199 5636/1507/2210 5637/1506/2211
f 5636/1507/2210 5638/1505/2212 5637/1506/2211
f 5637/1506/2211 5638/1505/2212 5639/1504/2213
f 5638/1505/2212 5640/1503/2214 5639/1504/2213
f 5625/1515/2199 5637/1506/2211 5627/1514/2201
f 5637/1506/2211 5641/1513/2215 5627/1514/2201
f 5627/1514/2201 5641/1513/2215 5629/1521/2203
f 5641/1513/2215 5642/1523/2216 5629/1521/2203
f 5629/1521/2203 5642/1523/2216 5631/1536/2205
f 5631/1536/2205 5642/1523/2216 5634/1535/2208
f 5642/1523/2216 5643/1524/2217 5634/1535/2208
f 5643/1524/2217 5644/1534/2218 5634/1535/2208
f 5634/1535/2208 5644/1534/2218 5635/1539/2209
f 5635/1539/2209 5644/1534/2218 5645/1540/2219
f 5644/1534/2218 5646/1533/2220 5645/1540/2219
f 5645/1540/2219 5646/1533/2220 5647/1532/2221
f 5637/1506/2211 5639/1504/2213 5641/1513/2215
f 5639/1504/2213 5648/1512/2222 5641/1513/2215
f 5641/1513/2215 5648/1512/2222 5642/1523/2216
f 5642/1523/2216 5648/1512/2222 5643/1524/2217
f 5648/1512/2222 5649/1511/2223 5643/1524/2217
f 5649/1511/2223 5650/1525/2224 5643/1524/2217
f 5643/1524/2217 5650/1525/2224 5644/1534/2218
f 5650/1525/2224 5646/1533/2220 5644/1534/2218
f 5649/1511/2223 5648/1512/2222 5651/1502/2225
f 5648/1512/2222 5639/1504/2213 5651/1502/2225
f 5639/1504/2213 5640/1503/2214 5651/1502/2225
f 5640/1503/2214 5652/1500/2226 5651/1502/2225
f 5651/1502/2225 5652/1500/2226 5653/1501/2227
f 5652/1500/2226 5654/1499/2196 5653/1501/2227
f 5654/1499/2196 5655/1508/2198 5653/1501/2227
f 5655/1508/2198 5656/1509/2228 5653/1501/2227
f 5653/1501/2227 5656/1509/2228 5649/1511/2223
f 5649/1511/2223 5656/1509/2228 5650/1525/2224
f 5656/1509/2228 5657/1526/2229 5650/1525/2224
f 5650/1525/2224 5657/1526/2229 5646/1533/2220
f 5657/1526/2229 5658/1528/2230 5646/1533/2220
f 5646/1533/2220 5658/1528/2230 5647/1532/2221
f 5647/1532/2221 5658/1528/2230 5659/1530/2231
f 5658/1528/2230 5660/1529/2204 5659/1530/2231
f 5659/1530/2231 5660/1529/2204 5661/1531/2206
f 5649/1511/2223 5651/1502/2225 5653/1501/2227
f 5660/1529/2204 5658/1528/2230 5662/1527/2232
f 5658/1528/2230 5657/1526/2229 5662/1527/2232
f 5662/1527/2232 5657/1526/2229 5663/1510/2233
f 5657/1526/2229 5656/1509/2228 5663/1510/2233
f 5663/1510/2233 5656/1509/2228 5655/1508/2198
f 5664/1498/2234 5666/1497/2234 5665/1542/2235
f 5665/1542/2235 5666/1497/2234 5667/1541/2235
f 5668/1495/2236 5670/1496/2237 5669/1544/2238
f 5669/1544/2238 5670/1496/2237 5671/1543/2236
f 5672/1546/2239 5674/1542/2240 5673/1545/2241
f 5673/1545/2241 5674/1542/2240 5675/1541/2242
f 5676/1550/2243 5678/1547/2244 5677/1548/2245
f 5677/1548/2245 5678/1547/2244 5679/1503/2246
f 5678/1547/2244 5680/1500/2245 5679/1503/2246
f 5681/1549/2245 5677/1548/2245 5679/1503/2246
f 5682/1554/200 5684/1551/200 5683/1552/200
f 5683/1552/200 5684/1551/200 5685/1539/200
f 5684/1551/200 5686/1538/200 5685/1539/200
f 5687/1553/200 5683/1552/200 5685/1539/200
f 5688/1558/2247 5690/1556/2248 5689/1557/2249
f 5689/1557/2249 5690/1556/2248 5691/1555/2249
f 5692/1562/2250 5694/1560/2251 5693/1561/2252
f 5693/1561/2252 5694/1560/2251 5695/1559/2250
f 5696/1564/2253 5698/1558/2254 5697/1563/2254
f 5697/1563/2254 5698/1558/2254 5699/1557/2254
f 5700/1563/2255 5702/1557/2255 5701/1566/2256
f 5701/1566/2256 5702/1557/2255 5703/1565/212
f 5704/1556/2257 5706/1558/2258 5705/1562/2258
f 5705/1562/2258 5706/1558/2258 5707/1560/2259
f 5708/1567/2260 5710/1569/2260 5709/1568/2260
f 5710/1569/2260 5711/1570/2261 5709/1568/2260
f 5711/1570/2261 5712/1571/2260 5709/1568/2260
f 5709/1568/2260 5712/1571/2260 5713/1572/2262
f 5713/1572/2262 5712/1571/2260 5714/1573/2260
f 5712/1571/2260 5715/1574/2260 5714/1573/2260
f 5716/1577/2263 5717/1575/2264 5718/1579/2265
f 5717/1575/2264 5719/1580/2266 5718/1579/2265
f 5717/1575/2264 5716/1577/2263 5720/1576/2267
f 5716/1577/2263 5721/1578/2268 5720/1576/2267
f 5720/1576/2267 5721/1578/2268 5722/1590/2269
f 5721/1578/2268 5723/1589/2270 5722/1590/2269
f 5722/1590/2269 5723/1589/2270 5724/1588/2271
f 5723/1589/2270 5725/1587/2272 5724/1588/2271
f 5724/1588/2271 5725/1587/2272 5726/1586/2273
f 5725/1587/2272 5727/1585/2274 5726/1586/2273
f 5726/1586/2273 5727/1585/2274 5728/1584/2275
f 5727/1585/2274 5729/1583/2276 5728/1584/2275
f 5728/1584/2275 5729/1583/2276 5730/1582/2277
f 5729/1583/2276 5731/1581/2278 5730/1582/2277
f 5730/1582/2277 5731/1581/2278 5719/1580/2266
f 5731/1581/2278 5718/1579/2265 5719/1580/2266
f 5732/1584/2279 5733/1582/2280 5734/1594/2281
f 5734/1594/2281 5733/1582/2280 5735/1593/2282
f 5733/1582/2280 5736/1580/2283 5735/1593/2282
f 5735/1593/2282 5736/1580/2283 5737/1592/2284
f 5736/1580/2283 5738/1575/2285 5737/1592/2284
f 5737/1592/2284 5738/1575/2285 5739/1591/2285
f 5740/1594/2286 5742/1595/2286 5741/1584/2286
f 5741/1584/2286 5742/1595/2286 5743/1586/2286
f 5744/1595/2287 5746/1596/2288 5745/1586/2287
f 5745/1586/2287 5746/1596/2288 5747/1588/2288
f 5746/1596/2288 5748/1597/2289 5747/1588/2288
f 5747/1588/2288 5748/1597/2289 5749/1590/2290
f 5748/1597/2289 5750/1598/2291 5749/1590/2290
f 5749/1590/2290 5750/1598/2291 5751/1576/2291
f 5752/1599/2292 5754/1585/2293 5753/1601/2294
f 5753/1601/2294 5754/1585/2293 5755/1587/2295
f 5754/1585/2293 5752/1599/2292 5756/1583/2296
f 5752/1599/2292 5757/1600/2297 5756/1583/2296
f 5756/1583/2296 5757/1600/2297 5758/1581/2298
f 5757/1600/2297 5759/1606/2299 5758/1581/2298
f 5758/1581/2298 5759/1606/2299 5760/1579/2300
f 5759/1606/2299 5761/1605/2301 5760/1579/2300
f 5760/1579/2300 5761/1605/2301 5762/1577/2302
f 5761/1605/2301 5763/1604/2303 5762/1577/2302
f 5762/1577/2302 5763/1604/2303 5764/1578/2304
f 5763/1604/2303 5765/1603/2305 5764/1578/2304
f 5764/1578/2304 5765/1603/2305 5766/1589/2306
f 5765/1603/2305 5767/1602/2307 5766/1589/2306
f 5766/1589/2306 5767/1602/2307 5755/1587/2295
f 5767/1602/2307 5753/1601/2294 5755/1587/2295
f 5768/1598/2308 5769/1591/2308 5770/1576/2309
f 5769/1591/2308 5771/1575/2309 5770/1576/2309
f 5772/1614/2310 5773/1608/2310 5774/1611/2310
f 5773/1608/2310 5775/1610/2311 5774/1611/2310
f 5775/1610/2311 5776/1612/2310 5774/1611/2310
f 5774/1611/2310 5776/1612/2310 5777/1613/2310
f 5775/1610/2311 5773/1608/2310 5778/1609/2310
f 5778/1609/2310 5773/1608/2310 5779/1607/2310
f 5780/1615/2260 5782/1593/2312 5781/1617/2260
f 5781/1617/2260 5782/1593/2312 5783/1592/2260
f 5782/1593/2312 5780/1615/2260 5784/1594/2260
f 5780/1615/2260 5785/1616/2260 5784/1594/2260
f 5784/1594/2260 5785/1616/2260 5786/1595/2313
f 5785/1616/2260 5787/1622/2260 5786/1595/2313
f 5786/1595/2313 5787/1622/2260 5788/1596/2314
f 5787/1622/2260 5789/1621/2315 5788/1596/2314
f 5788/1596/2314 5789/1621/2315 5790/1597/2315
f 5789/1621/2315 5791/1620/2260 5790/1597/2315
f 5790/1597/2315 5791/1620/2260 5792/1598/2260
f 5791/1620/2260 5793/1619/2313 5792/1598/2260
f 5792/1598/2260 5793/1619/2313 5794/1591/2316
f 5793/1619/2313 5795/1618/2260 5794/1591/2316
f 5794/1591/2316 5795/1618/2260 5783/1592/2260
f 5795/1618/2260 5781/1617/2260 5783/1592/2260
f 5796/1568/2317 5797/1617/2318 5798/1567/2319
f 5797/1617/2318 5799/1618/2320 5798/1567/2319
f 5797/1617/2318 5796/1568/2317 5800/1615/2321
f 5796/1568/2317 5801/1572/2322 5800/1615/2321
f 5800/1615/2321 5801/1572/2322 5802/1616/2323
f 5801/1572/2322 5803/1573/2324 5802/1616/2323
f 5802/1616/2323 5803/1573/2324 5804/1622/2325
f 5803/1573/2324 5805/1574/2326 5804/1622/2325
f 5804/1622/2325 5805/1574/2326 5806/1621/2327
f 5805/1574/2326 5807/1571/2328 5806/1621/2327
f 5806/1621/2327 5807/1571/2328 5808/1620/2329
f 5807/1571/2328 5809/1570/2330 5808/1620/2329
f 5808/1620/2329 5809/1570/2330 5810/1619/2331
f 5809/1570/2330 5811/1569/2332 5810/1619/2331
f 5810/1619/2331 5811/1569/2332 5799/1618/2320
f 5811/1569/2332 5798/1567/2319 5799/1618/2320
f 5812/1625/2333 5813/1623/1231 5814/1627/2334
f 5813/1623/1231 5815/1628/2335 5814/1627/2334
f 5813/1623/1231 5812/1625/2333 5816/1624/2336
f 5812/1625/2333 5817/1626/2337 5816/1624/2336
f 5816/1624/2336 5817/1626/2337 5818/1646/2338
f 5817/1626/2337 5819/1645/2339 5818/1646/2338
f 5818/1646/2338 5819/1645/2339 5820/1644/2340
f 5819/1645/2339 5821/1643/2341 5820/1644/2340
f 5820/1644/2340 5821/1643/2341 5822/1642/1221
f 5821/1643/2341 5823/1641/2342 5822/1642/1221
f 5822/1642/1221 5823/1641/2342 5824/1640/1219
f 5823/1641/2342 5825/1639/2343 5824/1640/1219
f 5824/1640/1219 5825/1639/2343 5826/1638/1218
f 5825/1639/2343 5827/1637/2344 5826/1638/1218
f 5826/1638/1218 5827/1637/2344 5828/1636/2344
f 5827/1637/2344 5829/1635/2345 5828/1636/2344
f 5828/1636/2344 5829/1635/2345 5830/1634/2346
f 5829/1635/2345 5831/1633/880 5830/1634/2346
f 5830/1634/2346 5831/1633/880 5832/1632/1227
f 5831/1633/880 5833/1631/2347 5832/1632/1227
f 5832/1632/1227 5833/1631/2347 5834/1630/2348
f 5833/1631/2347 5835/1629/2349 5834/1630/2348
f 5834/1630/2348 5835/1629/2349 5815/1628/2335
f 5835/1629/2349 5814/1627/2334 5815/1628/2335
f 5836/1647/1244 5837/1624/202 5838/1648/1243
f 5837/1624/202 5839/1646/202 5838/1648/1243
f 5837/1624/202 5836/1647/1244 5840/1623/202
f 5836/1647/1244 5841/1658/1245 5840/1623/202
f 5840/1623/202 5841/1658/1245 5842/1628/202
f 5841/1658/1245 5843/1657/1246 5842/1628/202
f 5842/1628/202 5843/1657/1246 5844/1630/202
f 5843/1657/1246 5845/1656/2350 5844/1630/202
f 5844/1630/202 5845/1656/2350 5846/1632/202
f 5845/1656/2350 5847/1655/1248 5846/1632/202
f 5846/1632/202 5847/1655/1248 5848/1634/316
f 5847/1655/1248 5849/1654/2351 5848/1634/316
f 5848/1634/316 5849/1654/2351 5850/1636/316
f 5849/1654/2351 5851/1653/2352 5850/1636/316
f 5850/1636/316 5851/1653/2352 5852/1638/316
f 5851/1653/2352 5853/1652/2353 5852/1638/316
f 5852/1638/316 5853/1652/2353 5854/1640/316
f 5853/1652/2353 5855/1651/1240 5854/1640/316
f 5854/1640/316 5855/1651/1240 5856/1642/316
f 5855/1651/1240 5857/1650/2354 5856/1642/316
f 5856/1642/316 5857/1650/2354 5858/1644/202
f 5857/1650/2354 5859/1649/1242 5858/1644/202
f 5858/1644/202 5859/1649/1242 5839/1646/202
f 5839/1646/202 5859/1649/1242 5838/1648/1243
f 5838/1648/1243 5859/1649/1242 5860/1659/2173
f 5859/1649/1242 5857/1650/2354 5860/1659/2173
f 5857/1650/2354 5855/1651/1240 5860/1659/2173
f 5855/1651/1240 5853/1652/2353 5860/1659/2173
f 5853/1652/2353 5851/1653/2352 5860/1659/2173
f 5851/1653/2352 5849/1654/2351 5860/1659/2173
f 5849/1654/2351 5847/1655/1248 5860/1659/2173
f 5847/1655/1248 5845/1656/2350 5860/1659/2173
f 5845/1656/2350 5843/1657/1246 5860/1659/2173
f 5843/1657/1246 5841/1658/1245 5860/1659/2173
f 5841/1658/1245 5836/1647/1244 5860/1659/2173
f 5860/1659/2173 5836/1647/1244 5838/1648/1243
f 5861/1662/2355 5863/1660/2356 5862/1664/2356
f 5862/1664/2356 5863/1660/2356 5864/1665/2357
f 5863/1660/2356 5861/1662/2355 5865/1661/2358
f 5861/1662/2355 5866/1663/2359 5865/1661/2358
f 5865/1661/2358 5866/1663/2359 5867/1679/1262
f 5866/1663/2359 5868/1678/2360 5867/1679/1262
f 5867/1679/1262 5868/1678/2360 5869/1677/2360
f 5868/1678/2360 5870/1676/1251 5869/1677/2360
f 5869/1677/2360 5870/1676/1251 5871/1675/2361
f 5870/1676/1251 5872/1674/2362 5871/1675/2361
f 5871/1675/2361 5872/1674/2362 5873/1673/1250
f 5872/1674/2362 5874/1672/2363 5873/1673/1250
f 5873/1673/1250 5874/1672/2363 5875/1671/1254
f 5874/1672/2363 5876/1670/1255 5875/1671/1254
f 5875/1671/1254 5876/1670/1255 5877/1669/1255
f 5876/1670/1255 5878/1668/1256 5877/1669/1255
f 5877/1669/1255 5878/1668/1256 5879/1667/1256
f 5878/1668/1256 5880/1666/2364 5879/1667/1256
f 5879/1667/1256 5880/1666/2364 5864/1665/2357
f 5880/1666/2364 5862/1664/2356 5864/1665/2357
f 5881/1680/2365 5882/1661/202 5883/1681/2366
f 5882/1661/202 5884/1679/202 5883/1681/2366
f 5882/1661/202 5881/1680/2365 5885/1660/202
f 5881/1680/2365 5886/1689/2367 5885/1660/202
f 5885/1660/202 5886/1689/2367 5887/1665/202
f 5886/1689/2367 5888/1688/2368 5887/1665/202
f 5887/1665/202 5888/1688/2368 5889/1667/202
f 5888/1688/2368 5890/1687/2369 5889/1667/202
f 5889/1667/202 5890/1687/2369 5891/1669/202
f 5890/1687/2369 5892/1686/1273 5891/1669/202
f 5891/1669/202 5892/1686/1273 5893/1671/202
f 5892/1686/1273 5894/1685/2370 5893/1671/202
f 5893/1671/202 5894/1685/2370 5895/1673/202
f 5894/1685/2370 5896/1684/1265 5895/1673/202
f 5895/1673/202 5896/1684/1265 5897/1675/202
f 5896/1684/1265 5898/1683/1266 5897/1675/202
f 5897/1675/202 5898/1683/1266 5899/1677/202
f 5898/1683/1266 5900/1682/1267 5899/1677/202
f 5899/1677/202 5900/1682/1267 5884/1679/202
f 5884/1679/202 5900/1682/1267 5883/1681/2366
f 5883/1681/2366 5900/1682/1267 5901/1690/1042
f 5900/1682/1267 5898/1683/1266 5901/1690/1042
f 5898/1683/1266 5896/1684/1265 5901/1690/1042
f 5896/1684/1265 5894/1685/2370 5901/1690/1042
f 5894/1685/2370 5892/1686/1273 5901/1690/1042
f 5892/1686/1273 5890/1687/2369 5901/1690/1042
f 5890/1687/2369 5888/1688/2368 5901/1690/1042
f 5888/1688/2368 5886/1689/2367 5901/1690/1042
f 5886/1689/2367 5881/1680/2365 5901/1690/1042
f 5901/1690/1042 5881/1680/2365 5883/1681/2366
f 5902/1695/2371 5904/1709/2372 5903/1692/2373
f 5903/1692/2373 5904/1709/2372 5905/1699/2373
f 5906/1705/2374 5908/1696/2375 5907/1704/2376
f 5907/1704/2376 5908/1696/2375 5909/1694/2377
f 5910/1713/2378 5912/1711/2378 5911/1712/2379
f 5911/1712/2379 5912/1711/2378 5913/1710/2379
s 0
f 5914/1725/2380 5918/1723/2380 5916/1724/2380
s 1
f 5915/1724/2381 5917/1723/2381 5919/1722/2381
f 5920/1729/2382 5922/1727/2382 5921/1728/2383
f 5921/1728/2383 5922/1727/2382 5923/1726/2382
f 5924/1728/2384 5926/1726/2385 5925/1731/2386
f 5925/1731/2386 5926/1726/2385 5927/1730/2387
f 5928/1733/2388 5930/1732/2388 5929/1725/2388
f 5929/1725/2388 5930/1732/2388 5931/1723/2389
f 5932/1727/2390 5934/1729/2391 5933/1723/2392
f 5933/1723/2392 5934/1729/2391 5935/1722/2393
f 5936/1735/2394 5938/1734/2394 5937/1722/2394
f 5937/1722/2394 5938/1734/2394 5939/1724/2394
f 5940/1736/2395 5942/1738/2396 5941/1737/2395
f 5941/1737/2395 5942/1738/2396 5943/1739/2395
f 5943/1739/2395 5942/1738/2396 5944/1740/2397
f 5942/1738/2396 5945/1741/2397 5944/1740/2397
f 5946/1736/2398 5947/1737/2398 5948/1743/2398
f 5947/1737/2398 5949/1742/2399 5948/1743/2398
f 5950/1742/2400 5951/1737/2400 5952/1744/2401
f 5951/1737/2400 5953/1739/2402 5952/1744/2401
f 5953/1739/2402 5954/1740/2403 5952/1744/2401
f 5952/1744/2401 5954/1740/2403 5955/1745/2403
f 5956/1740/2404 5958/1741/2404 5957/1745/2405
f 5957/1745/2405 5958/1741/2404 5959/1746/2406
f 5960/1746/2407 5962/1741/2407 5961/1747/2408
f 5962/1741/2407 5963/1738/2409 5961/1747/2408
f 5963/1738/2409 5964/1736/2410 5961/1747/2408
f 5961/1747/2408 5964/1736/2410 5965/1743/2410
f 5966/1748/1743 5968/1750/1743 5967/1749/2411
f 5968/1750/1743 5969/1751/2411 5967/1749/2411
f 5967/1749/2411 5969/1751/2411 5970/1752/2412
f 5969/1751/2411 5971/1753/2413 5970/1752/2412
f 5970/1752/2412 5971/1753/2413 5972/1754/2414
f 5971/1753/2413 5973/1755/2415 5972/1754/2414
f 5972/1754/2414 5973/1755/2415 5974/1756/2416
f 5973/1755/2415 5975/1757/2417 5974/1756/2416
f 5974/1756/2416 5975/1757/2417 5976/1758/2418
f 5975/1757/2417 5977/1759/2418 5976/1758/2418
f 5976/1758/2418 5977/1759/2418 5978/1760/1743
f 5977/1759/2418 5979/1761/1743 5978/1760/1743
f 5980/1762/1743 5981/1764/1743 5982/1763/2419
f 5981/1764/1743 5983/1765/2419 5982/1763/2419
f 5982/1763/2419 5983/1765/2419 5984/1766/2420
f 5983/1765/2419 5985/1767/2413 5984/1766/2420
f 5984/1766/2420 5985/1767/2413 5986/1768/2415
f 5985/1767/2413 5987/1769/2414 5986/1768/2415
f 5986/1768/2415 5987/1769/2414 5988/1770/2416
f 5987/1769/2414 5989/1771/2416 5988/1770/2416
f 5988/1770/2416 5989/1771/2416 5990/1772/781
f 5989/1771/2416 5991/1773/2421 5990/1772/781
f 5990/1772/781 5991/1773/2421 5992/1774/1743
f 5991/1773/2421 5993/1775/1743 5992/1774/1743
f 5994/1764/208 5995/1777/208 5996/1765/208
f 5995/1777/208 5997/1778/208 5996/1765/208
f 5996/1765/208 5997/1778/208 5998/1779/208
f 5995/1777/208 5999/1776/208 5997/1778/208
f 6000/1783/208 6001/1781/203 6002/1751/203
f 6001/1781/203 6003/1782/203 6002/1751/203
f 6002/1751/203 6003/1782/203 6004/1753/203
f 6001/1781/203 6005/1780/203 6003/1782/203
f 6006/1787/200 6007/1785/200 6008/1752/200
f 6007/1785/200 6009/1786/200 6008/1752/200
f 6008/1752/200 6009/1786/200 6010/1749/200
f 6007/1785/200 6011/1784/200 6009/1786/200
f 6012/1791/200 6013/1789/200 6014/1763/200
f 6013/1789/200 6015/1790/200 6014/1763/200
f 6014/1763/200 6015/1790/200 6016/1762/200
f 6013/1789/200 6017/1788/200 6015/1790/200
f 6018/1795/1358 6019/1793/1358 6020/1794/2422
f 6019/1793/1358 6021/1792/1359 6020/1794/2422
f 6022/1793/1356 6023/1797/1356 6024/1792/1356
f 6023/1797/1356 6025/1796/1356 6024/1792/1356
f 6026/1797/1355 6027/1799/1355 6028/1796/1354
f 6027/1799/1355 6029/1798/1354 6028/1796/1354
f 6030/1799/1352 6031/1801/1352 6032/1798/1352
f 6031/1801/1352 6033/1800/1352 6032/1798/1352
f 6034/1801/1351 6035/1803/1351 6036/1800/1351
f 6035/1803/1351 6037/1802/1351 6036/1800/1351
f 6038/1803/1349 6039/1795/2423 6040/1802/1349
f 6039/1795/2423 6041/1794/2424 6040/1802/1349
f 6042/1799/1360 6043/1797/1361 6044/1801/1360
f 6043/1797/1361 6045/1795/1360 6044/1801/1360
f 6044/1801/1360 6045/1795/1360 6046/1803/1360
f 6043/1797/1361 6047/1793/1361 6045/1795/1360
f 6048/1807/1352 6049/1805/1352 6050/1806/1352
f 6049/1805/1352 6051/1804/1353 6050/1806/1352
f 6052/1805/1351 6053/1809/1351 6054/1804/1351
f 6053/1809/1351 6055/1808/1351 6054/1804/1351
f 6056/1809/1349 6057/1811/1349 6058/1808/1349
f 6057/1811/1349 6059/1810/1349 6058/1808/1349
f 6060/1823/2425 6061/1820/2426 6062/1822/1385
f 6062/1822/1385 6061/1820/2426 6063/1821/2426
f 6063/1821/2426 6061/1820/2426 6064/1818/1383
f 6061/1820/2426 6065/1819/1383 6064/1818/1383
f 6065/1819/1383 6066/1816/1380 6064/1818/1383
f 6064/1818/1383 6066/1816/1380 6067/1817/1380
f 6067/1817/1380 6066/1816/1380 6068/1814/1378
f 6066/1816/1380 6069/1815/1378 6068/1814/1378
f 6069/1815/1378 6070/1813/1377 6068/1814/1378
f 6068/1814/1378 6070/1813/1377 6071/1812/2427
f 6072/1824/2428 6074/1825/2428 6073/1812/2428
f 6073/1812/2428 6074/1825/2428 6075/1814/2428
f 6075/1814/2428 6074/1825/2428 6076/1817/2428
f 6074/1825/2428 6077/1826/2428 6076/1817/2428
f 6076/1817/2428 6077/1826/2428 6078/1818/2428
f 6077/1826/2428 6079/1827/2428 6078/1818/2428
f 6078/1818/2428 6079/1827/2428 6080/1821/2428
f 6079/1827/2428 6081/1828/2428 6080/1821/2428
f 6080/1821/2428 6081/1828/2428 6082/1822/2428
f 6081/1828/2428 6083/1829/2428 6082/1822/2428
f 6084/1830/2429 6085/1831/2429 6086/1823/2429
f 6086/1823/2429 6085/1831/2429 6087/1820/2429
f 6087/1820/2429 6085/1831/2429 6088/1819/2429
f 6085/1831/2429 6089/1832/2429 6088/1819/2429
f 6088/1819/2429 6089/1832/2429 6090/1816/2429
f 6089/1832/2429 6091/1833/2429 6090/1816/2429
f 6090/1816/2429 6091/1833/2429 6092/1815/2429
f 6091/1833/2429 6093/1834/2429 6092/1815/2429
f 6092/1815/2429 6093/1834/2429 6094/1813/2429
f 6093/1834/2429 6095/1835/2429 6094/1813/2429
f 6096/1824/2430 6097/1841/1373 6098/1825/1372
f 6097/1841/1373 6099/1840/2431 6098/1825/1372
f 6098/1825/1372 6099/1840/2431 6100/1826/1370
f 6099/1840/2431 6101/1839/2432 6100/1826/1370
f 6100/1826/1370 6101/1839/2432 6102/1827/2433
f 6101/1839/2432 6103/1838/2434 6102/1827/2433
f 6102/1827/2433 6103/1838/2434 6104/1828/1367
f 6103/1838/2434 6105/1837/1367 6104/1828/1367
f 6105/1837/1367 6106/1836/1366 6104/1828/1367
f 6104/1828/1367 6106/1836/1366 6107/1829/2435
f 6108/1845/2436 6110/1843/2437 6109/1844/2437
f 6109/1844/2437 6110/1843/2437 6111/1842/2436
f 6112/1843/2438 6114/1845/2438 6113/1847/2438
f 6113/1847/2438 6114/1845/2438 6115/1846/2438
f 6116/1851/2439 6118/1849/2440 6117/1850/2441
f 6117/1850/2441 6118/1849/2440 6119/1848/2409
f 6120/1847/2442 6122/1846/2443 6121/1848/2444
f 6121/1848/2444 6122/1846/2443 6123/1850/2445
s 0
f 6124/1855/190 6126/1853/190 6125/1854/190
f 6125/1854/190 6126/1853/190 6127/1852/190
s 1
f 6128/1853/2446 6130/1857/2446 6129/1858/2446
f 6129/1858/2446 6130/1857/2446 6131/1856/2447
s 0
f 6132/1857/195 6134/1860/195 6133/1861/195
f 6133/1861/195 6134/1860/195 6135/1859/195
s 1
f 6136/1860/2448 6139/1855/2448 6137/1863/2448
f 6138/1863/2448 6140/1855/2448 6141/1862/2448
f 6142/1857/2449 6144/1853/2450 6143/1860/2449
f 6143/1860/2449 6144/1853/2450 6145/1855/2449
s 0
f 6146/1867/190 6148/1865/190 6147/1866/190
f 6147/1866/190 6148/1865/190 6149/1864/190
s 1
f 6150/1865/2446 6152/1869/2451 6151/1870/2446
f 6151/1870/2446 6152/1869/2451 6153/1868/2446
s 0
f 6154/1869/195 6156/1872/195 6155/1873/195
f 6155/1873/195 6156/1872/195 6157/1871/195
s 1
f 6158/1872/2448 6162/1867/2448 6160/1875/2448
s 0
f 6159/1875/2452 6161/1867/2452 6163/1874/2452
s 1
f 6164/1869/2449 6166/1865/2449 6165/1872/2449
f 6165/1872/2449 6166/1865/2449 6167/1867/2449
f 6168/1892/2453 6170/1895/2454 6169/1891/2455
f 6169/1891/2455 6170/1895/2454 6171/1896/2456
f 6169/1891/2455 6172/1893/2457 6168/1892/2453
f 6168/1892/2453 6172/1893/2457 6173/1894/2458
f 6172/1893/2457 6174/1904/2459 6173/1894/2458
f 6173/1894/2458 6174/1904/2459 6175/1905/1440
f 6174/1904/2459 6176/1906/1439 6175/1905/1440
f 6175/1905/1440 6176/1906/1439 6177/1907/1442
f 6176/1906/1439 6178/1908/1441 6177/1907/1442
f 6177/1907/1442 6178/1908/1441 6179/1909/2460
f 6178/1908/1441 6180/1910/1443 6179/1909/2460
f 6179/1909/2460 6180/1910/1443 6181/1911/2461
f 6180/1910/1443 6182/1912/1445 6181/1911/2461
f 6181/1911/2461 6182/1912/1445 6183/1913/1448
f 6182/1912/1445 6184/1914/2462 6183/1913/1448
f 6183/1913/1448 6184/1914/2462 6185/1915/1450
f 6184/1914/2462 6186/1916/1449 6185/1915/1450
f 6185/1915/1450 6186/1916/1449 6187/1917/2463
f 6186/1916/1449 6188/1918/2464 6187/1917/2463
f 6187/1917/2463 6188/1918/2464 6189/1919/1454
f 6188/1918/2464 6190/1920/2465 6189/1919/1454
f 6189/1919/1454 6190/1920/2465 6191/1921/2466
f 6190/1920/2465 6192/1922/2467 6191/1921/2466
f 6191/1921/2466 6192/1922/2467 6193/1923/2468
f 6192/1922/2467 6194/1924/2469 6193/1923/2468
f 6193/1923/2468 6194/1924/2469 6195/1925/2470
f 6194/1924/2469 6196/1926/2471 6195/1925/2470
f 6195/1925/2470 6196/1926/2471 6197/1927/2472
f 6196/1926/2471 6198/1928/2473 6197/1927/2472
f 6199/1903/2472 6200/1902/2473 6201/1901/2474
f 6200/1902/2473 6202/1900/2475 6201/1901/2474
f 6201/1901/2474 6202/1900/2475 6203/1899/2476
f 6202/1900/2475 6204/1898/2477 6203/1899/2476
f 6203/1899/2476 6204/1898/2477 6205/1897/2478
f 6204/1898/2477 6171/1896/2456 6205/1897/2478
f 6205/1897/2478 6171/1896/2456 6170/1895/2454
f 6206/1961/190 6208/1960/2479 6207/1962/2480
f 6207/1962/2480 6208/1960/2479 6209/1970/2481
f 6208/1960/2479 6210/1971/2482 6209/1970/2481
f 6210/1971/2482 6211/1969/2483 6209/1970/2481
f 6209/1970/2481 6211/1969/2483 6207/1962/2480
f 6206/1961/190 6212/1959/190 6208/1960/2479
f 6208/1960/2479 6212/1959/190 6213/1958/2484
f 6212/1959/190 6214/1957/190 6213/1958/2484
f 6213/1958/2484 6214/1957/190 6215/1956/2485
f 6214/1957/190 6216/1955/190 6215/1956/2485
f 6215/1956/2485 6216/1955/190 6217/1954/2486
f 6216/1955/190 6218/1953/190 6217/1954/2486
f 6217/1954/2486 6218/1953/190 6219/1952/2487
f 6218/1953/190 6220/1951/190 6219/1952/2487
f 6208/1960/2479 6213/1958/2484 6210/1971/2482
f 6213/1958/2484 6221/1972/2488 6210/1971/2482
f 6210/1971/2482 6221/1972/2488 6222/1973/2489
f 6221/1972/2488 6215/1956/2485 6222/1973/2489
f 6215/1956/2485 6217/1954/2486 6222/1973/2489
f 6222/1973/2489 6217/1954/2486 6223/1974/2490
f 6217/1954/2486 6219/1952/2487 6223/1974/2490
f 6223/1974/2490 6219/1952/2487 6224/1975/2491
f 6224/1975/2491 6219/1952/2487 6225/1950/2492
f 6219/1952/2487 6220/1951/190 6225/1950/2492
f 6220/1951/190 6226/1949/190 6225/1950/2492
f 6225/1950/2492 6226/1949/190 6227/1948/2493
f 6226/1949/190 6228/1947/190 6227/1948/2493
f 6221/1972/2488 6213/1958/2484 6215/1956/2485
f 6223/1974/2490 6224/1975/2491 6222/1973/2489
f 6222/1973/2489 6224/1975/2491 6210/1971/2482
f 6227/1948/2493 6229/1976/2494 6225/1950/2492
f 6225/1950/2492 6229/1976/2494 6224/1975/2491
f 6224/1975/2491 6229/1976/2494 6230/1977/2495
f 6229/1976/2494 6227/1948/2493 6230/1977/2495
f 6230/1977/2495 6227/1948/2493 6231/1946/2496
f 6227/1948/2493 6228/1947/190 6231/1946/2496
f 6228/1947/190 6232/1945/190 6231/1946/2496
f 6231/1946/2496 6232/1945/190 6233/1944/2497
f 6232/1945/190 6234/1943/190 6233/1944/2497
f 6233/1944/2497 6235/1978/2498 6231/1946/2496
f 6231/1946/2496 6235/1978/2498 6230/1977/2495
f 6235/1978/2498 6236/1979/2499 6230/1977/2495
f 6230/1977/2495 6236/1979/2499 6224/1975/2491
f 6236/1979/2499 6210/1971/2482 6224/1975/2491
f 6235/1978/2498 6233/1944/2497 6236/1979/2499
f 6233/1944/2497 6237/1942/2500 6236/1979/2499
f 6236/1979/2499 6237/1942/2500 6238/1981/2501
f 6237/1942/2500 6239/1940/2502 6238/1981/2501
f 6238/1981/2501 6239/1940/2502 6240/1980/2503
f 6240/1980/2503 6239/1940/2502 6241/1938/2504
f 6239/1940/2502 6242/1939/190 6241/1938/2504
f 6242/1939/190 6243/1937/190 6241/1938/2504
f 6241/1938/2504 6243/1937/190 6244/1936/2505
f 6243/1937/190 6245/1935/190 6244/1936/2505
f 6233/1944/2497 6234/1943/190 6237/1942/2500
f 6234/1943/190 6246/1941/190 6237/1942/2500
f 6237/1942/2500 6246/1941/190 6239/1940/2502
f 6246/1941/190 6242/1939/190 6239/1940/2502
f 6238/1981/2501 6240/1980/2503 6236/1979/2499
f 6240/1980/2503 6247/1933/2506 6236/1979/2499
f 6236/1979/2499 6247/1933/2506 6210/1971/2482
f 6210/1971/2482 6247/1933/2506 6211/1969/2483
f 6211/1969/2483 6247/1933/2506 6248/1934/2507
f 6248/1934/2507 6247/1933/2506 6249/1932/2508
f 6249/1932/2508 6247/1933/2506 6250/1930/2509
f 6247/1933/2506 6244/1936/2505 6250/1930/2509
f 6244/1936/2505 6245/1935/190 6250/1930/2509
f 6245/1935/190 6251/1929/190 6250/1930/2509
f 6251/1929/190 6252/1931/2510 6250/1930/2509
f 6250/1930/2509 6252/1931/2510 6249/1932/2508
f 6249/1932/2508 6252/1931/2510 6248/1934/2507
f 6248/1934/2507 6252/1931/2510 6253/1966/2511
f 6252/1931/2510 6254/1967/190 6253/1966/2511
f 6254/1967/190 6255/1965/190 6253/1966/2511
f 6253/1966/2511 6255/1965/190 6256/1964/2512
f 6255/1965/190 6257/1963/190 6256/1964/2512
f 6256/1964/2512 6257/1963/190 6207/1962/2480
f 6257/1963/190 6206/1961/190 6207/1962/2480
f 6252/1931/2510 6251/1929/190 6254/1967/190
f 6207/1962/2480 6211/1969/2483 6256/1964/2512
f 6256/1964/2512 6211/1969/2483 6258/1968/2513
f 6211/1969/2483 6248/1934/2507 6258/1968/2513
f 6248/1934/2507 6253/1966/2511 6258/1968/2513
f 6258/1968/2513 6253/1966/2511 6256/1964/2512
f 6244/1936/2505 6259/1982/2514 6241/1938/2504
f 6241/1938/2504 6259/1982/2514 6240/1980/2503
f 6240/1980/2503 6259/1982/2514 6247/1933/2506
f 6259/1982/2514 6244/1936/2505 6247/1933/2506
f 6260/1984/2515 6261/2018/2516 6262/1983/190
f 6261/2018/2516 6263/2017/190 6262/1983/190
f 6262/1983/190 6264/1985/190 6260/1984/2515
f 6260/1984/2515 6264/1985/190 6265/1986/1666
f 6264/1985/190 6266/1987/190 6265/1986/1666
f 6265/1986/1666 6266/1987/190 6267/1988/2517
f 6266/1987/190 6268/1989/190 6267/1988/2517
f 6267/1988/2517 6268/1989/190 6269/1990/2518
f 6268/1989/190 6270/1991/190 6269/1990/2518
f 6269/1990/2518 6270/1991/190 6271/1992/1583
f 6270/1991/190 6272/1993/190 6271/1992/1583
f 6271/1992/1583 6272/1993/190 6273/1994/2519
f 6272/1993/190 6274/1995/190 6273/1994/2519
f 6273/1994/2519 6274/1995/190 6275/1996/2520
f 6274/1995/190 6276/1997/190 6275/1996/2520
f 6275/1996/2520 6276/1997/190 6277/1998/2521
f 6276/1997/190 6278/1999/190 6277/1998/2521
f 6277/1998/2521 6278/1999/190 6279/2000/2522
f 6278/1999/190 6280/2001/190 6279/2000/2522
f 6279/2000/2522 6280/2001/190 6281/2002/2523
f 6280/2001/190 6282/2003/190 6281/2002/2523
f 6281/2002/2523 6282/2003/190 6283/2004/1559
f 6282/2003/190 6284/2005/190 6283/2004/1559
f 6283/2004/1559 6284/2005/190 6285/2006/2524
f 6284/2005/190 6286/2007/190 6285/2006/2524
f 6285/2006/2524 6286/2007/190 6287/2008/2525
f 6286/2007/190 6288/2009/190 6287/2008/2525
f 6287/2008/2525 6288/2009/190 6289/2010/2526
f 6288/2009/190 6290/2011/190 6289/2010/2526
f 6289/2010/2526 6290/2011/190 6291/2012/2527
f 6290/2011/190 6292/2013/190 6291/2012/2527
f 6291/2012/2527 6292/2013/190 6293/2014/2528
f 6292/2013/190 6294/2015/190 6293/2014/2528
f 6293/2014/2528 6294/2015/190 6295/2016/1571
f 6294/2015/190 6263/2017/190 6295/2016/1571
f 6263/2017/190 6261/2018/2516 6295/2016/1571
f 6261/2018/2516 6296/2021/2529 6295/2016/1571
f 6296/2021/2529 6297/2022/2530 6295/2016/1571
f 6295/2016/1571 6297/2022/2530 6293/2014/2528
f 6297/2022/2530 6298/2023/2531 6293/2014/2528
f 6293/2014/2528 6298/2023/2531 6291/2012/2527
f 6298/2023/2531 6299/2024/2473 6291/2012/2527
f 6291/2012/2527 6299/2024/2473 6289/2010/2526
f 6299/2024/2473 6300/2025/2532 6289/2010/2526
f 6289/2010/2526 6300/2025/2532 6287/2008/2525
f 6300/2025/2532 6301/2026/2533 6287/2008/2525
f 6287/2008/2525 6301/2026/2533 6285/2006/2524
f 6301/2026/2533 6302/2027/1455 6285/2006/2524
f 6285/2006/2524 6302/2027/1455 6283/2004/1559
f 6302/2027/1455 6303/2028/1453 6283/2004/1559
f 6283/2004/1559 6303/2028/1453 6281/2002/2523
f 6303/2028/1453 6304/2029/1451 6281/2002/2523
f 6281/2002/2523 6304/2029/1451 6279/2000/2522
f 6304/2029/1451 6305/2030/1674 6279/2000/2522
f 6279/2000/2522 6305/2030/1674 6277/1998/2521
f 6305/2030/1674 6306/2031/1672 6277/1998/2521
f 6277/1998/2521 6306/2031/1672 6275/1996/2520
f 6306/2031/1672 6307/2032/1671 6275/1996/2520
f 6275/1996/2520 6307/2032/1671 6273/1994/2519
f 6307/2032/1671 6308/2033/1670 6273/1994/2519
f 6273/1994/2519 6308/2033/1670 6271/1992/1583
f 6308/2033/1670 6309/2034/1668 6271/1992/1583
f 6271/1992/1583 6309/2034/1668 6269/1990/2518
f 6309/2034/1668 6310/2035/1667 6269/1990/2518
f 6269/1990/2518 6310/2035/1667 6267/1988/2517
f 6310/2035/1667 6311/2036/2534 6267/1988/2517
f 6267/1988/2517 6311/2036/2534 6265/1986/1666
f 6311/2036/2534 6312/2020/2535 6265/1986/1666
f 6265/1986/1666 6312/2020/2535 6260/1984/2515
f 6312/2020/2535 6313/2019/2221 6260/1984/2515
f 6260/1984/2515 6313/2019/2221 6261/2018/2516
f 6313/2019/2221 6296/2021/2529 6261/2018/2516
f 6314/1935/2536 6315/1983/2537 6316/1929/2538
f 6315/1983/2537 6317/2017/2539 6316/1929/2538
f 6315/1983/2537 6314/1935/2536 6318/1985/2536
f 6314/1935/2536 6319/1937/2540 6318/1985/2536
f 6318/1985/2536 6319/1937/2540 6320/1987/2540
f 6319/1937/2540 6321/1939/2541 6320/1987/2540
f 6320/1987/2540 6321/1939/2541 6322/1989/2541
f 6321/1939/2541 6323/1941/2542 6322/1989/2541
f 6322/1989/2541 6323/1941/2542 6324/1991/2542
f 6323/1941/2542 6325/1943/2543 6324/1991/2542
f 6324/1991/2542 6325/1943/2543 6326/1993/2544
f 6325/1943/2543 6327/1945/2545 6326/1993/2544
f 6326/1993/2544 6327/1945/2545 6328/1995/2546
f 6327/1945/2545 6329/1947/2547 6328/1995/2546
f 6328/1995/2546 6329/1947/2547 6330/1997/2548
f 6329/1947/2547 6331/1949/2549 6330/1997/2548
f 6330/1997/2548 6331/1949/2549 6332/1999/2549
f 6331/1949/2549 6333/1951/2550 6332/1999/2549
f 6332/1999/2549 6333/1951/2550 6334/2001/2551
f 6333/1951/2550 6335/1953/2552 6334/2001/2551
f 6334/2001/2551 6335/1953/2552 6336/2003/2552
f 6335/1953/2552 6337/1955/2553 6336/2003/2552
f 6336/2003/2552 6337/1955/2553 6338/2005/2553
f 6337/1955/2553 6339/1957/2554 6338/2005/2553
f 6338/2005/2553 6339/1957/2554 6340/2007/2554
f 6339/1957/2554 6341/1959/2555 6340/2007/2554
f 6340/2007/2554 6341/1959/2555 6342/2009/2555
f 6341/1959/2555 6343/1961/2556 6342/2009/2555
f 6342/2009/2555 6343/1961/2556 6344/2011/2557
f 6343/1961/2556 6345/1963/2558 6344/2011/2557
f 6344/2011/2557 6345/1963/2558 6346/2013/2559
f 6345/1963/2558 6347/1965/2560 6346/2013/2559
f 6346/2013/2559 6347/1965/2560 6348/2015/2561
f 6347/1965/2560 6349/1967/2539 6348/2015/2561
f 6348/2015/2561 6349/1967/2539 6317/2017/2539
f 6349/1967/2539 6316/1929/2538 6317/2017/2539
s 0
f 6350/2042/195 6353/2041/195 6355/2040/195
f 6353/2041/195 6357/2038/195 6355/2040/195
f 6355/2040/195 6357/2038/195 6359/2039/195
f 6356/2038/195 6360/2037/195 6358/2039/195
f 6361/2043/195 6355/2040/195 6359/2039/195
f 6362/2044/195 6357/2038/195 6364/2045/195
f 6364/2045/195 6357/2038/195 6369/2046/195
f 6357/2038/195 6353/2041/195 6369/2046/195
f 6368/2046/195 6352/2041/195 6371/2047/195
f 6351/2041/195 6374/2048/195 6370/2047/195
f 6372/2047/195 6375/2048/195 6377/2049/195
f 6366/2046/195 6378/2050/195 6363/2045/195
f 6354/2041/195 6379/2054/195 6376/2048/195
f 6380/2053/195 6382/2052/195 6373/2047/195
f 6373/2047/195 6382/2052/195 6367/2046/195
f 6381/2052/195 6383/2051/195 6365/2046/195
s 1
f 6384/2059/2562 6385/2055/2563 6386/2056/1504
f 6385/2055/2563 6387/2057/2564 6386/2056/1504
f 6386/2056/1504 6387/2057/2564 6388/2058/2565
f 6387/2057/2564 6389/2090/2566 6388/2058/2565
f 6388/2058/2565 6389/2090/2566 6390/2089/2567
f 6389/2090/2566 6391/2088/2568 6390/2089/2567
f 6390/2089/2567 6391/2088/2568 6392/2087/1501
f 6391/2088/2568 6393/2086/2569 6392/2087/1501
f 6392/2087/1501 6393/2086/2569 6394/2085/2570
f 6393/2086/2569 6395/2084/2571 6394/2085/2570
f 6394/2085/2570 6395/2084/2571 6396/2083/2572
f 6395/2084/2571 6397/2082/2573 6396/2083/2572
f 6396/2083/2572 6397/2082/2573 6398/2081/2574
f 6397/2082/2573 6399/2080/2575 6398/2081/2574
f 6398/2081/2574 6399/2080/2575 6400/2079/1497
f 6399/2080/2575 6401/2078/2576 6400/2079/1497
f 6400/2079/1497 6401/2078/2576 6402/2077/1514
f 6401/2078/2576 6403/2076/2577 6402/2077/1514
f 6402/2077/1514 6403/2076/2577 6404/2075/2578
f 6403/2076/2577 6405/2074/2579 6404/2075/2578
f 6404/2075/2578 6405/2074/2579 6406/2073/2580
f 6405/2074/2579 6407/2072/2581 6406/2073/2580
f 6406/2073/2580 6407/2072/2581 6408/2071/2582
f 6407/2072/2581 6409/2070/2583 6408/2071/2582
f 6408/2071/2582 6409/2070/2583 6410/2069/2584
f 6409/2070/2583 6411/2068/2585 6410/2069/2584
f 6410/2069/2584 6411/2068/2585 6412/2067/2586
f 6411/2068/2585 6413/2066/2587 6412/2067/2586
f 6412/2067/2586 6413/2066/2587 6414/2065/2588
f 6413/2066/2587 6415/2064/2589 6414/2065/2588
f 6414/2065/2588 6415/2064/2589 6416/2063/2590
f 6415/2064/2589 6417/2062/2591 6416/2063/2590
f 6416/2063/2590 6417/2062/2591 6418/2061/2592
f 6417/2062/2591 6419/2060/2593 6418/2061/2592
f 6418/2061/2592 6419/2060/2593 6384/2059/2562
f 6384/2059/2562 6419/2060/2593 6385/2055/2563
f 6419/2060/2593 6420/2107/2594 6385/2055/2563
f 6385/2055/2563 6420/2107/2594 6421/2108/2595
f 6420/2107/2594 6419/2060/2593 6422/2106/2596
f 6419/2060/2593 6417/2062/2591 6422/2106/2596
f 6422/2106/2596 6417/2062/2591 6423/2105/2597
f 6417/2062/2591 6415/2064/2589 6423/2105/2597
f 6423/2105/2597 6415/2064/2589 6424/2104/2598
f 6415/2064/2589 6413/2066/2587 6424/2104/2598
f 6424/2104/2598 6413/2066/2587 6425/2103/2599
f 6413/2066/2587 6411/2068/2585 6425/2103/2599
f 6425/2103/2599 6411/2068/2585 6426/2102/2600
f 6411/2068/2585 6409/2070/2583 6426/2102/2600
f 6426/2102/2600 6409/2070/2583 6427/2101/2601
f 6409/2070/2583 6407/2072/2581 6427/2101/2601
f 6427/2101/2601 6407/2072/2581 6428/2100/2602
f 6407/2072/2581 6405/2074/2579 6428/2100/2602
f 6428/2100/2602 6405/2074/2579 6429/2099/2603
f 6405/2074/2579 6403/2076/2577 6429/2099/2603
f 6429/2099/2603 6403/2076/2577 6430/2098/2604
f 6403/2076/2577 6401/2078/2576 6430/2098/2604
f 6430/2098/2604 6401/2078/2576 6431/2097/2605
f 6401/2078/2576 6399/2080/2575 6431/2097/2605
f 6431/2097/2605 6399/2080/2575 6432/2096/2606
f 6399/2080/2575 6397/2082/2573 6432/2096/2606
f 6432/2096/2606 6397/2082/2573 6433/2095/2607
f 6397/2082/2573 6395/2084/2571 6433/2095/2607
f 6433/2095/2607 6395/2084/2571 6434/2094/2608
f 6395/2084/2571 6393/2086/2569 6434/2094/2608
f 6434/2094/2608 6393/2086/2569 6435/2093/2609
f 6393/2086/2569 6391/2088/2568 6435/2093/2609
f 6435/2093/2609 6391/2088/2568 6436/2092/2610
f 6391/2088/2568 6389/2090/2566 6436/2092/2610
f 6436/2092/2610 6389/2090/2566 6437/2091/2611
f 6389/2090/2566 6387/2057/2564 6437/2091/2611
f 6437/2091/2611 6387/2057/2564 6421/2108/2595
f 6387/2057/2564 6385/2055/2563 6421/2108/2595
f 6438/2109/2612 6439/2107/2613 6440/2111/2614
f 6439/2107/2613 6441/2106/2615 6440/2111/2614
f 6439/2107/2613 6438/2109/2612 6442/2108/2616
f 6438/2109/2612 6443/2110/2617 6442/2108/2616
f 6442/2108/2616 6443/2110/2617 6444/2091/2618
f 6443/2110/2617 6445/2126/2619 6444/2091/2618
f 6444/2091/2618 6445/2126/2619 6446/2092/2620
f 6445/2126/2619 6447/2125/2621 6446/2092/2620
f 6446/2092/2620 6447/2125/2621 6448/2093/2622
f 6447/2125/2621 6449/2124/2623 6448/2093/2622
f 6448/2093/2622 6449/2124/2623 6450/2094/2624
f 6449/2124/2623 6451/2123/2625 6450/2094/2624
f 6450/2094/2624 6451/2123/2625 6452/2095/2626
f 6451/2123/2625 6453/2122/2627 6452/2095/2626
f 6452/2095/2626 6453/2122/2627 6454/2096/2627
f 6453/2122/2627 6455/2121/2628 6454/2096/2627
f 6454/2096/2627 6455/2121/2628 6456/2097/2629
f 6455/2121/2628 6457/2120/2630 6456/2097/2629
f 6456/2097/2629 6457/2120/2630 6458/2098/2630
f 6457/2120/2630 6459/2119/2631 6458/2098/2630
f 6458/2098/2630 6459/2119/2631 6460/2099/2632
f 6459/2119/2631 6461/2118/2633 6460/2099/2632
f 6460/2099/2632 6461/2118/2633 6462/2100/2633
f 6461/2118/2633 6463/2117/2634 6462/2100/2633
f 6462/2100/2633 6463/2117/2634 6464/2101/2634
f 6463/2117/2634 6465/2116/2635 6464/2101/2634
f 6464/2101/2634 6465/2116/2635 6466/2102/2635
f 6465/2116/2635 6467/2115/2636 6466/2102/2635
f 6466/2102/2635 6467/2115/2636 6468/2103/2637
f 6467/2115/2636 6469/2114/2638 6468/2103/2637
f 6468/2103/2637 6469/2114/2638 6470/2104/2639
f 6469/2114/2638 6471/2113/2640 6470/2104/2639
f 6470/2104/2639 6471/2113/2640 6472/2105/2641
f 6471/2113/2640 6473/2112/2642 6472/2105/2641
f 6472/2105/2641 6473/2112/2642 6441/2106/2615
f 6473/2112/2642 6440/2111/2614 6441/2106/2615
f 6474/2037/2643 6475/2111/2644 6476/2039/2644
f 6475/2111/2644 6477/2112/2645 6476/2039/2644
f 6475/2111/2644 6474/2037/2643 6478/2109/2646
f 6474/2037/2643 6479/2038/2647 6478/2109/2646
f 6478/2109/2646 6479/2038/2647 6480/2110/2648
f 6479/2038/2647 6481/2044/2649 6480/2110/2648
f 6480/2110/2648 6481/2044/2649 6482/2126/2649
f 6481/2044/2649 6483/2045/2650 6482/2126/2649
f 6482/2126/2649 6483/2045/2650 6484/2125/2651
f 6483/2045/2650 6485/2050/2652 6484/2125/2651
f 6484/2125/2651 6485/2050/2652 6486/2124/2653
f 6485/2050/2652 6487/2046/2654 6486/2124/2653
f 6486/2124/2653 6487/2046/2654 6488/2123/2655
f 6487/2046/2654 6489/2051/2656 6488/2123/2655
f 6488/2123/2655 6489/2051/2656 6490/2122/2656
f 6489/2051/2656 6491/2052/2657 6490/2122/2656
f 6490/2122/2656 6491/2052/2657 6492/2121/2658
f 6491/2052/2657 6493/2053/2659 6492/2121/2658
f 6492/2121/2658 6493/2053/2659 6494/2120/2660
f 6493/2053/2659 6495/2047/2661 6494/2120/2660
f 6494/2120/2660 6495/2047/2661 6496/2119/2661
f 6495/2047/2661 6497/2049/2662 6496/2119/2661
f 6496/2119/2661 6497/2049/2662 6498/2118/2663
f 6497/2049/2662 6499/2048/2664 6498/2118/2663
f 6498/2118/2663 6499/2048/2664 6500/2117/2664
f 6499/2048/2664 6501/2054/2665 6500/2117/2664
f 6500/2117/2664 6501/2054/2665 6502/2116/2666
f 6501/2054/2665 6503/2041/2667 6502/2116/2666
f 6502/2116/2666 6503/2041/2667 6504/2115/2667
f 6503/2041/2667 6505/2042/2668 6504/2115/2667
f 6504/2115/2667 6505/2042/2668 6506/2114/2669
f 6505/2042/2668 6507/2040/2670 6506/2114/2669
f 6506/2114/2669 6507/2040/2670 6508/2113/2671
f 6507/2040/2670 6509/2043/2672 6508/2113/2671
f 6508/2113/2671 6509/2043/2672 6477/2112/2645
f 6509/2043/2672 6476/2039/2644 6477/2112/2645
f 6510/2077/2673 6511/2127/2674 6512/2079/1497
f 6511/2127/2674 6513/2129/2458 6512/2079/1497
f 6511/2127/2674 6510/2077/2673 6514/2128/2675
f 6510/2077/2673 6515/2075/2578 6514/2128/2675
f 6514/2128/2675 6515/2075/2578 6516/2144/2676
f 6515/2075/2578 6517/2073/1512 6516/2144/2676
f 6516/2144/2676 6517/2073/1512 6518/2143/2476
f 6517/2073/1512 6519/2071/2677 6518/2143/2476
f 6518/2143/2476 6519/2071/2677 6520/2142/2474
f 6519/2071/2677 6521/2069/2678 6520/2142/2474
f 6520/2142/2474 6521/2069/2678 6522/2141/2472
f 6521/2069/2678 6523/2067/2679 6522/2141/2472
f 6522/2141/2472 6523/2067/2679 6524/2140/2680
f 6523/2067/2679 6525/2065/2681 6524/2140/2680
f 6524/2140/2680 6525/2065/2681 6526/2139/2682
f 6525/2065/2681 6527/2063/2683 6526/2139/2682
f 6526/2139/2682 6527/2063/2683 6528/2138/1520
f 6527/2063/2683 6529/2061/2592 6528/2138/1520
f 6528/2138/1520 6529/2061/2592 6530/2137/1521
f 6529/2061/2592 6531/2059/2684 6530/2137/1521
f 6530/2137/1521 6531/2059/2684 6532/2136/1452
f 6531/2059/2684 6533/2056/2685 6532/2136/1452
f 6532/2136/1452 6533/2056/2685 6534/2135/2686
f 6533/2056/2685 6535/2058/2687 6534/2135/2686
f 6534/2135/2686 6535/2058/2687 6536/2134/2688
f 6535/2058/2687 6537/2089/2689 6536/2134/2688
f 6536/2134/2688 6537/2089/2689 6538/2133/1523
f 6537/2089/2689 6539/2087/2690 6538/2133/1523
f 6538/2133/1523 6539/2087/2690 6540/2132/2691
f 6539/2087/2690 6541/2085/2692 6540/2132/2691
f 6540/2132/2691 6541/2085/2692 6542/2131/2693
f 6541/2085/2692 6543/2083/2694 6542/2131/2693
f 6542/2131/2693 6543/2083/2694 6544/2130/1526
f 6543/2083/2694 6545/2081/2695 6544/2130/1526
f 6544/2130/1526 6545/2081/2695 6513/2129/2458
f 6545/2081/2695 6512/2079/1497 6513/2129/2458
f 6546/2148/2696 6547/2146/2696 6548/2147/2696
f 6547/2146/2696 6549/2145/2696 6548/2147/2696
f 6550/2159/2697 6551/2158/2697 6552/2157/2698
f 6551/2158/2697 6553/2156/2699 6552/2157/2698
f 6552/2157/2698 6553/2156/2699 6554/2155/2700
f 6553/2156/2699 6555/2153/2701 6554/2155/2700
f 6554/2155/2700 6555/2153/2701 6556/2154/2702
f 6555/2153/2701 6557/2152/2702 6556/2154/2702
s 0
f 6558/2160/195 6559/2162/195 6562/2161/195
f 6563/2161/195 6561/2162/195 6566/2163/195
f 6560/2162/195 6568/2164/195 6565/2163/195
s 1
f 6564/2163/195 6567/2164/195 6569/2165/1697
f 6569/2165/1697 6567/2164/195 6570/2166/1698
f 6567/2164/195 6571/2167/195 6570/2166/1698
f 6571/2167/195 6572/2168/195 6570/2166/1698
f 6570/2166/1698 6572/2168/195 6573/2169/1697
f 6574/2168/1696 6576/2171/1696 6575/2169/1695
f 6575/2169/1695 6576/2171/1696 6577/2170/1695
f 6578/2170/1693 6580/2171/190 6579/2172/1694
f 6580/2171/190 6581/2173/190 6579/2172/1694
f 6581/2173/190 6582/2174/190 6579/2172/1694
f 6579/2172/1694 6582/2174/190 6584/2175/1693
f 6584/2175/1693 6582/2174/190 6585/2176/190
s 0
f 6583/2174/190 6587/2177/190 6586/2176/190
f 6586/2176/190 6587/2177/190 6588/2178/190
f 6587/2177/190 6589/2179/190 6588/2178/190
s 1
f 6590/2179/1699 6591/2160/1699 6592/2178/1699
f 6591/2160/1699 6593/2161/1699 6592/2178/1699
f 6594/2171/205 6595/2168/205 6596/2173/212
f 6595/2168/205 6597/2167/2255 6596/2173/212
f 6596/2173/212 6597/2167/2255 6598/2174/2703
f 6597/2167/2255 6599/2164/2703 6598/2174/2703
f 6600/2164/1704 6601/2162/2704 6602/2174/2705
f 6602/2174/2705 6601/2162/2704 6603/2177/2704
f 6603/2177/2704 6601/2162/2704 6604/2179/2706
f 6601/2162/2704 6605/2160/2707 6604/2179/2706
f 6606/2180/1710 6607/2182/1711 6608/2181/1712
f 6608/2181/1712 6607/2182/1711 6609/2183/1712
f 6609/2183/1712 6607/2182/1711 6610/2184/1712
f 6607/2182/1711 6611/2185/1710 6610/2184/1712
f 6612/2186/1706 6613/2188/1707 6614/2187/1708
f 6613/2188/1707 6615/2189/1709 6614/2187/1708
f 6615/2189/1709 6616/2190/1709 6614/2187/1708
f 6614/2187/1708 6616/2190/1709 6617/2191/1706
f 6618/2190/2708 6620/2184/1713 6619/2191/1695
f 6619/2191/1695 6620/2184/1713 6621/2185/1695
f 6622/2192/2709 6624/2193/2710 6623/2194/2711
f 6623/2194/2711 6624/2193/2710 6625/2195/2712
f 6624/2193/2710 6626/2196/271 6625/2195/2712
f 6626/2196/271 6627/2197/2713 6625/2195/2712
f 6627/2197/2713 6628/2198/2714 6625/2195/2712
f 6625/2195/2712 6628/2198/2714 6629/2199/2715
f 6628/2198/2714 6630/2200/2716 6629/2199/2715
f 6629/2199/2715 6630/2200/2716 6631/2201/2717
f 6630/2200/2716 6632/2202/2718 6631/2201/2717
f 6631/2201/2717 6632/2202/2718 6633/2203/2719
f 6625/2195/2712 6629/2199/2715 6623/2194/2711
f 6623/2194/2711 6629/2199/2715 6634/2204/2720
f 6629/2199/2715 6631/2201/2717 6634/2204/2720
f 6628/2198/2714 6635/2205/2721 6630/2200/2716
f 6635/2205/2721 6636/2206/1724 6630/2200/2716
f 6630/2200/2716 6636/2206/1724 6632/2202/2718
f 6637/2207/247 6639/2208/2722 6638/2209/2723
f 6638/2209/2723 6639/2208/2722 6640/2210/244
f 6639/2208/2722 6641/2211/2724 6640/2210/244
f 6641/2211/2724 6642/2212/2725 6640/2210/244
f 6640/2210/244 6642/2212/2725 6643/2213/243
f 6642/2212/2725 6644/2214/2726 6643/2213/243
f 6643/2213/243 6644/2214/2726 6645/2215/2727
f 6644/2214/2726 6646/2216/2728 6645/2215/2727
f 6645/2215/2727 6646/2216/2728 6647/2217/268
f 6647/2217/268 6646/2216/2728 6648/2218/2729
f 6646/2216/2728 6649/2219/2730 6648/2218/2729
f 6648/2218/2729 6649/2219/2730 6650/2220/500
f 6649/2219/2730 6651/2221/2731 6650/2220/500
f 6651/2221/2731 6652/2222/2732 6650/2220/500
f 6650/2220/500 6652/2222/2732 6653/2223/1419
f 6653/2223/1419 6652/2222/2732 6654/2224/1832
f 6652/2222/2732 6655/2225/2733 6654/2224/1832
f 6655/2225/2733 6656/2226/2734 6654/2224/1832
f 6654/2224/1832 6656/2226/2734 6657/2227/1739
f 6656/2226/2734 6658/2228/2735 6657/2227/1739
f 6657/2227/1739 6658/2228/2735 6659/2229/2736
f 6659/2229/2736 6658/2228/2735 6660/2230/257
f 6658/2228/2735 6661/2231/2737 6660/2230/257
f 6660/2230/257 6661/2231/2737 6662/2232/255
f 6661/2231/2737 6663/2233/2738 6662/2232/255
f 6662/2232/255 6663/2233/2738 6664/2234/253
f 6646/2216/2728 6665/2235/2739 6649/2219/2730
f 6649/2219/2730 6665/2235/2739 6651/2221/2731
f 6663/2233/2738 6661/2231/2737 6666/2236/2740
f 6661/2231/2737 6658/2228/2735 6666/2236/2740
f 6666/2236/2740 6658/2228/2735 6667/2237/2741
f 6658/2228/2735 6656/2226/2734 6667/2237/2741
f 6656/2226/2734 6655/2225/2733 6667/2237/2741
f 6667/2237/2741 6655/2225/2733 6668/2238/2742
f 6668/2238/2742 6655/2225/2733 6669/2239/2743
f 6655/2225/2733 6652/2222/2732 6669/2239/2743
f 6652/2222/2732 6651/2221/2731 6669/2239/2743
f 6669/2239/2743 6651/2221/2731 6670/2240/2744
f 6651/2221/2731 6665/2235/2739 6670/2240/2744
f 6670/2240/2744 6665/2235/2739 6671/2241/2745
f 6665/2235/2739 6646/2216/2728 6671/2241/2745
f 6646/2216/2728 6644/2214/2726 6671/2241/2745
f 6644/2214/2726 6642/2212/2725 6671/2241/2745
f 6671/2241/2745 6642/2212/2725 6672/2242/2746
f 6672/2242/2746 6642/2212/2725 6673/2243/2747
f 6642/2212/2725 6641/2211/2724 6673/2243/2747
f 6673/2243/2747 6641/2211/2724 6674/2244/2748
f 6641/2211/2724 6639/2208/2722 6674/2244/2748
f 6674/2244/2748 6639/2208/2722 6675/2245/2749
f 6639/2208/2722 6637/2207/247 6675/2245/2749
f 6675/2245/2749 6637/2207/247 6676/2246/2750
f 6637/2207/247 6677/2247/2751 6676/2246/2750
f 6677/2247/2751 6664/2234/253 6676/2246/2750
f 6676/2246/2750 6664/2234/253 6678/2248/2752
f 6664/2234/253 6663/2233/2738 6678/2248/2752
f 6678/2248/2752 6663/2233/2738 6679/2249/2753
f 6679/2249/2753 6663/2233/2738 6680/2250/2754
f 6663/2233/2738 6666/2236/2740 6680/2250/2754
f 6680/2250/2754 6666/2236/2740 6681/2251/2755
f 6666/2236/2740 6668/2238/2742 6681/2251/2755
f 6681/2251/2755 6668/2238/2742 6682/2252/2756
f 6668/2238/2742 6669/2239/2743 6682/2252/2756
f 6669/2239/2743 6670/2240/2744 6682/2252/2756
f 6682/2252/2756 6670/2240/2744 6683/2253/2757
f 6670/2240/2744 6671/2241/2745 6683/2253/2757
f 6671/2241/2745 6672/2242/2746 6683/2253/2757
f 6683/2253/2757 6672/2242/2746 6684/2254/2758
f 6672/2242/2746 6673/2243/2747 6684/2254/2758
f 6673/2243/2747 6674/2244/2748 6684/2254/2758
f 6684/2254/2758 6674/2244/2748 6685/2255/2759
f 6674/2244/2748 6675/2245/2749 6685/2255/2759
f 6685/2255/2759 6675/2245/2749 6686/2256/2760
f 6675/2245/2749 6676/2246/2750 6686/2256/2760
f 6676/2246/2750 6678/2248/2752 6686/2256/2760
f 6678/2248/2752 6679/2249/2753 6686/2256/2760
f 6686/2256/2760 6679/2249/2753 6687/2257/2761
f 6679/2249/2753 6680/2250/2754 6687/2257/2761
f 6680/2250/2754 6681/2251/2755 6687/2257/2761
f 6687/2257/2761 6681/2251/2755 6688/2258/2762
f 6681/2251/2755 6682/2252/2756 6688/2258/2762
f 6682/2252/2756 6683/2253/2757 6688/2258/2762
f 6683/2253/2757 6684/2254/2758 6688/2258/2762
f 6684/2254/2758 6685/2255/2759 6688/2258/2762
f 6688/2258/2762 6685/2255/2759 6687/2257/2761
f 6685/2255/2759 6686/2256/2760 6687/2257/2761
f 6666/2236/2740 6667/2237/2741 6668/2238/2742
f 6689/2259/2763 6691/2260/2764 6690/2261/2765
f 6690/2261/2765 6691/2260/2764 6692/2262/2766
f 6691/2260/2764 6693/2263/2767 6692/2262/2766
f 6693/2263/2767 6694/2264/2768 6692/2262/2766
f 6694/2264/2768 6695/2265/2769 6692/2262/2766
f 6695/2265/2769 6696/2266/2770 6692/2262/2766
f 6692/2262/2766 6696/2266/2770 6690/2261/2765
f 6696/2266/2770 6697/2267/2771 6690/2261/2765
f 6690/2261/2765 6697/2267/2771 6689/2259/2763
f 6689/2259/2763 6697/2267/2771 6698/2268/2772
f 6698/2268/2772 6697/2267/2771 6699/2269/2773
f 6699/2269/2773 6697/2267/2771 6700/2270/2774
f 6697/2267/2771 6701/2271/2775 6700/2270/2774
f 6700/2270/2774 6701/2271/2775 6702/2272/2776
f 6701/2271/2775 6703/2273/2777 6702/2272/2776
f 6703/2273/2777 6704/2274/2778 6702/2272/2776
f 6704/2274/2778 6705/2275/2779 6702/2272/2776
f 6705/2275/2779 6706/2276/2780 6702/2272/2776
f 6702/2272/2776 6706/2276/2780 6700/2270/2774
f 6697/2267/2771 6696/2266/2770 6701/2271/2775
f 6701/2271/2775 6696/2266/2770 6703/2273/2777
f 6696/2266/2770 6695/2265/2769 6703/2273/2777
f 6703/2273/2777 6695/2265/2769 6707/2277/2781
f 6695/2265/2769 6708/2278/2782 6707/2277/2781
f 6708/2278/2782 6709/2279/2783 6707/2277/2781
f 6709/2279/2783 6710/2280/2784 6707/2277/2781
f 6707/2277/2781 6710/2280/2784 6704/2274/2778
f 6704/2274/2778 6710/2280/2784 6705/2275/2779
f 6705/2275/2779 6710/2280/2784 6711/2281/2785
f 6711/2281/2785 6710/2280/2784 6712/2282/2786
f 6712/2282/2786 6710/2280/2784 6713/2283/2787
f 6710/2280/2784 6709/2279/2783 6713/2283/2787
f 6713/2283/2787 6709/2279/2783 6714/2284/2788
f 6709/2279/2783 6708/2278/2782 6714/2284/2788
f 6714/2284/2788 6708/2278/2782 6715/2285/2789
f 6708/2278/2782 6694/2264/2768 6715/2285/2789
f 6715/2285/2789 6694/2264/2768 6716/2286/1077
f 6694/2264/2768 6693/2263/2767 6716/2286/1077
f 6703/2273/2777 6707/2277/2781 6704/2274/2778
f 6708/2278/2782 6695/2265/2769 6694/2264/2768
f 6713/2283/2787 6714/2284/2788 6717/2287/2790
f 6714/2284/2788 6718/2288/2791 6717/2287/2790
f 6717/2287/2790 6718/2288/2791 6719/2289/2792
f 6718/2288/2791 6720/2290/2793 6719/2289/2792
f 6719/2289/2792 6720/2290/2793 6721/2291/2794
f 6714/2284/2788 6715/2285/2789 6718/2288/2791
f 6718/2288/2791 6715/2285/2789 6722/2292/2795
f 6715/2285/2789 6716/2286/1077 6722/2292/2795
f 6722/2292/2795 6720/2290/2793 6718/2288/2791
f 6716/2286/1077 6693/2263/2767 6723/2293/2796
f 6723/2293/2796 6693/2263/2767 6724/2294/2797
f 6693/2263/2767 6691/2260/2764 6724/2294/2797
f 6724/2294/2797 6691/2260/2764 6725/2295/2798
f 6691/2260/2764 6689/2259/2763 6725/2295/2798
f 6723/2293/2796 6724/2294/2797 6726/2296/2799
f 6724/2294/2797 6727/2297/2800 6726/2296/2799
f 6726/2296/2799 6727/2297/2800 6728/2298/2801
f 6725/2295/2798 6727/2297/2800 6724/2294/2797
f 6729/2259/2802 6730/2268/2803 6731/2295/2804
f 6730/2268/2803 6732/2299/2804 6731/2295/2804
f 6731/2295/2804 6732/2299/2804 6733/2297/402
f 6732/2299/2804 6734/2300/402 6733/2297/402
f 6733/2297/402 6734/2300/402 6735/2298/402
f 6734/2300/402 6736/2301/2805 6735/2298/402
f 6737/2270/2806 6738/2302/2807 6739/2269/2808
f 6738/2302/2807 6740/2303/2809 6739/2269/2808
f 6739/2269/2808 6740/2303/2809 6741/2268/2810
f 6740/2303/2809 6742/2304/2811 6741/2268/2810
f 6741/2268/2810 6742/2304/2811 6743/2299/2812
f 6742/2304/2811 6744/2305/2813 6743/2299/2812
f 6743/2299/2812 6744/2305/2813 6745/2300/200
f 6737/2270/2806 6746/2276/2814 6738/2302/2807
f 6738/2302/2807 6746/2276/2814 6747/2306/2815
f 6747/2306/2815 6746/2276/2814 6748/2307/2816
f 6746/2276/2814 6749/2275/2817 6748/2307/2816
f 6749/2275/2817 6750/2281/2818 6748/2307/2816
f 6748/2307/2816 6750/2281/2818 6751/2308/2819
f 6750/2281/2818 6752/2282/2820 6751/2308/2819
f 6751/2308/2819 6752/2282/2820 6753/2309/2821
f 6752/2282/2820 6754/2310/2822 6753/2309/2821
f 6753/2309/2821 6754/2310/2822 6755/2311/2823
f 6754/2310/2822 6756/2312/201 6755/2311/2823
f 6755/2311/2823 6756/2312/201 6757/2313/201
f 6756/2312/201 6758/2314/201 6757/2313/201
f 6757/2313/201 6758/2314/201 6759/2315/201
f 6744/2305/2813 6760/2316/200 6745/2300/200
f 6745/2300/200 6760/2316/200 6761/2301/200
f 6760/2316/200 6762/2317/200 6761/2301/200
f 6763/2318/2824 6764/2319/2825 6765/2293/2825
f 6764/2319/2825 6766/2320/2826 6765/2293/2825
f 6765/2293/2825 6766/2320/2826 6767/2286/2826
f 6767/2286/2826 6766/2320/2826 6768/2292/2827
f 6766/2320/2826 6769/2321/2827 6768/2292/2827
f 6769/2321/2827 6770/2322/2828 6768/2292/2827
f 6768/2292/2827 6770/2322/2828 6771/2290/2829
f 6770/2322/2828 6772/2323/2830 6771/2290/2829
f 6771/2290/2829 6772/2323/2830 6773/2291/2830
f 6772/2323/2830 6774/2315/2831 6773/2291/2830
f 6773/2291/2830 6774/2315/2831 6775/2314/1817
f 6765/2293/2825 6776/2296/2832 6763/2318/2824
f 6763/2318/2824 6776/2296/2832 6777/2324/2833
f 6776/2296/2832 6778/2298/2834 6777/2324/2833
f 6777/2324/2833 6778/2298/2834 6779/2317/2835
f 6778/2298/2834 6780/2301/448 6779/2317/2835
f 6781/2196/271 6782/2325/501 6783/2197/2836
f 6782/2325/501 6784/2326/2837 6783/2197/2836
f 6784/2326/2837 6785/2327/583 6783/2197/2836
f 6783/2197/2836 6785/2327/583 6786/2198/1418
f 6787/2198/2838 6789/2328/1895 6788/2205/2839
f 6789/2328/1895 6790/2329/2840 6788/2205/2839
f 6790/2329/2840 6791/2330/1833 6788/2205/2839
f 6788/2205/2839 6791/2330/1833 6792/2206/1740
f 6793/2331/2841 6795/2332/2842 6794/2333/2843
f 6795/2332/2842 6796/2334/2844 6794/2333/2843
f 6794/2333/2843 6796/2334/2844 6797/2335/2845
f 6796/2334/2844 6798/2336/2846 6797/2335/2845
f 6798/2336/2846 6799/2337/2847 6797/2335/2845
f 6797/2335/2845 6799/2337/2847 6800/2338/2848
f 6801/2337/2849 6803/2336/2850 6802/2339/2851
f 6802/2339/2851 6803/2336/2850 6804/2340/2852
f 6803/2336/2850 6805/2341/2853 6804/2340/2852
f 6805/2341/2853 6806/2342/2854 6804/2340/2852
f 6804/2340/2852 6806/2342/2854 6807/2343/2855
f 6806/2342/2854 6808/2344/2856 6807/2343/2855
f 6802/2339/2851 6804/2340/2852 6809/2345/2857
f 6804/2340/2852 6807/2343/2855 6809/2345/2857
f 6809/2345/2857 6807/2343/2855 6810/2346/2858
f 6803/2336/2850 6811/2334/2859 6805/2341/2853
f 6805/2341/2853 6811/2334/2859 6812/2347/2860
f 6811/2334/2859 6813/2332/2861 6812/2347/2860
f 6812/2347/2860 6814/2348/2862 6805/2341/2853
f 6805/2341/2853 6814/2348/2862 6806/2342/2854
f 6814/2348/2862 6815/2349/2863 6806/2342/2854
f 6806/2342/2854 6815/2349/2863 6808/2344/2856
f 6815/2349/2863 6816/2350/2864 6808/2344/2856
f 6808/2344/2856 6816/2350/2864 6817/2351/2865
f 6816/2350/2864 6818/2352/2866 6817/2351/2865
f 6819/2353/2867 6820/2354/2868 6817/2351/2865
f 6817/2351/2865 6820/2354/2868 6808/2344/2856
f 6820/2354/2868 6821/2355/2869 6808/2344/2856
f 6821/2355/2869 6822/2356/2870 6808/2344/2856
f 6808/2344/2856 6822/2356/2870 6823/2357/2871
f 6822/2356/2870 6824/2358/2872 6823/2357/2871
f 6824/2358/2872 6825/2359/2873 6823/2357/2871
f 6823/2357/2871 6825/2359/2873 6826/2360/2874
f 6825/2359/2873 6827/2361/2869 6826/2360/2874
f 6827/2361/2869 6828/2362/2875 6826/2360/2874
f 6826/2360/2874 6828/2362/2875 6817/2351/2865
f 6828/2362/2875 6819/2353/2867 6817/2351/2865
f 6808/2344/2856 6823/2357/2871 6807/2343/2855
f 6807/2343/2855 6823/2357/2871 6810/2346/2858
f 6810/2346/2858 6823/2357/2871 6829/2363/2876
f 6823/2357/2871 6826/2360/2874 6829/2363/2876
f 6817/2351/2865 6830/2364/2877 6826/2360/2874
f 6826/2360/2874 6830/2364/2877 6831/2365/2878
f 6831/2365/2878 6830/2364/2877 6832/2366/2879
f 6832/2366/2879 6830/2364/2877 6833/2367/2880
f 6830/2364/2877 6818/2352/2866 6833/2367/2880
f 6818/2352/2866 6834/2368/2881 6833/2367/2880
f 6833/2367/2880 6834/2368/2881 6835/2369/2882
f 6834/2368/2881 6836/2370/2883 6835/2369/2882
f 6835/2369/2882 6836/2370/2883 6837/2371/2884
f 6836/2370/2883 6838/2372/2885 6837/2371/2884
f 6837/2371/2884 6838/2372/2885 6839/2373/2886
f 6838/2372/2885 6840/2374/2887 6839/2373/2886
f 6839/2373/2886 6840/2374/2887 6841/2375/2888
f 6840/2374/2887 6842/2376/2889 6841/2375/2888
f 6818/2352/2866 6830/2364/2877 6817/2351/2865
f 6841/2375/2888 6843/2377/2890 6839/2373/2886
f 6843/2377/2890 6844/2378/2891 6839/2373/2886
f 6839/2373/2886 6844/2378/2891 6837/2371/2884
f 6844/2378/2891 6845/2379/2892 6837/2371/2884
f 6837/2371/2884 6845/2379/2892 6835/2369/2882
f 6845/2379/2892 6846/2380/2893 6835/2369/2882
f 6846/2380/2893 6847/2381/2894 6835/2369/2882
f 6847/2381/2894 6848/2382/2895 6835/2369/2882
f 6848/2382/2895 6849/2383/2894 6835/2369/2882
f 6835/2369/2882 6849/2383/2894 6833/2367/2880
f 6849/2383/2894 6850/2384/2896 6833/2367/2880
f 6850/2384/2896 6851/2385/2897 6833/2367/2880
f 6833/2367/2880 6851/2385/2897 6832/2366/2879
f 6851/2385/2897 6852/2386/2897 6832/2366/2879
f 6852/2386/2897 6853/2387/2897 6832/2366/2879
f 6832/2366/2879 6853/2387/2897 6846/2380/2893
f 6853/2387/2897 6854/2388/2897 6846/2380/2893
f 6846/2380/2893 6854/2388/2897 6847/2381/2894
f 6826/2360/2874 6855/2365/2898 6829/2363/2876
f 6829/2363/2876 6855/2365/2898 6856/2389/2899
f 6856/2389/2899 6855/2365/2898 6857/2390/2900
f 6855/2365/2898 6832/2366/2879 6857/2390/2900
f 6832/2366/2879 6846/2380/2893 6857/2390/2900
f 6857/2390/2900 6846/2380/2893 6858/2391/2901
f 6846/2380/2893 6845/2379/2892 6858/2391/2901
f 6858/2391/2901 6845/2379/2892 6859/2392/2902
f 6845/2379/2892 6844/2378/2891 6859/2392/2902
f 6859/2392/2902 6844/2378/2891 6860/2393/2903
f 6844/2378/2891 6843/2377/2890 6860/2393/2903
f 6860/2393/2903 6843/2377/2890 6861/2394/2904
f 6862/2331/208 6864/2395/208 6863/2332/208
f 6863/2332/208 6864/2395/208 6865/2347/208
f 6865/2347/208 6864/2395/208 6866/2348/208
f 6864/2395/208 6867/2396/208 6866/2348/208
f 6866/2348/208 6867/2396/208 6868/2349/208
f 6867/2396/208 6869/2397/208 6868/2349/208
f 6868/2349/208 6869/2397/208 6870/2350/208
f 6869/2397/208 6871/2398/208 6870/2350/208
f 6870/2350/208 6871/2398/208 6872/2352/208
f 6871/2398/208 6873/2399/208 6872/2352/208
f 6873/2399/208 6874/2400/203 6872/2352/208
f 6872/2352/208 6874/2400/203 6875/2368/375
f 6874/2400/203 6876/2401/203 6875/2368/375
f 6875/2368/375 6876/2401/203 6877/2370/203
f 6876/2401/203 6878/2402/203 6877/2370/203
f 6877/2370/203 6878/2402/203 6879/2372/203
f 6878/2402/203 6880/2403/203 6879/2372/203
f 6879/2372/203 6880/2403/203 6881/2374/211
f 6881/2374/211 6880/2403/203 6882/2376/203
f 6880/2403/203 6883/2404/203 6882/2376/203
f 6869/2397/208 6884/2405/208 6871/2398/208
f 6874/2400/203 6885/2406/208 6876/2401/203
f 6886/2407/201 6887/2408/200 6888/2389/201
f 6888/2389/201 6887/2408/200 6889/2363/200
f 6887/2408/200 6890/2409/200 6889/2363/200
f 6889/2363/200 6890/2409/200 6891/2346/200
f 6890/2409/200 6892/2410/200 6891/2346/200
f 6886/2407/201 6888/2389/201 6893/2411/201
f 6888/2389/201 6894/2390/201 6893/2411/201
f 6893/2411/201 6894/2390/201 6895/2412/201
f 6894/2390/201 6896/2391/201 6895/2412/201
f 6895/2412/201 6896/2391/201 6897/2413/201
f 6896/2391/201 6898/2392/201 6897/2413/201
f 6897/2413/201 6898/2392/201 6899/2414/201
f 6898/2392/201 6900/2393/201 6899/2414/201
f 6900/2393/201 6901/2394/201 6899/2414/201
f 6899/2414/201 6901/2394/201 6902/2415/201
f 6891/2346/200 6892/2410/200 6903/2345/200
f 6892/2410/200 6904/2416/200 6903/2345/200
f 6903/2345/200 6904/2416/200 6905/2339/200
f 6905/2339/200 6904/2416/200 6906/2337/200
f 6904/2416/200 6907/2338/200 6906/2337/200
f 6908/2417/2905 6910/2353/2906 6912/2418/2906
s 0
f 6909/2353/2907 6913/2362/2907 6911/2418/2907
s 1
f 6914/2353/2908 6915/2417/2909 6916/2354/2910
f 6915/2417/2909 6917/2419/2911 6916/2354/2910
f 6916/2354/2910 6917/2419/2911 6918/2355/2912
f 6917/2419/2911 6919/2420/2912 6918/2355/2912
f 6920/2355/2913 6921/2420/2914 6922/2356/2915
f 6921/2420/2914 6923/2421/2916 6922/2356/2915
f 6922/2356/2915 6923/2421/2916 6924/2358/2917
f 6923/2421/2916 6925/2422/2918 6924/2358/2917
f 6924/2358/2917 6925/2422/2918 6926/2359/2919
f 6925/2422/2918 6927/2423/2920 6926/2359/2919
f 6928/2424/2921 6929/2361/2921 6930/2423/2921
f 6929/2361/2921 6931/2359/2921 6930/2423/2921
f 6932/2418/2922 6933/2362/2923 6934/2424/2923
f 6933/2362/2923 6935/2361/2923 6934/2424/2923
f 6936/2425/2924 6937/2331/749 6938/2333/749
f 6939/2426/2925 6941/2427/2926 6940/2428/2927
f 6941/2427/2926 6942/2429/2928 6940/2428/2927
f 6940/2428/2927 6942/2429/2928 6943/2430/2929
f 6943/2430/2929 6942/2429/2928 6944/2431/2930
f 6942/2429/2928 6945/2432/2931 6944/2431/2930
f 6945/2432/2931 6939/2426/2925 6944/2431/2930
f 6944/2431/2930 6939/2426/2925 6946/2433/2932
f 6939/2426/2925 6940/2428/2927 6946/2433/2932
f 6946/2433/2932 6940/2428/2927 6947/2434/234
f 6940/2428/2927 6948/2435/234 6947/2434/234
f 6949/2436/2933 6950/2437/2934 6951/2438/2935
f 6951/2438/2935 6950/2437/2934 6952/2439/2936
f 6952/2439/2936 6950/2437/2934 6953/2440/2937
f 6950/2437/2934 6954/2441/2938 6953/2440/2937
f 6955/2442/2939 6956/2443/2940 6957/2444/2941
f 6956/2443/2940 6958/2445/2941 6957/2444/2941
f 6958/2445/2941 6959/2446/2942 6957/2444/2941
f 6957/2444/2941 6959/2446/2942 6960/2447/2943
f 6961/2443/2944 6963/2448/2945 6962/2438/2946
f 6962/2438/2946 6963/2448/2945 6964/2449/2947
f 6965/2443/2948 6967/2438/2949 6966/2445/2950
f 6967/2438/2949 6968/2439/2951 6966/2445/2950
f 6968/2439/2951 6969/2440/2952 6966/2445/2950
f 6966/2445/2950 6969/2440/2952 6970/2446/2953
f 6971/2220/500 6974/2223/2954 6972/2450/502
f 6972/2450/502 6974/2223/2954 6975/2451/2955
f 6976/2224/1832 6977/2452/1831 6973/2223/1419
f 6973/2223/1419 6977/2452/1831 6978/2453/1420
f 6979/2283/2956 6981/2287/2957 6980/2282/2958
f 6980/2282/2958 6981/2287/2957 6982/2310/2959
f 6981/2287/2957 6983/2289/1774 6982/2310/2959
f 6982/2310/2959 6983/2289/1774 6984/2312/2960
f 6983/2289/1774 6985/2291/1774 6984/2312/2960
f 6984/2312/2960 6985/2291/1774 6986/2314/2961
f 6987/2415/2962 6989/2394/2963 6988/2454/2964
f 6989/2394/2963 6990/2377/2965 6988/2454/2964
f 6990/2377/2965 6991/2375/2966 6988/2454/2964
f 6988/2454/2964 6991/2375/2966 6992/2455/2967
f 6991/2375/2966 6993/2376/2968 6992/2455/2967
f 6992/2455/2967 6993/2376/2968 6994/2404/2969
s 0
f 6995/2385/2970 6999/2384/2970 6997/2456/2970
s 1
f 6996/2456/2971 6998/2384/2971 7000/2457/2972
f 7001/2384/2973 7003/2383/2974 7002/2457/2975
f 7002/2457/2975 7003/2383/2974 7004/2458/2976
f 7003/2383/2974 7005/2382/2977 7004/2458/2976
f 7004/2458/2976 7005/2382/2977 7006/2459/2977
f 7007/2382/2978 7009/2381/2979 7008/2459/2980
f 7008/2459/2980 7009/2381/2979 7010/2460/2981
f 7009/2381/2979 7011/2388/2982 7010/2460/2981
f 7010/2460/2981 7011/2388/2982 7012/2461/2983
f 7011/2388/2982 7013/2387/2984 7012/2461/2983
f 7012/2461/2983 7013/2387/2984 7014/2462/2985
f 7015/2387/2986 7017/2386/2986 7016/2462/2986
f 7016/2462/2986 7017/2386/2986 7018/2463/2987
f 7019/2386/2988 7021/2385/2989 7020/2463/2989
f 7020/2463/2989 7021/2385/2989 7022/2456/2990
f 7023/2464/2991 7025/2455/786 7024/2404/786
f 7026/2465/260 7027/2466/2992 7028/2467/260
f 7028/2467/260 7027/2466/2992 7029/2468/2993
f 7027/2466/2992 7030/2469/2994 7029/2468/2993
f 7029/2468/2993 7030/2469/2994 7031/2470/2995
f 7030/2469/2994 7032/2471/2996 7031/2470/2995
f 7032/2471/2996 7033/2472/2997 7031/2470/2995
f 7031/2470/2995 7033/2472/2997 7034/2473/2998
f 7034/2473/2998 7033/2472/2997 7027/2466/2992
f 7033/2472/2997 7035/2474/2999 7027/2466/2992
f 7027/2466/2992 7035/2474/2999 7030/2469/2994
f 7036/2475/3000 7038/2476/3001 7037/2440/3002
f 7037/2440/3002 7038/2476/3001 7039/2446/3003
f 7040/2477/3004 7042/2478/3005 7041/2479/3006
f 7042/2478/3005 7043/2480/3007 7041/2479/3006
f 7041/2479/3006 7043/2480/3007 7044/2481/3008
f 7043/2480/3007 7045/2482/3009 7044/2481/3008
f 7044/2481/3008 7045/2482/3009 7046/2483/3010
f 7045/2482/3009 7047/2484/3011 7046/2483/3010
f 7046/2483/3010 7047/2484/3011 7048/2485/3012
f 7047/2484/3011 7049/2486/3013 7048/2485/3012
f 7048/2485/3012 7049/2486/3013 7050/2487/3014
f 7049/2486/3013 7051/2488/3015 7050/2487/3014
f 7050/2487/3014 7051/2488/3015 7052/2489/3004
f 7051/2488/3015 7053/2490/3005 7052/2489/3004
f 7054/2491/3016 7055/2492/3017 7056/2493/3018
f 7056/2493/3018 7055/2492/3017 7057/2494/3019
f 7057/2494/3019 7055/2492/3017 7058/2495/3020
f 7055/2492/3017 7059/2496/3021 7058/2495/3020
f 7059/2496/3021 7060/2497/3022 7058/2495/3020
f 7060/2497/3022 7061/2498/3023 7058/2495/3020
f 7058/2495/3020 7061/2498/3023 7062/2499/3023
f 7055/2492/3017 7063/2500/3021 7059/2496/3021
f 7063/2500/3021 7064/2501/3024 7059/2496/3021
f 7059/2496/3021 7064/2501/3024 7065/2502/3024
f 7066/2503/3025 7068/2504/3026 7067/2505/3027
f 7067/2505/3027 7068/2504/3026 7069/2506/3028
f 7069/2506/3028 7068/2504/3026 7070/2507/3029
f 7068/2504/3026 7071/2508/3030 7070/2507/3029
f 7071/2508/3030 7072/2509/3031 7070/2507/3029
f 7070/2507/3029 7072/2509/3031 7073/2510/3031
f 7074/2511/3032 7076/2512/3033 7075/2513/3034
f 7075/2513/3034 7076/2512/3033 7077/2514/3035
f 7077/2514/3035 7076/2512/3033 7078/2515/3036
f 7076/2512/3033 7079/2516/3037 7078/2515/3036
f 7079/2516/3037 7080/2517/3038 7078/2515/3036
f 7078/2515/3036 7080/2517/3038 7081/2518/3039
f 7082/2519/3040 7084/2520/3041 7083/2521/3042
f 7083/2521/3042 7084/2520/3041 7085/2522/3043
f 7085/2522/3043 7084/2520/3041 7086/2523/3044
f 7084/2520/3041 7087/2524/3045 7086/2523/3044
f 7087/2524/3045 7088/2525/3046 7086/2523/3044
f 7086/2523/3044 7088/2525/3046 7089/2526/3047
f 7090/2509/3048 7092/2508/3049 7091/2519/3050
f 7091/2519/3050 7092/2508/3049 7093/2520/3051
f 7092/2508/3049 7094/2504/3052 7093/2520/3051
f 7093/2520/3051 7094/2504/3052 7095/2512/3053
f 7095/2512/3053 7094/2504/3052 7096/2516/3054
f 7094/2504/3052 7097/2503/3055 7096/2516/3054
f 7096/2516/3054 7097/2503/3055 7098/2517/3056
f 7093/2520/3051 7095/2512/3053 7099/2524/3057
f 7095/2512/3053 7100/2511/3058 7099/2524/3057
f 7099/2524/3057 7100/2511/3058 7101/2525/3058
f 7102/2527/3059 7104/2528/3060 7103/2529/3061
f 7103/2529/3061 7104/2528/3060 7105/2530/3062
f 7104/2528/3060 7106/2531/3063 7105/2530/3062
f 7105/2530/3062 7106/2531/3063 7107/2532/3064
f 7106/2531/3063 7108/2533/3065 7107/2532/3064
f 7103/2529/3061 7105/2530/3062 7109/2534/3066
f 7105/2530/3062 7110/2535/3067 7109/2534/3066
f 7109/2534/3066 7110/2535/3067 7111/2536/3059
f 7111/2536/3059 7110/2535/3067 7112/2537/3068
f 7110/2535/3067 7113/2538/3069 7112/2537/3068
f 7112/2537/3068 7113/2538/3069 7114/2539/3070
f 7113/2538/3069 7115/2540/3071 7114/2539/3070
f 7114/2539/3070 7115/2540/3071 7116/2541/3065
f 7105/2530/3062 7107/2532/3064 7110/2535/3067
f 7110/2535/3067 7107/2532/3064 7113/2538/3069
f 7107/2532/3064 7117/2542/3072 7113/2538/3069
f 7113/2538/3069 7117/2542/3072 7115/2540/3071
f 7117/2542/3072 7118/2543/3073 7115/2540/3071
f 7118/2543/3073 7119/2544/3074 7115/2540/3071
f 7115/2540/3071 7119/2544/3074 7116/2541/3065
f 7116/2541/3065 7119/2544/3074 7120/2545/3075
f 7119/2544/3074 7121/2546/3076 7120/2545/3075
f 7120/2545/3075 7121/2546/3076 7122/2547/3077
f 7107/2532/3064 7108/2533/3065 7117/2542/3072
f 7108/2533/3065 7123/2548/3078 7117/2542/3072
f 7117/2542/3072 7123/2548/3078 7118/2543/3073
f 7123/2548/3078 7124/2549/3079 7118/2543/3073
f 7118/2543/3073 7124/2549/3079 7125/2550/3080
f 7124/2549/3079 7126/2551/3081 7125/2550/3080
f 7125/2550/3080 7126/2551/3081 7127/2552/3082
f 7126/2551/3081 7128/2553/3083 7127/2552/3082
f 7118/2543/3073 7125/2550/3080 7119/2544/3074
f 7119/2544/3074 7125/2550/3080 7121/2546/3076
f 7125/2550/3080 7127/2552/3082 7121/2546/3076
f 7121/2546/3076 7127/2552/3082 7129/2554/3084
f 7127/2552/3082 7130/2555/3085 7129/2554/3084
f 7130/2555/3085 7131/2556/3086 7129/2554/3084
f 7129/2554/3084 7131/2556/3086 7132/2557/3087
f 7131/2556/3086 7133/2558/3088 7132/2557/3087
f 7121/2546/3076 7129/2554/3084 7122/2547/3077
f 7129/2554/3084 7132/2557/3087 7122/2547/3077
f 7127/2552/3082 7128/2553/3083 7130/2555/3085
f 7128/2553/3083 7134/2559/3089 7130/2555/3085
f 7130/2555/3085 7134/2559/3089 7135/2560/3090
f 7134/2559/3089 7136/2561/3091 7135/2560/3090
f 7130/2555/3085 7135/2560/3090 7131/2556/3086
f 7135/2560/3090 7137/2562/3092 7131/2556/3086
f 7131/2556/3086 7137/2562/3092 7133/2558/3088
f 7133/2558/3088 7137/2562/3092 7138/2563/3089
f 7137/2562/3092 7139/2564/3093 7138/2563/3089
f 7138/2563/3089 7139/2564/3093 7140/2565/3091
f 7139/2564/3093 7137/2562/3092 7141/2566/3094
f 7137/2562/3092 7135/2560/3090 7141/2566/3094
f 7135/2560/3090 7136/2561/3091 7141/2566/3094
f 7136/2561/3091 7142/2567/3095 7141/2566/3094
f 7141/2566/3094 7142/2567/3095 7143/2568/3096
f 7142/2567/3095 7144/2569/3097 7143/2568/3096
f 7141/2566/3094 7143/2568/3096 7139/2564/3093
f 7143/2568/3096 7145/2570/3098 7139/2564/3093
f 7139/2564/3093 7145/2570/3098 7140/2565/3091
f 7140/2565/3091 7145/2570/3098 7146/2571/3095
f 7145/2570/3098 7147/2572/3099 7146/2571/3095
f 7146/2571/3095 7147/2572/3099 7148/2573/3100
f 7147/2572/3099 7145/2570/3098 7149/2574/3101
f 7145/2570/3098 7143/2568/3096 7149/2574/3101
f 7143/2568/3096 7144/2569/3097 7149/2574/3101
f 7144/2569/3097 7150/2575/3102 7149/2574/3101
f 7149/2574/3101 7150/2575/3102 7151/2576/3103
f 7150/2575/3102 7152/2577/3104 7151/2576/3103
f 7149/2574/3101 7151/2576/3103 7147/2572/3099
f 7151/2576/3103 7153/2578/3105 7147/2572/3099
f 7147/2572/3099 7153/2578/3105 7148/2573/3100
f 7148/2573/3100 7153/2578/3105 7154/2579/3102
f 7153/2578/3105 7155/2580/3106 7154/2579/3102
f 7154/2579/3102 7155/2580/3106 7156/2581/3104
f 7155/2580/3106 7157/2582/3107 7156/2581/3104
f 7156/2581/3104 7157/2582/3107 7158/2583/3108
f 7157/2582/3107 7155/2580/3106 7159/2584/3109
f 7159/2584/3109 7155/2580/3106 7160/2585/3110
f 7155/2580/3106 7153/2578/3105 7160/2585/3110
f 7153/2578/3105 7151/2576/3103 7160/2585/3110
f 7151/2576/3103 7152/2577/3104 7160/2585/3110
f 7152/2577/3104 7161/2586/3059 7160/2585/3110
f 7160/2585/3110 7161/2586/3059 7159/2584/3109
f 7162/1891/2464 7164/1892/3111 7163/1893/1449
f 7163/1893/1449 7164/1892/3111 7165/1894/3112
f 7164/1892/3111 7162/1891/2464 7166/1895/2207
f 7162/1891/2464 7167/1896/1453 7166/1895/2207
f 7166/1895/2207 7167/1896/1453 7168/1897/3113
f 7167/1896/1453 7169/1898/3114 7168/1897/3113
f 7168/1897/3113 7169/1898/3114 7170/1899/3115
f 7169/1898/3114 7171/1900/1457 7170/1899/3115
f 7170/1899/3115 7171/1900/1457 7172/1901/3116
f 7171/1900/1457 7173/1902/1681 7172/1901/3116
f 7172/1901/3116 7173/1902/1681 7174/1903/1518
f 7163/1893/1449 7165/1894/3112 7175/1904/1447
f 7165/1894/3112 7176/1905/3117 7175/1904/1447
f 7175/1904/1447 7176/1905/3117 7177/1906/1671
f 7176/1905/3117 7178/1907/1444 7177/1906/1671
f 7177/1906/1671 7178/1907/1444 7179/1908/1670
f 7178/1907/1444 7180/1909/1442 7179/1908/1670
f 7179/1908/1670 7180/1909/1442 7181/1910/1441
f 7180/1909/1442 7182/1911/1440 7181/1910/1441
f 7181/1910/1441 7182/1911/1440 7183/1912/1439
f 7182/1911/1440 7184/1913/3118 7183/1912/1439
f 7183/1912/1439 7184/1913/3118 7185/1914/2459
f 7184/1913/3118 7186/1915/1427 7185/1914/2459
f 7185/1914/2459 7186/1915/1427 7187/1916/2457
f 7186/1915/1427 7188/1917/1515 7187/1916/2457
f 7187/1916/2457 7188/1917/1515 7189/1918/2455
f 7188/1917/1515 7190/1919/1430 7189/1918/2455
f 7189/1918/2455 7190/1919/1430 7191/1920/3119
f 7190/1919/1430 7192/1921/1516 7191/1920/3119
f 7191/1920/3119 7192/1921/1516 7193/1922/2477
f 7192/1921/1516 7194/1923/1434 7193/1922/2477
f 7193/1922/2477 7194/1923/1434 7195/1924/1435
f 7194/1923/1434 7196/1925/3120 7195/1924/1435
f 7195/1924/1435 7196/1925/3120 7197/1926/3121
f 7196/1925/3120 7198/1927/1518 7197/1926/3121
f 7197/1926/3121 7198/1927/1518 7199/1928/1681
f 7200/2019/1451 7202/1984/3122 7201/2018/3123
f 7201/2018/3123 7202/1984/3122 7203/2587/190
f 7202/1984/3122 7204/1986/3124 7203/2587/190
f 7203/2587/190 7204/1986/3124 7205/1988/3125
f 7204/1986/3124 7206/2036/1672 7205/1988/3125
f 7206/2036/1672 7207/2035/3126 7205/1988/3125
f 7205/1988/3125 7207/2035/3126 7208/1990/3127
f 7207/2035/3126 7209/2034/1670 7208/1990/3127
f 7208/1990/3127 7209/2034/1670 7210/1992/3128
f 7209/2034/1670 7211/2033/1668 7210/1992/3128
f 7210/1992/3128 7211/2033/1668 7212/1994/3129
f 7211/2033/1668 7213/2032/1667 7212/1994/3129
f 7213/2032/1667 7214/1996/3130 7212/1994/3129
f 7214/1996/3130 7203/2587/190 7212/1994/3129
f 7212/1994/3129 7203/2587/190 7210/1992/3128
f 7210/1992/3128 7203/2587/190 7208/1990/3127
f 7203/2587/190 7205/1988/3125 7208/1990/3127
f 7206/2036/1672 7204/1986/3124 7215/2020/3131
f 7204/1986/3124 7202/1984/3122 7215/2020/3131
f 7215/2020/3131 7202/1984/3122 7200/2019/1451
f 7213/2032/1667 7216/2031/2534 7214/1996/3130
f 7214/1996/3130 7216/2031/2534 7217/1998/3132
f 7216/2031/2534 7218/2030/2457 7217/1998/3132
f 7217/1998/3132 7218/2030/2457 7219/2000/3133
f 7218/2030/2457 7220/2029/2221 7219/2000/3133
f 7219/2000/3133 7220/2029/2221 7221/2002/3134
f 7220/2029/2221 7222/2028/3135 7221/2002/3134
f 7221/2002/3134 7222/2028/3135 7223/2004/3136
f 7222/2028/3135 7224/2027/2530 7223/2004/3136
f 7223/2004/3136 7224/2027/2530 7225/2006/3137
f 7224/2027/2530 7226/2026/1684 7225/2006/3137
f 7225/2006/3137 7226/2026/1684 7227/2008/3138
f 7226/2026/1684 7228/2025/1437 7227/2008/3138
f 7228/2025/1437 7229/2010/3139 7227/2008/3138
f 7229/2010/3139 7203/2587/190 7227/2008/3138
f 7227/2008/3138 7203/2587/190 7225/2006/3137
f 7225/2006/3137 7203/2587/190 7223/2004/3136
f 7223/2004/3136 7203/2587/190 7221/2002/3134
f 7221/2002/3134 7203/2587/190 7219/2000/3133
f 7219/2000/3133 7203/2587/190 7217/1998/3132
f 7203/2587/190 7214/1996/3130 7217/1998/3132
f 7228/2025/1437 7230/2024/3140 7229/2010/3139
f 7230/2024/3140 7231/2012/3141 7229/2010/3139
f 7229/2010/3139 7231/2012/3141 7203/2587/190
f 7231/2012/3141 7232/2014/3142 7203/2587/190
f 7203/2587/190 7232/2014/3142 7233/2016/3143
f 7232/2014/3142 7234/2022/3144 7233/2016/3143
f 7234/2022/3144 7235/2021/1453 7233/2016/3143
f 7233/2016/3143 7235/2021/1453 7201/2018/3123
f 7235/2021/1453 7200/2019/1451 7201/2018/3123
f 7230/2024/3140 7236/2023/1679 7231/2012/3141
f 7231/2012/3141 7236/2023/1679 7232/2014/3142
f 7236/2023/1679 7234/2022/3144 7232/2014/3142
f 7233/2016/3143 7201/2018/3123 7203/2587/190
s 0
f 7237/2037/195 7239/2038/195 7238/2039/195
f 7238/2039/195 7239/2038/195 7240/2040/195
f 7239/2038/195 7243/2041/195 7240/2040/195
f 7240/2040/195 7243/2041/195 7245/2042/195
f 7246/2043/195 7238/2039/195 7240/2040/195
f 7247/2044/195 7249/2045/195 7239/2038/195
f 7249/2045/195 7254/2046/195 7239/2038/195
f 7239/2038/195 7254/2046/195 7243/2041/195
f 7253/2046/195 7256/2047/195 7242/2041/195
f 7241/2041/195 7255/2047/195 7259/2048/195
f 7257/2047/195 7262/2049/195 7260/2048/195
f 7248/2045/195 7263/2050/195 7251/2046/195
f 7264/2051/195 7265/2052/195 7250/2046/195
f 7252/2046/195 7266/2052/195 7258/2047/195
f 7266/2052/195 7267/2053/195 7258/2047/195
f 7261/2048/195 7268/2054/195 7244/2041/195
s 1
f 7269/2055/3145 7271/2056/3146 7270/2057/2576
f 7270/2057/2576 7271/2056/3146 7272/2058/2574
f 7271/2056/3146 7269/2055/3145 7273/2059/1514
f 7269/2055/3145 7274/2060/2579 7273/2059/1514
f 7273/2059/1514 7274/2060/2579 7275/2061/2578
f 7274/2060/2579 7276/2062/3147 7275/2061/2578
f 7275/2061/2578 7276/2062/3147 7277/2063/2580
f 7276/2062/3147 7278/2064/2583 7277/2063/2580
f 7277/2063/2580 7278/2064/2583 7279/2065/1511
f 7278/2064/2583 7280/2066/2585 7279/2065/1511
f 7279/2065/1511 7280/2066/2585 7281/2067/3148
f 7280/2066/2585 7282/2068/2587 7281/2067/3148
f 7281/2067/3148 7282/2068/2587 7283/2069/1509
f 7282/2068/2587 7284/2070/2589 7283/2069/1509
f 7283/2069/1509 7284/2070/2589 7285/2071/3149
f 7284/2070/2589 7286/2072/2591 7285/2071/3149
f 7285/2071/3149 7286/2072/2591 7287/2073/2590
f 7286/2072/2591 7288/2074/2593 7287/2073/2590
f 7287/2073/2590 7288/2074/2593 7289/2075/2592
f 7288/2074/2593 7290/2076/3150 7289/2075/2592
f 7289/2075/2592 7290/2076/3150 7291/2077/3151
f 7290/2076/3150 7292/2078/2564 7291/2077/3151
f 7291/2077/3151 7292/2078/2564 7293/2079/3152
f 7292/2078/2564 7294/2080/2566 7293/2079/3152
f 7293/2079/3152 7294/2080/2566 7295/2081/2565
f 7294/2080/2566 7296/2082/2568 7295/2081/2565
f 7295/2081/2565 7296/2082/2568 7297/2083/2567
f 7296/2082/2568 7298/2084/2569 7297/2083/2567
f 7297/2083/2567 7298/2084/2569 7299/2085/1501
f 7298/2084/2569 7300/2086/2571 7299/2085/1501
f 7299/2085/1501 7300/2086/2571 7301/2087/2570
f 7300/2086/2571 7302/2088/2573 7301/2087/2570
f 7301/2087/2570 7302/2088/2573 7303/2089/2572
f 7302/2088/2573 7304/2090/3153 7303/2089/2572
f 7303/2089/2572 7304/2090/3153 7272/2058/2574
f 7272/2058/2574 7304/2090/3153 7270/2057/2576
f 7270/2057/2576 7304/2090/3153 7305/2091/3154
f 7305/2091/3154 7304/2090/3153 7306/2092/3155
f 7304/2090/3153 7302/2088/2573 7306/2092/3155
f 7306/2092/3155 7302/2088/2573 7307/2093/2608
f 7302/2088/2573 7300/2086/2571 7307/2093/2608
f 7307/2093/2608 7300/2086/2571 7308/2094/2609
f 7300/2086/2571 7298/2084/2569 7308/2094/2609
f 7308/2094/2609 7298/2084/2569 7309/2095/3156
f 7298/2084/2569 7296/2082/2568 7309/2095/3156
f 7309/2095/3156 7296/2082/2568 7310/2096/3157
f 7296/2082/2568 7294/2080/2566 7310/2096/3157
f 7310/2096/3157 7294/2080/2566 7311/2097/3158
f 7294/2080/2566 7292/2078/2564 7311/2097/3158
f 7311/2097/3158 7292/2078/2564 7312/2098/3159
f 7292/2078/2564 7290/2076/3150 7312/2098/3159
f 7312/2098/3159 7290/2076/3150 7313/2099/3160
f 7290/2076/3150 7288/2074/2593 7313/2099/3160
f 7313/2099/3160 7288/2074/2593 7314/2100/2597
f 7288/2074/2593 7286/2072/2591 7314/2100/2597
f 7314/2100/2597 7286/2072/2591 7315/2101/3161
f 7286/2072/2591 7284/2070/2589 7315/2101/3161
f 7315/2101/3161 7284/2070/2589 7316/2102/3162
f 7284/2070/2589 7282/2068/2587 7316/2102/3162
f 7316/2102/3162 7282/2068/2587 7317/2103/2600
f 7282/2068/2587 7280/2066/2585 7317/2103/2600
f 7317/2103/2600 7280/2066/2585 7318/2104/2601
f 7280/2066/2585 7278/2064/2583 7318/2104/2601
f 7318/2104/2601 7278/2064/2583 7319/2105/3163
f 7278/2064/2583 7276/2062/3147 7319/2105/3163
f 7319/2105/3163 7276/2062/3147 7320/2106/3164
f 7276/2062/3147 7274/2060/2579 7320/2106/3164
f 7320/2106/3164 7274/2060/2579 7321/2107/3165
f 7274/2060/2579 7269/2055/3145 7321/2107/3165
f 7321/2107/3165 7269/2055/3145 7322/2108/3166
f 7269/2055/3145 7270/2057/2576 7322/2108/3166
f 7322/2108/3166 7270/2057/2576 7305/2091/3154
f 7323/2107/3167 7325/2108/2629 7324/2109/2629
f 7324/2109/2629 7325/2108/2629 7326/2110/2627
f 7324/2109/2629 7327/2111/3168 7323/2107/3167
f 7323/2107/3167 7327/2111/3168 7328/2106/2631
f 7327/2111/3168 7329/2112/2632 7328/2106/2631
f 7328/2106/2631 7329/2112/2632 7330/2105/2633
f 7329/2112/2632 7331/2113/3169 7330/2105/2633
f 7330/2105/2633 7331/2113/3169 7332/2104/2634
f 7331/2113/3169 7333/2114/3170 7332/2104/2634
f 7332/2104/2634 7333/2114/3170 7334/2103/3171
f 7333/2114/3170 7335/2115/2635 7334/2103/3171
f 7334/2103/3171 7335/2115/2635 7336/2102/2636
f 7335/2115/2635 7337/2116/2637 7336/2102/2636
f 7336/2102/2636 7337/2116/2637 7338/2101/2638
f 7337/2116/2637 7339/2117/2638 7338/2101/2638
f 7338/2101/2638 7339/2117/2638 7340/2100/3172
f 7339/2117/2638 7341/2118/3172 7340/2100/3172
f 7340/2100/3172 7341/2118/3172 7342/2099/2615
f 7341/2118/3172 7343/2119/2615 7342/2099/2615
f 7342/2099/2615 7343/2119/2615 7344/2098/2614
f 7343/2119/2615 7345/2120/3173 7344/2098/2614
f 7344/2098/2614 7345/2120/3173 7346/2097/2616
f 7345/2120/3173 7347/2121/2612 7346/2097/2616
f 7346/2097/2616 7347/2121/2612 7348/2096/2617
f 7347/2121/2612 7349/2122/2617 7348/2096/2617
f 7348/2096/2617 7349/2122/2617 7350/2095/3174
f 7349/2122/2617 7351/2123/2619 7350/2095/3174
f 7350/2095/3174 7351/2123/2619 7352/2094/2621
f 7351/2123/2619 7353/2124/2622 7352/2094/2621
f 7352/2094/2621 7353/2124/2622 7354/2093/3175
f 7353/2124/2622 7355/2125/2623 7354/2093/3175
f 7354/2093/3175 7355/2125/2623 7356/2092/2625
f 7355/2125/2623 7357/2126/2625 7356/2092/2625
f 7356/2092/2625 7357/2126/2625 7358/2091/2627
f 7357/2126/2625 7326/2110/2627 7358/2091/2627
f 7358/2091/2627 7326/2110/2627 7325/2108/2629
f 7359/2111/3176 7361/2109/2658 7360/2037/2657
f 7360/2037/2657 7361/2109/2658 7362/2038/3177
f 7360/2037/2657 7363/2039/3178 7359/2111/3176
f 7359/2111/3176 7363/2039/3178 7364/2112/3179
f 7363/2039/3178 7365/2043/2661 7364/2112/3179
f 7364/2112/3179 7365/2043/2661 7366/2113/3180
f 7365/2043/2661 7367/2040/2663 7366/2113/3180
f 7366/2113/3180 7367/2040/2663 7368/2114/3181
f 7367/2040/2663 7369/2042/3182 7368/2114/3181
f 7368/2114/3181 7369/2042/3182 7370/2115/2665
f 7369/2042/3182 7371/2041/2666 7370/2115/2665
f 7370/2115/2665 7371/2041/2666 7372/2116/2667
f 7371/2041/2666 7373/2054/2667 7372/2116/2667
f 7372/2116/2667 7373/2054/2667 7374/2117/3183
f 7373/2054/2667 7375/2048/2669 7374/2117/3183
f 7374/2117/3183 7375/2048/2669 7376/2118/3184
f 7375/2048/2669 7377/2049/3185 7376/2118/3184
f 7376/2118/3184 7377/2049/3185 7378/2119/2645
f 7377/2049/3185 7379/2047/2645 7378/2119/2645
f 7378/2119/2645 7379/2047/2645 7380/2120/3186
f 7379/2047/2645 7381/2053/3187 7380/2120/3186
f 7380/2120/3186 7381/2053/3187 7382/2121/3188
f 7381/2053/3187 7383/2052/3189 7382/2121/3188
f 7382/2121/3188 7383/2052/3189 7384/2122/3190
f 7383/2052/3189 7385/2051/3191 7384/2122/3190
f 7384/2122/3190 7385/2051/3191 7386/2123/2649
f 7385/2051/3191 7387/2046/3192 7386/2123/2649
f 7386/2123/2649 7387/2046/3192 7388/2124/3193
f 7387/2046/3192 7389/2050/3193 7388/2124/3193
f 7388/2124/3193 7389/2050/3193 7390/2125/2652
f 7389/2050/3193 7391/2045/2653 7390/2125/2652
f 7390/2125/2652 7391/2045/2653 7392/2126/3194
f 7391/2045/2653 7393/2044/3194 7392/2126/3194
f 7392/2126/3194 7393/2044/3194 7394/2110/2656
f 7393/2044/3194 7362/2038/3177 7394/2110/2656
f 7394/2110/2656 7362/2038/3177 7361/2109/2658
f 7395/2127/3195 7397/2128/2207 7396/2077/1505
f 7396/2077/1505 7397/2128/2207 7398/2075/3196
f 7396/2077/1505 7399/2079/3152 7395/2127/3195
f 7395/2127/3195 7399/2079/3152 7400/2129/3112
f 7399/2079/3152 7401/2081/2687 7400/2129/3112
f 7400/2129/3112 7401/2081/2687 7402/2130/1523
f 7401/2081/2687 7403/2083/2689 7402/2130/1523
f 7402/2130/1523 7403/2083/2689 7404/2131/1524
f 7403/2083/2689 7405/2085/1501 7404/2131/1524
f 7404/2131/1524 7405/2085/1501 7406/2132/1525
f 7405/2085/1501 7407/2087/3197 7406/2132/1525
f 7406/2132/1525 7407/2087/3197 7408/2133/1526
f 7407/2087/3197 7409/2089/2694 7408/2133/1526
f 7408/2133/1526 7409/2089/2694 7410/2134/1438
f 7409/2089/2694 7411/2058/2695 7410/2134/1438
f 7410/2134/1438 7411/2058/2695 7412/2135/1427
f 7411/2058/2695 7413/2056/1497 7412/2135/1427
f 7412/2135/1427 7413/2056/1497 7414/2136/1515
f 7413/2056/1497 7415/2059/2673 7414/2136/1515
f 7414/2136/1515 7415/2059/2673 7416/2137/1430
f 7415/2059/2673 7417/2061/3198 7416/2137/1430
f 7416/2137/1430 7417/2061/3198 7418/2138/1516
f 7417/2061/3198 7419/2063/3199 7418/2138/1516
f 7418/2138/1516 7419/2063/3199 7420/2139/3200
f 7419/2063/3199 7421/2065/1511 7420/2139/3200
f 7420/2139/3200 7421/2065/1511 7422/2140/1436
f 7421/2065/1511 7423/2067/3201 7422/2140/1436
f 7422/2140/1436 7423/2067/3201 7424/2141/1518
f 7423/2067/3201 7425/2069/1509 7424/2141/1518
f 7424/2141/1518 7425/2069/1509 7426/2142/1519
f 7425/2069/1509 7427/2071/3202 7426/2142/1519
f 7426/2142/1519 7427/2071/3202 7428/2143/3115
f 7427/2071/3202 7429/2073/2683 7428/2143/3115
f 7428/2143/3115 7429/2073/2683 7430/2144/3203
f 7429/2073/2683 7398/2075/3196 7430/2144/3203
f 7430/2144/3203 7398/2075/3196 7397/2128/2207
f 7431/1891/1515 7433/1892/1426 7432/1893/1427
f 7432/1893/1427 7433/1892/1426 7434/1894/1665
f 7433/1892/1426 7431/1891/1515 7435/1895/1429
f 7431/1891/1515 7436/1896/1430 7435/1895/1429
f 7435/1895/1429 7436/1896/1430 7437/1897/1431
f 7436/1896/1430 7438/1898/1516 7437/1897/1431
f 7437/1897/1431 7438/1898/1516 7439/1899/1433
f 7438/1898/1516 7440/1900/3204 7439/1899/1433
f 7439/1899/1433 7440/1900/3204 7441/1901/1435
f 7440/1900/3204 7442/1902/1436 7441/1901/1435
f 7441/1901/1435 7442/1902/1436 7443/1903/1437
f 7432/1893/1427 7434/1894/1665 7444/1904/3118
f 7434/1894/1665 7445/1905/1439 7444/1904/3118
f 7444/1904/3118 7445/1905/1439 7446/1906/3205
f 7445/1905/1439 7447/1907/1441 7446/1906/3205
f 7446/1906/3205 7447/1907/1441 7448/1908/1442
f 7447/1907/1441 7449/1909/1443 7448/1908/1442
f 7448/1908/1442 7449/1909/1443 7450/1910/1444
f 7449/1909/1443 7451/1911/1445 7450/1910/1444
f 7450/1910/1444 7451/1911/1445 7452/1912/1446
f 7451/1911/1445 7453/1913/2462 7452/1912/1446
f 7452/1912/1446 7453/1913/2462 7454/1914/3206
f 7453/1913/2462 7455/1915/1449 7454/1914/3206
f 7454/1914/3206 7455/1915/1449 7456/1916/1450
f 7455/1915/1449 7457/1917/2464 7456/1916/1450
f 7456/1916/1450 7457/1917/2464 7458/1918/3207
f 7457/1917/2464 7459/1919/1453 7458/1918/3207
f 7458/1918/3207 7459/1919/1453 7460/1920/1454
f 7459/1919/1453 7461/1921/2467 7460/1920/1454
f 7460/1920/1454 7461/1921/2467 7462/1922/1520
f 7461/1921/2467 7463/1923/1457 7462/1922/1520
f 7462/1922/1520 7463/1923/1457 7464/1924/1458
f 7463/1923/1457 7465/1925/1459 7464/1924/1458
f 7464/1924/1458 7465/1925/1459 7466/1926/1460
f 7465/1925/1459 7467/1927/1437 7466/1926/1460
f 7466/1926/1460 7467/1927/1437 7468/1928/1436
f 7469/2019/1515 7471/1984/3208 7470/2018/3209
f 7470/2018/3209 7471/1984/3208 7472/2587/195
f 7471/1984/3208 7473/1986/3210 7472/2587/195
f 7472/2587/195 7473/1986/3210 7474/1988/3211
f 7473/1986/3210 7475/2036/1438 7474/1988/3211
f 7475/2036/1438 7476/2035/1526 7474/1988/3211
f 7474/1988/3211 7476/2035/1526 7477/1990/3212
f 7476/2035/1526 7478/2034/1525 7477/1990/3212
f 7477/1990/3212 7478/2034/1525 7479/1992/3213
f 7478/2034/1525 7480/2033/1524 7479/1992/3213
f 7479/1992/3213 7480/2033/1524 7481/1994/3214
f 7480/2033/1524 7482/2032/1523 7481/1994/3214
f 7482/2032/1523 7483/1996/3215 7481/1994/3214
f 7483/1996/3215 7472/2587/195 7481/1994/3214
f 7481/1994/3214 7472/2587/195 7479/1992/3213
f 7479/1992/3213 7472/2587/195 7477/1990/3212
f 7472/2587/195 7474/1988/3211 7477/1990/3212
f 7475/2036/1438 7473/1986/3210 7484/2020/1427
f 7473/1986/3210 7471/1984/3208 7484/2020/1427
f 7484/2020/1427 7471/1984/3208 7469/2019/1515
f 7482/2032/1523 7485/2031/1448 7483/1996/3215
f 7483/1996/3215 7485/2031/1448 7486/1998/3216
f 7485/2031/1448 7487/2030/1522 7486/1998/3216
f 7486/1998/3216 7487/2030/1522 7488/2000/3217
f 7487/2030/1522 7489/2029/3218 7488/2000/3217
f 7488/2000/3217 7489/2029/3218 7490/2002/3219
f 7489/2029/3218 7491/2028/1521 7490/2002/3219
f 7490/2002/3219 7491/2028/1521 7492/2004/3220
f 7491/2028/1521 7493/2027/3221 7492/2004/3220
f 7492/2004/3220 7493/2027/3221 7494/2006/1508
f 7493/2027/3221 7495/2026/3116 7494/2006/1508
f 7494/2006/1508 7495/2026/3116 7496/2008/3222
f 7495/2026/3116 7497/2025/1518 7496/2008/3222
f 7497/2025/1518 7498/2010/3223 7496/2008/3222
f 7498/2010/3223 7472/2587/195 7496/2008/3222
f 7496/2008/3222 7472/2587/195 7494/2006/1508
f 7494/2006/1508 7472/2587/195 7492/2004/3220
f 7492/2004/3220 7472/2587/195 7490/2002/3219
f 7490/2002/3219 7472/2587/195 7488/2000/3217
f 7488/2000/3217 7472/2587/195 7486/1998/3216
f 7472/2587/195 7483/1996/3215 7486/1998/3216
f 7497/2025/1518 7499/2024/1436 7498/2010/3223
f 7499/2024/1436 7500/2012/3224 7498/2010/3223
f 7498/2010/3223 7500/2012/3224 7472/2587/195
f 7500/2012/3224 7501/2014/3225 7472/2587/195
f 7472/2587/195 7501/2014/3225 7502/2016/3226
f 7501/2014/3225 7503/2022/1516 7502/2016/3226
f 7503/2022/1516 7504/2021/1430 7502/2016/3226
f 7502/2016/3226 7504/2021/1430 7470/2018/3209
f 7504/2021/1430 7469/2019/1515 7470/2018/3209
f 7499/2024/1436 7505/2023/3200 7500/2012/3224
f 7500/2012/3224 7505/2023/3200 7501/2014/3225
f 7505/2023/3200 7503/2022/1516 7501/2014/3225
f 7502/2016/3226 7470/2018/3209 7472/2587/195
s 0
f 7506/2037/190 7511/2038/190 7507/2039/190
f 7508/2039/190 7513/2038/190 7515/2040/190
f 7512/2038/190 7520/2041/190 7514/2040/190
f 7516/2040/190 7522/2041/190 7523/2042/190
f 7524/2043/190 7508/2039/190 7515/2040/190
f 7525/2044/190 7526/2045/190 7509/2038/190
f 7526/2045/190 7527/2046/190 7509/2038/190
f 7510/2038/190 7529/2046/190 7519/2041/190
f 7528/2046/190 7531/2047/190 7518/2041/190
f 7517/2041/190 7530/2047/190 7533/2048/190
f 7532/2047/190 7536/2049/190 7534/2048/190
f 7526/2045/190 7537/2050/190 7527/2046/190
f 7538/2051/190 7539/2052/190 7528/2046/190
f 7528/2046/190 7539/2052/190 7531/2047/190
f 7539/2052/190 7540/2053/190 7531/2047/190
f 7535/2048/190 7541/2054/190 7521/2041/190
s 1
f 7542/2055/3227 7544/2056/1552 7543/2057/1553
f 7543/2057/1553 7544/2056/1552 7545/2058/1554
f 7544/2056/1552 7542/2055/3227 7546/2059/2522
f 7542/2055/3227 7547/2060/1556 7546/2059/2522
f 7546/2059/2522 7547/2060/1556 7548/2061/1557
f 7547/2060/1556 7549/2062/3228 7548/2061/1557
f 7548/2061/1557 7549/2062/3228 7550/2063/1559
f 7549/2062/3228 7551/2064/3229 7550/2063/1559
f 7550/2063/1559 7551/2064/3229 7552/2065/1680
f 7551/2064/3229 7553/2066/1562 7552/2065/1680
f 7552/2065/1680 7553/2066/1562 7554/2067/3230
f 7553/2066/1562 7555/2068/3231 7554/2067/3230
f 7554/2067/3230 7555/2068/3231 7556/2069/1565
f 7555/2068/3231 7557/2070/3232 7556/2069/1565
f 7556/2069/1565 7557/2070/3232 7558/2071/3233
f 7557/2070/3232 7559/2072/3234 7558/2071/3233
f 7558/2071/3233 7559/2072/3234 7560/2073/3235
f 7559/2072/3234 7561/2074/1570 7560/2073/3235
f 7560/2073/3235 7561/2074/1570 7562/2075/1571
f 7561/2074/1570 7563/2076/3236 7562/2075/1571
f 7562/2075/1571 7563/2076/3236 7564/2077/1573
f 7563/2076/3236 7565/2078/1574 7564/2077/1573
f 7564/2077/1573 7565/2078/1574 7566/2079/1575
f 7565/2078/1574 7567/2080/3237 7566/2079/1575
f 7566/2079/1575 7567/2080/3237 7568/2081/1577
f 7567/2080/3237 7569/2082/3238 7568/2081/1577
f 7568/2081/1577 7569/2082/3238 7570/2083/1579
f 7569/2082/3238 7571/2084/3239 7570/2083/1579
f 7570/2083/1579 7571/2084/3239 7572/2085/1581
f 7571/2084/3239 7573/2086/1582 7572/2085/1581
f 7572/2085/1581 7573/2086/1582 7574/2087/1583
f 7573/2086/1582 7575/2088/3240 7574/2087/1583
f 7574/2087/1583 7575/2088/3240 7576/2089/1585
f 7575/2088/3240 7577/2090/1586 7576/2089/1585
f 7576/2089/1585 7577/2090/1586 7545/2058/1554
f 7545/2058/1554 7577/2090/1586 7543/2057/1553
f 7543/2057/1553 7577/2090/1586 7578/2091/1587
f 7578/2091/1587 7577/2090/1586 7579/2092/1588
f 7577/2090/1586 7575/2088/3240 7579/2092/1588
f 7579/2092/1588 7575/2088/3240 7580/2093/1589
f 7575/2088/3240 7573/2086/1582 7580/2093/1589
f 7580/2093/1589 7573/2086/1582 7581/2094/3241
f 7573/2086/1582 7571/2084/3239 7581/2094/3241
f 7581/2094/3241 7571/2084/3239 7582/2095/1591
f 7571/2084/3239 7569/2082/3238 7582/2095/1591
f 7582/2095/1591 7569/2082/3238 7583/2096/1592
f 7569/2082/3238 7567/2080/3237 7583/2096/1592
f 7583/2096/1592 7567/2080/3237 7584/2097/3242
f 7567/2080/3237 7565/2078/1574 7584/2097/3242
f 7584/2097/3242 7565/2078/1574 7585/2098/1594
f 7565/2078/1574 7563/2076/3236 7585/2098/1594
f 7585/2098/1594 7563/2076/3236 7586/2099/3243
f 7563/2076/3236 7561/2074/1570 7586/2099/3243
f 7586/2099/3243 7561/2074/1570 7587/2100/1596
f 7561/2074/1570 7559/2072/3234 7587/2100/1596
f 7587/2100/1596 7559/2072/3234 7588/2101/1597
f 7559/2072/3234 7557/2070/3232 7588/2101/1597
f 7588/2101/1597 7557/2070/3232 7589/2102/1598
f 7557/2070/3232 7555/2068/3231 7589/2102/1598
f 7589/2102/1598 7555/2068/3231 7590/2103/1599
f 7555/2068/3231 7553/2066/1562 7590/2103/1599
f 7590/2103/1599 7553/2066/1562 7591/2104/1600
f 7553/2066/1562 7551/2064/3229 7591/2104/1600
f 7591/2104/1600 7551/2064/3229 7592/2105/1601
f 7551/2064/3229 7549/2062/3228 7592/2105/1601
f 7592/2105/1601 7549/2062/3228 7593/2106/3244
f 7549/2062/3228 7547/2060/1556 7593/2106/3244
f 7593/2106/3244 7547/2060/1556 7594/2107/1603
f 7547/2060/1556 7542/2055/3227 7594/2107/1603
f 7594/2107/1603 7542/2055/3227 7595/2108/3245
f 7542/2055/3227 7543/2057/1553 7595/2108/3245
f 7595/2108/3245 7543/2057/1553 7578/2091/1587
f 7596/2107/3246 7598/2108/3247 7597/2109/1606
f 7597/2109/1606 7598/2108/3247 7599/2110/1633
f 7597/2109/1606 7600/2111/1605 7596/2107/3246
f 7596/2107/3246 7600/2111/1605 7601/2106/1610
f 7600/2111/1605 7602/2112/1611 7601/2106/1610
f 7601/2106/1610 7602/2112/1611 7603/2105/1612
f 7602/2112/1611 7604/2113/3248 7603/2105/1612
f 7603/2105/1612 7604/2113/3248 7605/2104/1613
f 7604/2113/3248 7606/2114/1613 7605/2104/1613
f 7605/2104/1613 7606/2114/1613 7607/2103/1614
f 7606/2114/1613 7608/2115/1614 7607/2103/1614
f 7607/2103/1614 7608/2115/1614 7609/2102/1616
f 7608/2115/1614 7610/2116/1617 7609/2102/1616
f 7609/2102/1616 7610/2116/1617 7611/2101/3249
f 7610/2116/1617 7612/2117/1618 7611/2101/3249
f 7611/2101/3249 7612/2117/1618 7613/2100/3250
f 7612/2117/1618 7614/2118/1620 7613/2100/3250
f 7613/2100/3250 7614/2118/1620 7615/2099/1621
f 7614/2118/1620 7616/2119/3251 7615/2099/1621
f 7615/2099/1621 7616/2119/3251 7617/2098/3252
f 7616/2119/3251 7618/2120/1622 7617/2098/3252
f 7617/2098/3252 7618/2120/1622 7619/2097/3253
f 7618/2120/1622 7620/2121/3254 7619/2097/3253
f 7619/2097/3253 7620/2121/3254 7621/2096/1624
f 7620/2121/3254 7622/2122/1624 7621/2096/1624
f 7621/2096/1624 7622/2122/1624 7623/2095/1627
f 7622/2122/1624 7624/2123/1627 7623/2095/1627
f 7623/2095/1627 7624/2123/1627 7625/2094/3255
f 7624/2123/1627 7626/2124/3255 7625/2094/3255
f 7625/2094/3255 7626/2124/3255 7627/2093/1630
f 7626/2124/3255 7628/2125/3256 7627/2093/1630
f 7627/2093/1630 7628/2125/3256 7629/2092/3257
f 7628/2125/3256 7630/2126/1632 7629/2092/3257
f 7629/2092/3257 7630/2126/1632 7631/2091/1633
f 7630/2126/1632 7599/2110/1633 7631/2091/1633
f 7631/2091/1633 7599/2110/1633 7598/2108/3247
f 7632/2111/3258 7634/2109/3259 7633/2037/1635
f 7633/2037/1635 7634/2109/3259 7635/2038/3260
f 7633/2037/1635 7636/2039/1634 7632/2111/3258
f 7632/2111/3258 7636/2039/1634 7637/2112/1637
f 7636/2039/1634 7638/2043/3261 7637/2112/1637
f 7637/2112/1637 7638/2043/3261 7639/2113/3262
f 7638/2043/3261 7640/2040/3263 7639/2113/3262
f 7639/2113/3262 7640/2040/3263 7641/2114/1639
f 7640/2040/3263 7642/2042/3264 7641/2114/1639
f 7641/2114/1639 7642/2042/3264 7643/2115/1640
f 7642/2042/3264 7644/2041/1640 7643/2115/1640
f 7643/2115/1640 7644/2041/1640 7645/2116/1642
f 7644/2041/1640 7646/2054/1641 7645/2116/1642
f 7645/2116/1642 7646/2054/1641 7647/2117/1643
f 7646/2054/1641 7648/2048/1643 7647/2117/1643
f 7647/2117/1643 7648/2048/1643 7649/2118/3265
f 7648/2048/1643 7650/2049/3266 7649/2118/3265
f 7649/2118/3265 7650/2049/3266 7651/2119/1647
f 7650/2049/3266 7652/2047/1647 7651/2119/1647
f 7651/2119/1647 7652/2047/1647 7653/2120/3267
f 7652/2047/1647 7654/2053/3268 7653/2120/3267
f 7653/2120/3267 7654/2053/3268 7655/2121/1650
f 7654/2053/3268 7656/2052/1650 7655/2121/1650
f 7655/2121/1650 7656/2052/1650 7657/2122/3269
f 7656/2052/1650 7658/2051/1652 7657/2122/3269
f 7657/2122/3269 7658/2051/1652 7659/2123/3270
f 7658/2051/1652 7660/2046/3270 7659/2123/3270
f 7659/2123/3270 7660/2046/3270 7661/2124/1655
f 7660/2046/3270 7662/2050/3271 7661/2124/1655
f 7661/2124/1655 7662/2050/3271 7663/2125/1657
f 7662/2050/3271 7664/2045/1657 7663/2125/1657
f 7663/2125/1657 7664/2045/1657 7665/2126/3272
f 7664/2045/1657 7666/2044/1658 7665/2126/3272
f 7665/2126/3272 7666/2044/1658 7667/2110/3273
f 7666/2044/1658 7635/2038/3260 7667/2110/3273
f 7667/2110/3273 7635/2038/3260 7634/2109/3259
f 7668/2127/3274 7670/2128/1661 7669/2077/1573
f 7669/2077/1573 7670/2128/1661 7671/2075/1571
f 7669/2077/1573 7672/2079/1664 7668/2127/3274
f 7668/2127/3274 7672/2079/1664 7673/2129/3275
f 7672/2079/1664 7674/2081/3276 7673/2129/3275
f 7673/2129/3275 7674/2081/3276 7675/2130/1667
f 7674/2081/3276 7676/2083/1579 7675/2130/1667
f 7675/2130/1667 7676/2083/1579 7677/2131/1668
f 7676/2083/1579 7678/2085/3277 7677/2131/1668
f 7677/2131/1668 7678/2085/3277 7679/2132/1670
f 7678/2085/3277 7680/2087/3278 7679/2132/1670
f 7679/2132/1670 7680/2087/3278 7681/2133/3279
f 7680/2087/3278 7682/2089/1585 7681/2133/3279
f 7681/2133/3279 7682/2089/1585 7683/2134/1672
f 7682/2089/1585 7684/2058/1673 7683/2134/1672
f 7683/2134/1672 7684/2058/1673 7685/2135/3131
f 7684/2058/1673 7686/2056/1675 7685/2135/3131
f 7685/2135/3131 7686/2056/1675 7687/2136/1451
f 7686/2056/1675 7688/2059/2522 7687/2136/1451
f 7687/2136/1451 7688/2059/2522 7689/2137/1453
f 7688/2059/2522 7690/2061/3280 7689/2137/1453
f 7689/2137/1453 7690/2061/3280 7691/2138/1677
f 7690/2061/3280 7692/2063/1678 7691/2138/1677
f 7691/2138/1677 7692/2063/1678 7693/2139/1679
f 7692/2063/1678 7694/2065/1680 7693/2139/1679
f 7693/2139/1679 7694/2065/1680 7695/2140/1681
f 7694/2065/1680 7696/2067/3281 7695/2140/1681
f 7695/2140/1681 7696/2067/3281 7697/2141/1437
f 7696/2067/3281 7698/2069/1683 7697/2141/1437
f 7697/2141/1437 7698/2069/1683 7699/2142/3282
f 7698/2069/1683 7700/2071/3283 7699/2142/3282
f 7699/2142/3282 7700/2071/3283 7701/2143/1433
f 7700/2071/3283 7702/2073/1569 7701/2143/1433
f 7701/2143/1433 7702/2073/1569 7703/2144/1431
f 7702/2073/1569 7671/2075/1571 7703/2144/1431
f 7703/2144/1431 7671/2075/1571 7670/2128/1661
f 7704/1892/3284 7706/1895/1122 7705/1891/2463
f 7705/1891/2463 7706/1895/1122 7707/1896/1454
f 7705/1891/2463 7708/1893/2686 7704/1892/3284
f 7704/1892/3284 7708/1893/2686 7709/1894/3285
f 7708/1893/2686 7710/1904/3206 7709/1894/3285
f 7709/1894/3285 7710/1904/3206 7711/1905/1671
f 7710/1904/3206 7712/1906/1523 7711/1905/1671
f 7711/1905/1671 7712/1906/1523 7713/1907/1670
f 7712/1906/1523 7714/1908/1524 7713/1907/1670
f 7713/1907/1670 7714/1908/1524 7715/1909/1441
f 7714/1908/1524 7716/1910/1442 7715/1909/1441
f 7715/1909/1441 7716/1910/1442 7717/1911/1439
f 7716/1910/1442 7718/1912/1440 7717/1911/1439
f 7717/1911/1439 7718/1912/1440 7719/1913/3286
f 7718/1912/1440 7720/1914/1438 7719/1913/3286
f 7719/1913/3286 7720/1914/1438 7721/1915/2457
f 7720/1914/1438 7722/1916/1427 7721/1915/2457
f 7721/1915/2457 7722/1916/1427 7723/1917/2221
f 7722/1916/1427 7724/1918/1116 7723/1917/2221
f 7723/1917/2221 7724/1918/1116 7725/1919/2456
f 7724/1918/1116 7726/1920/3287 7725/1919/2456
f 7725/1919/2456 7726/1920/3287 7727/1921/3288
f 7726/1920/3287 7728/1922/1432 7727/1921/3288
f 7727/1921/3288 7728/1922/1432 7729/1923/2475
f 7728/1922/1432 7730/1924/2474 7729/1923/2475
f 7729/1923/2475 7730/1924/2474 7731/1925/3289
f 7730/1924/2474 7732/1926/3290 7731/1925/3289
f 7731/1925/3289 7732/1926/3290 7733/1927/2532
f 7732/1926/3290 7734/1928/2680 7733/1927/2532
f 7735/1903/2532 7736/1902/2680 7737/1901/2469
f 7736/1902/2680 7738/1900/3291 7737/1901/2469
f 7737/1901/2469 7738/1900/3291 7739/1899/3292
f 7738/1900/3291 7740/1898/3293 7739/1899/3292
f 7739/1899/3292 7740/1898/3293 7741/1897/3294
f 7740/1898/3293 7707/1896/1454 7741/1897/3294
f 7741/1897/3294 7707/1896/1454 7706/1895/1122
f 7742/2019/1452 7744/2018/3295 7743/1984/3216
f 7743/1984/3216 7744/2018/3295 7745/2587/195
f 7744/2018/3295 7746/2016/3219 7745/2587/195
f 7745/2587/195 7746/2016/3219 7747/2014/3220
f 7746/2016/3219 7748/2022/1520 7747/2014/3220
f 7748/2022/1520 7749/2023/2682 7747/2014/3220
f 7747/2014/3220 7749/2023/2682 7750/2012/3296
f 7749/2023/2682 7751/2024/3297 7750/2012/3296
f 7750/2012/3296 7751/2024/3297 7752/2010/3298
f 7751/2024/3297 7753/2025/2472 7752/2010/3298
f 7752/2010/3298 7753/2025/2472 7754/2008/3299
f 7753/2025/2472 7755/2026/3300 7754/2008/3299
f 7755/2026/3300 7756/2006/3301 7754/2008/3299
f 7756/2006/3301 7745/2587/195 7754/2008/3299
f 7754/2008/3299 7745/2587/195 7752/2010/3298
f 7752/2010/3298 7745/2587/195 7750/2012/3296
f 7745/2587/195 7747/2014/3220 7750/2012/3296
f 7748/2022/1520 7746/2016/3219 7757/2021/1521
f 7746/2016/3219 7744/2018/3295 7757/2021/1521
f 7757/2021/1521 7744/2018/3295 7742/2019/1452
f 7755/2026/3300 7758/2027/1516 7756/2006/3301
f 7756/2006/3301 7758/2027/1516 7759/2004/3302
f 7758/2027/1516 7760/2028/1430 7759/2004/3302
f 7759/2004/3302 7760/2028/1430 7761/2002/3303
f 7760/2028/1430 7762/2029/1515 7761/2002/3303
f 7761/2002/3303 7762/2029/1515 7763/2000/3304
f 7762/2029/1515 7764/2030/1427 7763/2000/3304
f 7763/2000/3304 7764/2030/1427 7765/1998/3305
f 7764/2030/1427 7766/2031/1438 7765/1998/3305
f 7765/1998/3305 7766/2031/1438 7767/1996/3306
f 7766/2031/1438 7768/2032/1526 7767/1996/3306
f 7767/1996/3306 7768/2032/1526 7769/1994/3307
f 7768/2032/1526 7770/2033/2693 7769/1994/3307
f 7770/2033/2693 7771/1992/3212 7769/1994/3307
f 7771/1992/3212 7745/2587/195 7769/1994/3307
f 7769/1994/3307 7745/2587/195 7767/1996/3306
f 7767/1996/3306 7745/2587/195 7765/1998/3305
f 7765/1998/3305 7745/2587/195 7763/2000/3304
f 7763/2000/3304 7745/2587/195 7761/2002/3303
f 7761/2002/3303 7745/2587/195 7759/2004/3302
f 7745/2587/195 7756/2006/3301 7759/2004/3302
f 7770/2033/2693 7772/2034/1524 7771/1992/3212
f 7772/2034/1524 7773/1990/3308 7771/1992/3212
f 7771/1992/3212 7773/1990/3308 7745/2587/195
f 7773/1990/3308 7774/1988/3309 7745/2587/195
f 7745/2587/195 7774/1988/3309 7775/1986/3310
f 7774/1988/3309 7776/2036/1448 7775/1986/3310
f 7776/2036/1448 7777/2020/2686 7775/1986/3310
f 7775/1986/3310 7777/2020/2686 7743/1984/3216
f 7777/2020/2686 7742/2019/1452 7743/1984/3216
f 7772/2034/1524 7778/2035/1523 7773/1990/3308
f 7773/1990/3308 7778/2035/1523 7774/1988/3309
f 7778/2035/1523 7776/2036/1448 7774/1988/3309
f 7743/1984/3216 7745/2587/195 7775/1986/3310
s 0
f 7779/2042/190 7781/2041/190 7780/2040/190
f 7780/2040/190 7781/2041/190 7783/2038/190
f 7781/2041/190 7784/2046/190 7783/2038/190
f 7783/2038/190 7784/2046/190 7785/2045/190
f 7784/2046/190 7787/2050/190 7785/2045/190
f 7788/2043/190 7780/2040/190 7789/2039/190
f 7780/2040/190 7783/2038/190 7789/2039/190
f 7789/2039/190 7783/2038/190 7790/2037/190
f 7786/2045/190 7791/2044/190 7782/2038/190
f 7792/2054/190 7793/2048/190 7781/2041/190
f 7793/2048/190 7794/2047/190 7781/2041/190
f 7781/2041/190 7794/2047/190 7784/2046/190
f 7794/2047/190 7795/2052/190 7784/2046/190
f 7784/2046/190 7795/2052/190 7796/2051/190
f 7793/2048/190 7797/2049/190 7794/2047/190
f 7794/2047/190 7798/2053/190 7795/2052/190
s 1
f 7799/2059/1573 7801/2055/3236 7800/2056/1575
f 7801/2055/3236 7802/2057/3311 7800/2056/1575
f 7800/2056/1575 7802/2057/3311 7803/2058/1577
f 7802/2057/3311 7804/2090/1576 7803/2058/1577
f 7803/2058/1577 7804/2090/1576 7805/2089/3312
f 7804/2090/1576 7806/2088/1578 7805/2089/3312
f 7805/2089/3312 7806/2088/1578 7807/2087/1581
f 7806/2088/1578 7808/2086/3313 7807/2087/1581
f 7807/2087/1581 7808/2086/3313 7809/2085/1583
f 7808/2086/3313 7810/2084/1582 7809/2085/1583
f 7809/2085/1583 7810/2084/1582 7811/2083/1585
f 7810/2084/1582 7812/2082/3314 7811/2083/1585
f 7811/2083/1585 7812/2082/3314 7813/2081/1554
f 7812/2082/3314 7814/2080/1586 7813/2081/1554
f 7813/2081/1554 7814/2080/1586 7815/2079/1552
f 7814/2080/1586 7816/2078/1553 7815/2079/1552
f 7815/2079/1552 7816/2078/1553 7817/2077/2522
f 7816/2078/1553 7818/2076/1551 7817/2077/2522
f 7817/2077/2522 7818/2076/1551 7819/2075/1557
f 7818/2076/1551 7820/2074/1556 7819/2075/1557
f 7819/2075/1557 7820/2074/1556 7821/2073/1559
f 7820/2074/1556 7822/2072/3228 7821/2073/1559
f 7821/2073/1559 7822/2072/3228 7823/2071/3315
f 7822/2072/3228 7824/2070/3316 7823/2071/3315
f 7823/2071/3315 7824/2070/3316 7825/2069/3317
f 7824/2070/3316 7826/2068/3318 7825/2069/3317
f 7825/2069/3317 7826/2068/3318 7827/2067/3319
f 7826/2068/3318 7828/2066/3320 7827/2067/3319
f 7827/2067/3319 7828/2066/3320 7829/2065/2527
f 7828/2066/3320 7830/2064/3232 7829/2065/2527
f 7829/2065/2527 7830/2064/3232 7831/2063/1569
f 7830/2064/3232 7832/2062/3321 7831/2063/1569
f 7831/2063/1569 7832/2062/3321 7833/2061/1571
f 7832/2062/3321 7834/2060/3322 7833/2061/1571
f 7833/2061/1571 7834/2060/3322 7799/2059/1573
f 7799/2059/1573 7834/2060/3322 7801/2055/3236
f 7834/2060/3322 7835/2107/1594 7801/2055/3236
f 7801/2055/3236 7835/2107/1594 7836/2108/1593
f 7835/2107/1594 7834/2060/3322 7837/2106/3323
f 7834/2060/3322 7832/2062/3321 7837/2106/3323
f 7837/2106/3323 7832/2062/3321 7838/2105/1596
f 7832/2062/3321 7830/2064/3232 7838/2105/1596
f 7838/2105/1596 7830/2064/3232 7839/2104/1597
f 7830/2064/3232 7828/2066/3320 7839/2104/1597
f 7839/2104/1597 7828/2066/3320 7840/2103/1598
f 7828/2066/3320 7826/2068/3318 7840/2103/1598
f 7840/2103/1598 7826/2068/3318 7841/2102/1599
f 7826/2068/3318 7824/2070/3316 7841/2102/1599
f 7841/2102/1599 7824/2070/3316 7842/2101/1600
f 7824/2070/3316 7822/2072/3228 7842/2101/1600
f 7842/2101/1600 7822/2072/3228 7843/2100/1601
f 7822/2072/3228 7820/2074/1556 7843/2100/1601
f 7843/2100/1601 7820/2074/1556 7844/2099/3324
f 7820/2074/1556 7818/2076/1551 7844/2099/3324
f 7844/2099/3324 7818/2076/1551 7845/2098/1603
f 7818/2076/1551 7816/2078/1553 7845/2098/1603
f 7845/2098/1603 7816/2078/1553 7846/2097/3325
f 7816/2078/1553 7814/2080/1586 7846/2097/3325
f 7846/2097/3325 7814/2080/1586 7847/2096/1587
f 7814/2080/1586 7812/2082/3314 7847/2096/1587
f 7847/2096/1587 7812/2082/3314 7848/2095/1588
f 7812/2082/3314 7810/2084/1582 7848/2095/1588
f 7848/2095/1588 7810/2084/1582 7849/2094/1589
f 7810/2084/1582 7808/2086/3313 7849/2094/1589
f 7849/2094/1589 7808/2086/3313 7850/2093/3241
f 7808/2086/3313 7806/2088/1578 7850/2093/3241
f 7850/2093/3241 7806/2088/1578 7851/2092/1591
f 7806/2088/1578 7804/2090/1576 7851/2092/1591
f 7851/2092/1591 7804/2090/1576 7852/2091/3326
f 7804/2090/1576 7802/2057/3311 7852/2091/3326
f 7852/2091/3326 7802/2057/3311 7836/2108/1593
f 7802/2057/3311 7801/2055/3236 7836/2108/1593
f 7853/2109/3253 7854/2107/3327 7855/2111/3252
f 7854/2107/3327 7856/2106/3328 7855/2111/3252
f 7854/2107/3327 7853/2109/3253 7857/2108/1623
f 7853/2109/3253 7858/2110/1624 7857/2108/1623
f 7857/2108/1623 7858/2110/1624 7859/2091/1625
f 7858/2110/1624 7860/2126/1627 7859/2091/1625
f 7859/2091/1625 7860/2126/1627 7861/2092/1627
f 7860/2126/1627 7862/2125/1629 7861/2092/1627
f 7861/2092/1627 7862/2125/1629 7863/2093/3329
f 7862/2125/1629 7864/2124/1630 7863/2093/3329
f 7863/2093/3329 7864/2124/1630 7865/2094/3256
f 7864/2124/1630 7866/2123/1632 7865/2094/3256
f 7865/2094/3256 7866/2123/1632 7867/2095/3330
f 7866/2123/1632 7868/2122/1608 7867/2095/3330
f 7867/2095/3330 7868/2122/1608 7869/2096/3331
f 7868/2122/1608 7870/2121/1606 7869/2096/3331
f 7869/2096/3331 7870/2121/1606 7871/2097/1606
f 7870/2121/1606 7872/2120/1609 7871/2097/1606
f 7871/2097/1606 7872/2120/1609 7873/2098/1609
f 7872/2120/1609 7874/2119/1611 7873/2098/1609
f 7873/2098/1609 7874/2119/1611 7875/2099/1610
f 7874/2119/1611 7876/2118/3248 7875/2099/1610
f 7875/2099/1610 7876/2118/3248 7877/2100/3248
f 7876/2118/3248 7878/2117/3332 7877/2100/3248
f 7877/2100/3248 7878/2117/3332 7879/2101/3332
f 7878/2117/3332 7880/2116/1614 7879/2101/3332
f 7879/2101/3332 7880/2116/1614 7881/2102/1615
f 7880/2116/1614 7882/2115/1617 7881/2102/1615
f 7881/2102/1615 7882/2115/1617 7883/2103/3333
f 7882/2115/1617 7884/2114/1618 7883/2103/3333
f 7883/2103/3333 7884/2114/1618 7885/2104/1619
f 7884/2114/1618 7886/2113/3334 7885/2104/1619
f 7885/2104/1619 7886/2113/3334 7887/2105/1620
f 7886/2113/3334 7888/2112/1621 7887/2105/1620
f 7887/2105/1620 7888/2112/1621 7856/2106/3328
f 7888/2112/1621 7855/2111/3252 7856/2106/3328
f 7889/2037/1650 7890/2111/3335 7891/2039/3268
f 7890/2111/3335 7892/2112/1647 7891/2039/3268
f 7890/2111/3335 7889/2037/1650 7893/2109/1650
f 7889/2037/1650 7894/2038/3336 7893/2109/1650
f 7893/2109/1650 7894/2038/3336 7895/2110/3336
f 7894/2038/3336 7896/2044/3337 7895/2110/3336
f 7895/2110/3336 7896/2044/3337 7897/2126/3270
f 7896/2044/3337 7898/2045/1655 7897/2126/3270
f 7897/2126/3270 7898/2045/1655 7899/2125/3271
f 7898/2045/1655 7900/2050/1657 7899/2125/3271
f 7899/2125/3271 7900/2050/1657 7901/2124/1657
f 7900/2050/1657 7902/2046/3338 7901/2124/1657
f 7901/2124/1657 7902/2046/3338 7903/2123/3339
f 7902/2046/3338 7904/2051/3260 7903/2123/3339
f 7903/2123/3339 7904/2051/3260 7905/2122/1636
f 7904/2051/3260 7906/2052/1635 7905/2122/1636
f 7905/2122/1636 7906/2052/1635 7907/2121/1635
f 7906/2052/1635 7908/2053/3340 7907/2121/1635
f 7907/2121/1635 7908/2053/3340 7909/2120/3341
f 7908/2053/3340 7910/2047/1637 7909/2120/3341
f 7909/2120/3341 7910/2047/1637 7911/2119/1637
f 7910/2047/1637 7912/2049/3263 7911/2119/1637
f 7911/2119/1637 7912/2049/3263 7913/2118/3262
f 7912/2049/3263 7914/2048/3342 7913/2118/3262
f 7913/2118/3262 7914/2048/3342 7915/2117/3343
f 7914/2048/3342 7916/2054/1640 7915/2117/3343
f 7915/2117/3343 7916/2054/1640 7917/2116/1640
f 7916/2054/1640 7918/2041/1642 7917/2116/1640
f 7917/2116/1640 7918/2041/1642 7919/2115/1641
f 7918/2041/1642 7920/2042/3344 7919/2115/1641
f 7919/2115/1641 7920/2042/3344 7921/2114/3344
f 7920/2042/3344 7922/2040/3266 7921/2114/3344
f 7921/2114/3344 7922/2040/3266 7923/2113/3265
f 7922/2040/3266 7924/2043/1647 7923/2113/3265
f 7923/2113/3265 7924/2043/1647 7892/2112/1647
f 7924/2043/1647 7891/2039/3268 7892/2112/1647
f 7925/2077/2522 7926/2127/3345 7927/2079/1552
f 7926/2127/3345 7928/2129/3346 7927/2079/1552
f 7926/2127/3345 7925/2077/2522 7929/2128/1122
f 7925/2077/2522 7930/2075/3280 7929/2128/1122
f 7929/2128/1122 7930/2075/3280 7931/2144/3294
f 7930/2075/3280 7932/2073/1678 7931/2144/3294
f 7931/2144/3294 7932/2073/1678 7933/2143/3347
f 7932/2073/1678 7934/2071/3348 7933/2143/3347
f 7933/2143/3347 7934/2071/3348 7935/2142/2533
f 7934/2071/3348 7936/2069/3349 7935/2142/2533
f 7935/2142/2533 7936/2069/3349 7937/2141/2532
f 7936/2069/3349 7938/2067/3350 7937/2141/2532
f 7937/2141/2532 7938/2067/3350 7939/2140/2473
f 7938/2067/3350 7940/2065/3351 7939/2140/2473
f 7939/2140/2473 7940/2065/3351 7941/2139/2531
f 7940/2065/3351 7942/2063/1569 7941/2139/2531
f 7941/2139/2531 7942/2063/1569 7943/2138/2530
f 7942/2063/1569 7944/2061/1663 7943/2138/2530
f 7943/2138/2530 7944/2061/1663 7945/2137/2456
f 7944/2061/1663 7946/2059/1662 7945/2137/2456
f 7945/2137/2456 7946/2059/1662 7947/2136/2221
f 7946/2059/1662 7948/2056/1664 7947/2136/2221
f 7947/2136/2221 7948/2056/1664 7949/2135/3352
f 7948/2056/1664 7950/2058/1666 7949/2135/3352
f 7949/2135/3352 7950/2058/1666 7951/2134/2459
f 7950/2058/1666 7952/2089/3353 7951/2134/2459
f 7951/2134/2459 7952/2089/3353 7953/2133/1667
f 7952/2089/3353 7954/2087/3277 7953/2133/1667
f 7953/2133/1667 7954/2087/3277 7955/2132/1668
f 7954/2087/3277 7956/2085/3354 7955/2132/1668
f 7955/2132/1668 7956/2085/3354 7957/2131/1670
f 7956/2085/3354 7958/2083/1585 7957/2131/1670
f 7957/2131/1670 7958/2083/1585 7959/2130/3126
f 7958/2083/1585 7960/2081/3355 7959/2130/3126
f 7959/2130/3126 7960/2081/3355 7928/2129/3346
f 7960/2081/3355 7927/2079/1552 7928/2129/3346
f 7961/1892/2453 7962/1895/2454 7963/1891/2221
f 7962/1895/2454 7964/1896/2456 7963/1891/2221
f 7963/1891/2221 7965/1893/2457 7961/1892/2453
f 7961/1892/2453 7965/1893/2457 7966/1894/3356
f 7965/1893/2457 7967/1904/3286 7966/1894/3356
f 7966/1894/3356 7967/1904/3286 7968/1905/1440
f 7967/1904/3286 7969/1906/1439 7968/1905/1440
f 7968/1905/1440 7969/1906/1439 7970/1907/1442
f 7969/1906/1439 7971/1908/1441 7970/1907/1442
f 7970/1907/1442 7971/1908/1441 7972/1909/2460
f 7971/1908/1441 7973/1910/1443 7972/1909/2460
f 7972/1909/2460 7973/1910/1443 7974/1911/3117
f 7973/1910/1443 7975/1912/1445 7974/1911/3117
f 7974/1911/3117 7975/1912/1445 7976/1913/3357
f 7975/1912/1445 7977/1914/3358 7976/1913/3357
f 7976/1913/3357 7977/1914/3358 7978/1915/1450
f 7977/1914/3358 7979/1916/1449 7978/1915/1450
f 7978/1915/1450 7979/1916/1449 7980/1917/2463
f 7979/1916/1449 7981/1918/1451 7980/1917/2463
f 7980/1917/2463 7981/1918/1451 7982/1919/1454
f 7981/1918/1451 7983/1920/1453 7982/1919/1454
f 7982/1919/1454 7983/1920/1453 7984/1921/1520
f 7983/1920/1453 7985/1922/1455 7984/1921/1520
f 7984/1921/1520 7985/1922/1455 7986/1923/2468
f 7985/1922/1455 7987/1924/2469 7986/1923/2468
f 7986/1923/2468 7987/1924/2469 7988/1925/2470
f 7987/1924/2469 7989/1926/2471 7988/1925/2470
f 7988/1925/2470 7989/1926/2471 7990/1927/2472
f 7989/1926/2471 7991/1928/2473 7990/1927/2472
f 7992/1903/2472 7993/1902/2473 7994/1901/2474
f 7993/1902/2473 7995/1900/2475 7994/1901/2474
f 7994/1901/2474 7995/1900/2475 7996/1899/2476
f 7995/1900/2475 7997/1898/3288 7996/1899/2476
f 7996/1899/2476 7997/1898/3288 7998/1897/2478
f 7997/1898/3288 7964/1896/2456 7998/1897/2478
f 7998/1897/2478 7964/1896/2456 7962/1895/2454
f 7999/2019/2221 8001/2018/3359 8000/1984/3360
f 8000/1984/3360 8001/2018/3359 8002/2587/190
f 8001/2018/3359 8003/2016/3361 8002/2587/190
f 8002/2587/190 8003/2016/3361 8004/2014/3362
f 8003/2016/3361 8005/2022/2530 8004/2014/3362
f 8005/2022/2530 8006/2023/2531 8004/2014/3362
f 8004/2014/3362 8006/2023/2531 8007/2012/3363
f 8006/2023/2531 8008/2024/2473 8007/2012/3363
f 8007/2012/3363 8008/2024/2473 8009/2010/3364
f 8008/2024/2473 8010/2025/2532 8009/2010/3364
f 8009/2010/3364 8010/2025/2532 8011/2008/3365
f 8010/2025/2532 8012/2026/2533 8011/2008/3365
f 8012/2026/2533 8013/2006/2524 8011/2008/3365
f 8013/2006/2524 8002/2587/190 8011/2008/3365
f 8011/2008/3365 8002/2587/190 8009/2010/3364
f 8009/2010/3364 8002/2587/190 8007/2012/3363
f 8002/2587/190 8004/2014/3362 8007/2012/3363
f 8005/2022/2530 8003/2016/3361 8014/2021/3135
f 8003/2016/3361 8001/2018/3359 8014/2021/3135
f 8014/2021/3135 8001/2018/3359 7999/2019/2221
f 8012/2026/2533 8015/2027/3144 8013/2006/2524
f 8013/2006/2524 8015/2027/3144 8016/2004/3366
f 8015/2027/3144 8017/2028/1453 8016/2004/3366
f 8016/2004/3366 8017/2028/1453 8018/2002/3367
f 8017/2028/1453 8019/2029/1451 8018/2002/3367
f 8018/2002/3367 8019/2029/1451 8020/2000/3368
f 8019/2029/1451 8021/2030/1674 8020/2000/3368
f 8020/2000/3368 8021/2030/1674 8022/1998/3122
f 8021/2030/1674 8023/2031/1672 8022/1998/3122
f 8022/1998/3122 8023/2031/1672 8024/1996/3369
f 8023/2031/1672 8025/2032/1671 8024/1996/3369
f 8024/1996/3369 8025/2032/1671 8026/1994/3370
f 8025/2032/1671 8027/2033/1670 8026/1994/3370
f 8027/2033/1670 8028/1992/3127 8026/1994/3370
f 8028/1992/3127 8002/2587/190 8026/1994/3370
f 8026/1994/3370 8002/2587/190 8024/1996/3369
f 8024/1996/3369 8002/2587/190 8022/1998/3122
f 8022/1998/3122 8002/2587/190 8020/2000/3368
f 8020/2000/3368 8002/2587/190 8018/2002/3367
f 8018/2002/3367 8002/2587/190 8016/2004/3366
f 8002/2587/190 8013/2006/2524 8016/2004/3366
f 8027/2033/1670 8029/2034/1668 8028/1992/3127
f 8029/2034/1668 8030/1990/3371 8028/1992/3127
f 8028/1992/3127 8030/1990/3371 8002/2587/190
f 8030/1990/3371 8031/1988/3372 8002/2587/190
f 8002/2587/190 8031/1988/3372 8032/1986/3373
f 8031/1988/3372 8033/2036/3374 8032/1986/3373
f 8033/2036/3374 8034/2020/2457 8032/1986/3373
f 8032/1986/3373 8034/2020/2457 8000/1984/3360
f 8034/2020/2457 7999/2019/2221 8000/1984/3360
f 8029/2034/1668 8035/2035/1667 8030/1990/3371
f 8030/1990/3371 8035/2035/1667 8031/1988/3372
f 8035/2035/1667 8033/2036/3374 8031/1988/3372
f 8000/1984/3360 8002/2587/190 8032/1986/3373
s 0
f 8036/2042/195 8038/2041/195 8037/2040/195
f 8037/2040/195 8038/2041/195 8042/2038/195
f 8038/2041/195 8046/2046/195 8042/2038/195
f 8039/2038/195 8045/2046/195 8048/2045/195
f 8044/2046/195 8050/2050/195 8047/2045/195
f 8051/2043/195 8037/2040/195 8053/2039/195
f 8037/2040/195 8042/2038/195 8053/2039/195
f 8052/2039/195 8041/2038/195 8054/2037/195
f 8049/2045/195 8055/2044/195 8040/2038/195
f 8056/2054/195 8057/2048/195 8038/2041/195
f 8057/2048/195 8060/2047/195 8038/2041/195
f 8038/2041/195 8060/2047/195 8046/2046/195
f 8060/2047/195 8062/2052/195 8046/2046/195
f 8043/2046/195 8061/2052/195 8063/2051/195
f 8058/2048/195 8064/2049/195 8059/2047/195
f 8060/2047/195 8065/2053/195 8062/2052/195
s 1
f 8066/2059/2562 8068/2055/3150 8067/2056/3152
f 8068/2055/3150 8069/2057/2564 8067/2056/3152
f 8067/2056/3152 8069/2057/2564 8070/2058/2565
f 8069/2057/2564 8071/2090/3375 8070/2058/2565
f 8070/2058/2565 8071/2090/3375 8072/2089/2567
f 8071/2090/3375 8073/2088/3376 8072/2089/2567
f 8072/2089/2567 8073/2088/3376 8074/2087/1501
f 8073/2088/3376 8075/2086/3377 8074/2087/1501
f 8074/2087/1501 8075/2086/3377 8076/2085/2570
f 8075/2086/3377 8077/2084/3378 8076/2085/2570
f 8076/2085/2570 8077/2084/3378 8078/2083/2572
f 8077/2084/3378 8079/2082/2573 8078/2083/2572
f 8078/2083/2572 8079/2082/2573 8080/2081/2574
f 8079/2082/2573 8081/2080/3379 8080/2081/2574
f 8080/2081/2574 8081/2080/3379 8082/2079/1497
f 8081/2080/3379 8083/2078/2576 8082/2079/1497
f 8082/2079/1497 8083/2078/2576 8084/2077/1514
f 8083/2078/2576 8085/2076/3380 8084/2077/1514
f 8084/2077/1514 8085/2076/3380 8086/2075/1513
f 8085/2076/3380 8087/2074/2579 8086/2075/1513
f 8086/2075/1513 8087/2074/2579 8088/2073/2580
f 8087/2074/2579 8089/2072/3381 8088/2073/2580
f 8088/2073/2580 8089/2072/3381 8090/2071/2582
f 8089/2072/3381 8091/2070/2583 8090/2071/2582
f 8090/2071/2582 8091/2070/2583 8092/2069/2584
f 8091/2070/2583 8093/2068/3382 8092/2069/2584
f 8092/2069/2584 8093/2068/3382 8094/2067/3383
f 8093/2068/3382 8095/2066/3384 8094/2067/3383
f 8094/2067/3383 8095/2066/3384 8096/2065/2588
f 8095/2066/3384 8097/2064/2589 8096/2065/2588
f 8096/2065/2588 8097/2064/2589 8098/2063/2590
f 8097/2064/2589 8099/2062/2591 8098/2063/2590
f 8098/2063/2590 8099/2062/2591 8100/2061/2592
f 8099/2062/2591 8101/2060/2593 8100/2061/2592
f 8100/2061/2592 8101/2060/2593 8066/2059/2562
f 8066/2059/2562 8101/2060/2593 8068/2055/3150
f 8101/2060/2593 8102/2107/3159 8068/2055/3150
f 8068/2055/3150 8102/2107/3159 8103/2108/3158
f 8102/2107/3159 8101/2060/2593 8104/2106/3160
f 8101/2060/2593 8099/2062/2591 8104/2106/3160
f 8104/2106/3160 8099/2062/2591 8105/2105/3385
f 8099/2062/2591 8097/2064/2589 8105/2105/3385
f 8105/2105/3385 8097/2064/2589 8106/2104/3161
f 8097/2064/2589 8095/2066/3384 8106/2104/3161
f 8106/2104/3161 8095/2066/3384 8107/2103/3162
f 8095/2066/3384 8093/2068/3382 8107/2103/3162
f 8107/2103/3162 8093/2068/3382 8108/2102/2600
f 8093/2068/3382 8091/2070/2583 8108/2102/2600
f 8108/2102/2600 8091/2070/2583 8109/2101/3386
f 8091/2070/2583 8089/2072/3381 8109/2101/3386
f 8109/2101/3386 8089/2072/3381 8110/2100/3163
f 8089/2072/3381 8087/2074/2579 8110/2100/3163
f 8110/2100/3163 8087/2074/2579 8111/2099/2603
f 8087/2074/2579 8085/2076/3380 8111/2099/2603
f 8111/2099/2603 8085/2076/3380 8112/2098/3387
f 8085/2076/3380 8083/2078/2576 8112/2098/3387
f 8112/2098/3387 8083/2078/2576 8113/2097/3388
f 8083/2078/2576 8081/2080/3379 8113/2097/3388
f 8113/2097/3388 8081/2080/3379 8114/2096/3154
f 8081/2080/3379 8079/2082/2573 8114/2096/3154
f 8114/2096/3154 8079/2082/2573 8115/2095/2607
f 8079/2082/2573 8077/2084/3378 8115/2095/2607
f 8115/2095/2607 8077/2084/3378 8116/2094/2608
f 8077/2084/3378 8075/2086/3377 8116/2094/2608
f 8116/2094/2608 8075/2086/3377 8117/2093/2609
f 8075/2086/3377 8073/2088/3376 8117/2093/2609
f 8117/2093/2609 8073/2088/3376 8118/2092/3389
f 8073/2088/3376 8071/2090/3375 8118/2092/3389
f 8118/2092/3389 8071/2090/3375 8119/2091/3157
f 8071/2090/3375 8069/2057/2564 8119/2091/3157
f 8119/2091/3157 8069/2057/2564 8103/2108/3158
f 8069/2057/2564 8068/2055/3150 8103/2108/3158
f 8120/2109/2616 8121/2107/3390 8122/2111/3391
f 8121/2107/3390 8123/2106/2642 8122/2111/3391
f 8121/2107/3390 8120/2109/2616 8124/2108/2616
f 8120/2109/2616 8125/2110/2618 8124/2108/2616
f 8124/2108/2616 8125/2110/2618 8126/2091/2617
f 8125/2110/2618 8127/2126/2619 8126/2091/2617
f 8126/2091/2617 8127/2126/2619 8128/2092/3392
f 8127/2126/2619 8129/2125/2622 8128/2092/3392
f 8128/2092/3392 8129/2125/2622 8130/2093/2622
f 8129/2125/2622 8131/2124/3175 8130/2093/2622
f 8130/2093/2622 8131/2124/3175 8132/2094/3175
f 8131/2124/3175 8133/2123/2625 8132/2094/3175
f 8132/2094/3175 8133/2123/2625 8134/2095/2625
f 8133/2123/2625 8135/2122/2627 8134/2095/2625
f 8134/2095/2625 8135/2122/2627 8136/2096/2627
f 8135/2122/2627 8137/2121/3393 8136/2096/2627
f 8136/2096/2627 8137/2121/3393 8138/2097/2629
f 8137/2121/3393 8139/2120/3168 8138/2097/2629
f 8138/2097/2629 8139/2120/3168 8140/2098/3168
f 8139/2120/3168 8141/2119/2632 8140/2098/3168
f 8140/2098/3168 8141/2119/2632 8142/2099/2631
f 8141/2119/2632 8143/2118/2633 8142/2099/2631
f 8142/2099/2631 8143/2118/2633 8144/2100/2633
f 8143/2118/2633 8145/2117/3394 8144/2100/2633
f 8144/2100/2633 8145/2117/3394 8146/2101/3170
f 8145/2117/3394 8147/2116/2635 8146/2101/3170
f 8146/2101/3170 8147/2116/2635 8148/2102/3395
f 8147/2116/2635 8149/2115/2637 8148/2102/3395
f 8148/2102/3395 8149/2115/2637 8150/2103/2637
f 8149/2115/2637 8151/2114/2639 8150/2103/2637
f 8150/2103/2637 8151/2114/2639 8152/2104/2639
f 8151/2114/2639 8153/2113/3172 8152/2104/2639
f 8152/2104/2639 8153/2113/3172 8154/2105/3172
f 8153/2113/3172 8155/2112/2642 8154/2105/3172
f 8154/2105/3172 8155/2112/2642 8123/2106/2642
f 8155/2112/2642 8122/2111/3391 8123/2106/2642
f 8156/2037/2643 8157/2111/3187 8158/2039/2644
f 8157/2111/3187 8159/2112/2672 8158/2039/2644
f 8157/2111/3187 8156/2037/2643 8160/2109/3396
f 8156/2037/2643 8161/2038/3191 8160/2109/3396
f 8160/2109/3396 8161/2038/3191 8162/2110/3397
f 8161/2038/3191 8163/2044/3398 8162/2110/3397
f 8162/2110/3397 8163/2044/3398 8164/2126/3192
f 8163/2044/3398 8165/2045/3193 8164/2126/3192
f 8164/2126/3192 8165/2045/3193 8166/2125/3193
f 8165/2045/3193 8167/2050/3399 8166/2125/3193
f 8166/2125/3193 8167/2050/3399 8168/2124/2652
f 8167/2050/3399 8169/2046/3194 8168/2124/2652
f 8168/2124/2652 8169/2046/3194 8170/2123/2654
f 8169/2046/3194 8171/2051/3400 8170/2123/2654
f 8170/2123/2654 8171/2051/3400 8172/2122/3400
f 8171/2051/3400 8173/2052/2657 8172/2122/3400
f 8172/2122/3400 8173/2052/2657 8174/2121/3401
f 8173/2052/2657 8175/2053/2659 8174/2121/3401
f 8174/2121/3401 8175/2053/2659 8176/2120/3402
f 8175/2053/2659 8177/2047/2661 8176/2120/3402
f 8176/2120/3402 8177/2047/2661 8178/2119/2661
f 8177/2047/2661 8179/2049/2663 8178/2119/2661
f 8178/2119/2661 8179/2049/2663 8180/2118/2663
f 8179/2049/2663 8181/2048/2664 8180/2118/2663
f 8180/2118/2663 8181/2048/2664 8182/2117/3181
f 8181/2048/2664 8183/2054/2666 8182/2117/3181
f 8182/2117/3181 8183/2054/2666 8184/2116/2665
f 8183/2054/2666 8185/2041/2667 8184/2116/2665
f 8184/2116/2665 8185/2041/2667 8186/2115/2667
f 8185/2041/2667 8187/2042/2669 8186/2115/2667
f 8186/2115/2667 8187/2042/2669 8188/2114/2669
f 8187/2042/2669 8189/2040/3403 8188/2114/2669
f 8188/2114/2669 8189/2040/3403 8190/2113/3185
f 8189/2040/3403 8191/2043/3404 8190/2113/3185
f 8190/2113/3185 8191/2043/3404 8159/2112/2672
f 8191/2043/3404 8158/2039/2644 8159/2112/2672
f 8192/2077/1514 8193/2127/3405 8194/2079/1497
f 8193/2127/3405 8195/2129/2458 8194/2079/1497
f 8193/2127/3405 8192/2077/1514 8196/2128/2675
f 8192/2077/1514 8197/2075/3406 8196/2128/2675
f 8196/2128/2675 8197/2075/3406 8198/2144/2676
f 8197/2075/3406 8199/2073/3199 8198/2144/2676
f 8198/2144/2676 8199/2073/3199 8200/2143/2476
f 8199/2073/3199 8201/2071/2677 8200/2143/2476
f 8200/2143/2476 8201/2071/2677 8202/2142/3300
f 8201/2071/2677 8203/2069/2678 8202/2142/3300
f 8202/2142/3300 8203/2069/2678 8204/2141/2472
f 8203/2069/2678 8205/2067/3407 8204/2141/2472
f 8204/2141/2472 8205/2067/3407 8206/2140/2680
f 8205/2067/3407 8207/2065/2588 8206/2140/2680
f 8206/2140/2680 8207/2065/2588 8208/2139/2682
f 8207/2065/2588 8209/2063/2683 8208/2139/2682
f 8208/2139/2682 8209/2063/2683 8210/2138/1520
f 8209/2063/2683 8211/2061/2592 8210/2138/1520
f 8210/2138/1520 8211/2061/2592 8212/2137/1521
f 8211/2061/2592 8213/2059/2562 8212/2137/1521
f 8212/2137/1521 8213/2059/2562 8214/2136/1452
f 8213/2059/2562 8215/2056/2685 8214/2136/1452
f 8214/2136/1452 8215/2056/2685 8216/2135/2686
f 8215/2056/2685 8217/2058/2687 8216/2135/2686
f 8216/2135/2686 8217/2058/2687 8218/2134/1448
f 8217/2058/2687 8219/2089/2689 8218/2134/1448
f 8218/2134/1448 8219/2089/2689 8220/2133/3408
f 8219/2089/2689 8221/2087/2690 8220/2133/3408
f 8220/2133/3408 8221/2087/2690 8222/2132/2691
f 8221/2087/2690 8223/2085/2692 8222/2132/2691
f 8222/2132/2691 8223/2085/2692 8224/2131/2693
f 8223/2085/2692 8225/2083/2694 8224/2131/2693
f 8224/2131/2693 8225/2083/2694 8226/2130/1526
f 8225/2083/2694 8227/2081/2695 8226/2130/1526
f 8226/2130/1526 8227/2081/2695 8195/2129/2458
f 8227/2081/2695 8194/2079/1497 8195/2129/2458
f 8228/1891/1451 8229/1892/3111 8230/1893/1449
f 8229/1892/3111 8231/1894/3112 8230/1893/1449
f 8229/1892/3111 8228/1891/1451 8232/1895/2207
f 8228/1891/1451 8233/1896/1453 8232/1895/2207
f 8232/1895/2207 8233/1896/1453 8234/1897/3113
f 8233/1896/1453 8235/1898/1455 8234/1897/3113
f 8234/1897/3113 8235/1898/1455 8236/1899/3115
f 8235/1898/1455 8237/1900/1457 8236/1899/3115
f 8236/1899/3115 8237/1900/1457 8238/1901/1458
f 8237/1900/1457 8239/1902/1681 8238/1901/1458
f 8238/1901/1458 8239/1902/1681 8240/1903/1518
f 8230/1893/1449 8231/1894/3112 8241/1904/1447
f 8231/1894/3112 8242/1905/1446 8241/1904/1447
f 8241/1904/1447 8242/1905/1446 8243/1906/1445
f 8242/1905/1446 8244/1907/1444 8243/1906/1445
f 8243/1906/1445 8244/1907/1444 8245/1908/1443
f 8244/1907/1444 8246/1909/1442 8245/1908/1443
f 8245/1908/1443 8246/1909/1442 8247/1910/1441
f 8246/1909/1442 8248/1911/1440 8247/1910/1441
f 8247/1910/1441 8248/1911/1440 8249/1912/1439
f 8248/1911/1440 8250/1913/1438 8249/1912/1439
f 8249/1912/1439 8250/1913/1438 8251/1914/3409
f 8250/1913/1438 8252/1915/1427 8251/1914/3409
f 8251/1914/3409 8252/1915/1427 8253/1916/2457
f 8252/1915/1427 8254/1917/1116 8253/1916/2457
f 8253/1916/2457 8254/1917/1116 8255/1918/2221
f 8254/1917/1116 8256/1919/1430 8255/1918/2221
f 8255/1918/2221 8256/1919/1430 8257/1920/2456
f 8256/1919/1430 8258/1921/1432 8257/1920/2456
f 8257/1920/2456 8258/1921/1432 8259/1922/3288
f 8258/1921/1432 8260/1923/1434 8259/1922/3288
f 8259/1922/3288 8260/1923/1434 8261/1924/1435
f 8260/1923/1434 8262/1925/3120 8261/1924/1435
f 8261/1924/1435 8262/1925/3120 8263/1926/3121
f 8262/1925/3120 8264/1927/1518 8263/1926/3121
f 8263/1926/3121 8264/1927/1518 8265/1928/1681
f 8266/2019/1451 8268/1984/3410 8267/2018/3411
f 8267/2018/3411 8268/1984/3410 8269/2587/190
f 8268/1984/3410 8270/1986/3412 8269/2587/190
f 8269/2587/190 8270/1986/3412 8271/1988/3413
f 8270/1986/3412 8272/2036/2462 8271/1988/3413
f 8272/2036/2462 8273/2035/3279 8271/1988/3413
f 8271/1988/3413 8273/2035/3279 8274/1990/3414
f 8273/2035/3279 8275/2034/1670 8274/1990/3414
f 8274/1990/3414 8275/2034/1670 8276/1992/3128
f 8275/2034/1670 8277/2033/1668 8276/1992/3128
f 8276/1992/3128 8277/2033/1668 8278/1994/3415
f 8277/2033/1668 8279/2032/1667 8278/1994/3415
f 8279/2032/1667 8280/1996/3416 8278/1994/3415
f 8280/1996/3416 8269/2587/190 8278/1994/3415
f 8278/1994/3415 8269/2587/190 8276/1992/3128
f 8276/1992/3128 8269/2587/190 8274/1990/3414
f 8269/2587/190 8271/1988/3413 8274/1990/3414
f 8272/2036/2462 8270/1986/3412 8281/2020/3131
f 8270/1986/3412 8268/1984/3410 8281/2020/3131
f 8281/2020/3131 8268/1984/3410 8266/2019/1451
f 8279/2032/1667 8282/2031/3374 8280/1996/3416
f 8280/1996/3416 8282/2031/3374 8283/1998/3417
f 8282/2031/3374 8284/2030/2457 8283/1998/3417
f 8283/1998/3417 8284/2030/2457 8285/2000/3418
f 8284/2030/2457 8286/2029/2221 8285/2000/3418
f 8285/2000/3418 8286/2029/2221 8287/2002/3419
f 8286/2029/2221 8288/2028/2529 8287/2002/3419
f 8287/2002/3419 8288/2028/2529 8289/2004/3420
f 8288/2028/2529 8290/2027/2530 8289/2004/3420
f 8289/2004/3420 8290/2027/2530 8291/2006/3421
f 8290/2027/2530 8292/2026/3282 8291/2006/3421
f 8291/2006/3421 8292/2026/3282 8293/2008/3422
f 8292/2026/3282 8294/2025/1437 8293/2008/3422
f 8294/2025/1437 8295/2010/3139 8293/2008/3422
f 8295/2010/3139 8269/2587/190 8293/2008/3422
f 8293/2008/3422 8269/2587/190 8291/2006/3421
f 8291/2006/3421 8269/2587/190 8289/2004/3420
f 8289/2004/3420 8269/2587/190 8287/2002/3419
f 8287/2002/3419 8269/2587/190 8285/2000/3418
f 8285/2000/3418 8269/2587/190 8283/1998/3417
f 8269/2587/190 8280/1996/3416 8283/1998/3417
f 8294/2025/1437 8296/2024/1681 8295/2010/3139
f 8296/2024/1681 8297/2012/3141 8295/2010/3139
f 8295/2010/3139 8297/2012/3141 8269/2587/190
f 8297/2012/3141 8298/2014/3423 8269/2587/190
f 8269/2587/190 8298/2014/3423 8299/2016/3424
f 8298/2014/3423 8300/2022/3144 8299/2016/3424
f 8300/2022/3144 8301/2021/3425 8299/2016/3424
f 8299/2016/3424 8301/2021/3425 8267/2018/3411
f 8301/2021/3425 8266/2019/1451 8267/2018/3411
f 8296/2024/1681 8302/2023/1679 8297/2012/3141
f 8297/2012/3141 8302/2023/1679 8298/2014/3423
f 8302/2023/1679 8300/2022/3144 8298/2014/3423
f 8299/2016/3424 8267/2018/3411 8269/2587/190
s 0
f 8303/2037/195 8308/2038/195 8304/2039/195
f 8304/2039/195 8308/2038/195 8309/2040/195
f 8308/2038/195 8314/2041/195 8309/2040/195
f 8310/2040/195 8316/2041/195 8317/2042/195
f 8318/2043/195 8304/2039/195 8309/2040/195
f 8319/2044/195 8322/2045/195 8307/2038/195
f 8321/2045/195 8326/2046/195 8305/2038/195
f 8306/2038/195 8327/2046/195 8313/2041/195
f 8325/2046/195 8329/2047/195 8312/2041/195
f 8311/2041/195 8328/2047/195 8332/2048/195
f 8330/2047/195 8335/2049/195 8333/2048/195
f 8320/2045/195 8336/2050/195 8323/2046/195
f 8337/2051/195 8338/2052/195 8324/2046/195
f 8324/2046/195 8338/2052/195 8331/2047/195
f 8338/2052/195 8339/2053/195 8331/2047/195
f 8334/2048/195 8340/2054/195 8315/2041/195
s 1
f 8341/2055/3426 8343/2056/1497 8342/2057/2576
f 8342/2057/2576 8343/2056/1497 8344/2058/2574
f 8343/2056/1497 8341/2055/3426 8345/2059/1514
f 8341/2055/3426 8346/2060/2579 8345/2059/1514
f 8345/2059/1514 8346/2060/2579 8347/2061/2578
f 8346/2060/2579 8348/2062/3147 8347/2061/2578
f 8347/2061/2578 8348/2062/3147 8349/2063/2580
f 8348/2062/3147 8350/2064/2583 8349/2063/2580
f 8349/2063/2580 8350/2064/2583 8351/2065/1511
f 8350/2064/2583 8352/2066/3382 8351/2065/1511
f 8351/2065/1511 8352/2066/3382 8353/2067/3427
f 8352/2066/3382 8354/2068/2587 8353/2067/3427
f 8353/2067/3427 8354/2068/2587 8355/2069/1509
f 8354/2068/2587 8356/2070/3428 8355/2069/1509
f 8355/2069/1509 8356/2070/3428 8357/2071/3149
f 8356/2070/3428 8358/2072/2591 8357/2071/3149
f 8357/2071/3149 8358/2072/2591 8359/2073/2590
f 8358/2072/2591 8360/2074/2593 8359/2073/2590
f 8359/2073/2590 8360/2074/2593 8361/2075/2592
f 8360/2074/2593 8362/2076/3150 8361/2075/2592
f 8361/2075/2592 8362/2076/3150 8363/2077/1505
f 8362/2076/3150 8364/2078/2564 8363/2077/1505
f 8363/2077/1505 8364/2078/2564 8365/2079/3152
f 8364/2078/2564 8366/2080/3375 8365/2079/3152
f 8365/2079/3152 8366/2080/3375 8367/2081/2565
f 8366/2080/3375 8368/2082/2568 8367/2081/2565
f 8367/2081/2565 8368/2082/2568 8369/2083/2567
f 8368/2082/2568 8370/2084/2569 8369/2083/2567
f 8369/2083/2567 8370/2084/2569 8371/2085/1501
f 8370/2084/2569 8372/2086/2571 8371/2085/1501
f 8371/2085/1501 8372/2086/2571 8373/2087/2570
f 8372/2086/2571 8374/2088/2573 8373/2087/2570
f 8373/2087/2570 8374/2088/2573 8375/2089/2572
f 8374/2088/2573 8376/2090/3429 8375/2089/2572
f 8375/2089/2572 8376/2090/3429 8344/2058/2574
f 8344/2058/2574 8376/2090/3429 8342/2057/2576
f 8342/2057/2576 8376/2090/3429 8377/2091/2606
f 8377/2091/2606 8376/2090/3429 8378/2092/2607
f 8376/2090/3429 8374/2088/2573 8378/2092/2607
f 8378/2092/2607 8374/2088/2573 8379/2093/2608
f 8374/2088/2573 8372/2086/2571 8379/2093/2608
f 8379/2093/2608 8372/2086/2571 8380/2094/2609
f 8372/2086/2571 8370/2084/2569 8380/2094/2609
f 8380/2094/2609 8370/2084/2569 8381/2095/3156
f 8370/2084/2569 8368/2082/2568 8381/2095/3156
f 8381/2095/3156 8368/2082/2568 8382/2096/2611
f 8368/2082/2568 8366/2080/3375 8382/2096/2611
f 8382/2096/2611 8366/2080/3375 8383/2097/2595
f 8366/2080/3375 8364/2078/2564 8383/2097/2595
f 8383/2097/2595 8364/2078/2564 8384/2098/3159
f 8364/2078/2564 8362/2076/3150 8384/2098/3159
f 8384/2098/3159 8362/2076/3150 8385/2099/3430
f 8362/2076/3150 8360/2074/2593 8385/2099/3430
f 8385/2099/3430 8360/2074/2593 8386/2100/3431
f 8360/2074/2593 8358/2072/2591 8386/2100/3431
f 8386/2100/3431 8358/2072/2591 8387/2101/2598
f 8358/2072/2591 8356/2070/3428 8387/2101/2598
f 8387/2101/2598 8356/2070/3428 8388/2102/3432
f 8356/2070/3428 8354/2068/2587 8388/2102/3432
f 8388/2102/3432 8354/2068/2587 8389/2103/2600
f 8354/2068/2587 8352/2066/3382 8389/2103/2600
f 8389/2103/2600 8352/2066/3382 8390/2104/3386
f 8352/2066/3382 8350/2064/2583 8390/2104/3386
f 8390/2104/3386 8350/2064/2583 8391/2105/3163
f 8350/2064/2583 8348/2062/3147 8391/2105/3163
f 8391/2105/3163 8348/2062/3147 8392/2106/2603
f 8348/2062/3147 8346/2060/2579 8392/2106/2603
f 8392/2106/2603 8346/2060/2579 8393/2107/3165
f 8346/2060/2579 8341/2055/3426 8393/2107/3165
f 8393/2107/3165 8341/2055/3426 8394/2108/3433
f 8341/2055/3426 8342/2057/2576 8394/2108/3433
f 8394/2108/3433 8342/2057/2576 8377/2091/2606
f 8395/2107/3167 8397/2108/2629 8396/2109/2629
f 8396/2109/2629 8397/2108/2629 8398/2110/2627
f 8396/2109/2629 8399/2111/2630 8395/2107/3167
f 8395/2107/3167 8399/2111/2630 8400/2106/2632
f 8399/2111/2630 8401/2112/2631 8400/2106/2632
f 8400/2106/2632 8401/2112/2631 8402/2105/2633
f 8401/2112/2631 8403/2113/2633 8402/2105/2633
f 8402/2105/2633 8403/2113/2633 8404/2104/2634
f 8403/2113/2633 8405/2114/3170 8404/2104/2634
f 8404/2104/2634 8405/2114/3170 8406/2103/2635
f 8405/2114/3170 8407/2115/3171 8406/2103/2635
f 8406/2103/2635 8407/2115/3171 8408/2102/2637
f 8407/2115/3171 8409/2116/2636 8408/2102/2637
f 8408/2102/2637 8409/2116/2636 8410/2101/2638
f 8409/2116/2636 8411/2117/3434 8410/2101/2638
f 8410/2101/2638 8411/2117/3434 8412/2100/2640
f 8411/2117/3434 8413/2118/2641 8412/2100/2640
f 8412/2100/2640 8413/2118/2641 8414/2099/2615
f 8413/2118/2641 8415/2119/2615 8414/2099/2615
f 8414/2099/2615 8415/2119/2615 8416/2098/2614
f 8415/2119/2615 8417/2120/2614 8416/2098/2614
f 8416/2098/2614 8417/2120/2614 8418/2097/2616
f 8417/2120/2614 8419/2121/2616 8418/2097/2616
f 8418/2097/2616 8419/2121/2616 8420/2096/2618
f 8419/2121/2616 8421/2122/2617 8420/2096/2618
f 8420/2096/2618 8421/2122/2617 8422/2095/2619
f 8421/2122/2617 8423/2123/3174 8422/2095/2619
f 8422/2095/2619 8423/2123/3174 8424/2094/2622
f 8423/2123/3174 8425/2124/2621 8424/2094/2622
f 8424/2094/2622 8425/2124/2621 8426/2093/3175
f 8425/2124/2621 8427/2125/3435 8426/2093/3175
f 8426/2093/3175 8427/2125/3435 8428/2092/2626
f 8427/2125/3435 8429/2126/2625 8428/2092/2626
f 8428/2092/2626 8429/2126/2625 8430/2091/3436
f 8429/2126/2625 8398/2110/2627 8430/2091/3436
f 8430/2091/3436 8398/2110/2627 8397/2108/2629
f 8431/2111/3176 8433/2109/2657 8432/2037/2657
f 8432/2037/2657 8433/2109/2657 8434/2038/2656
f 8432/2037/2657 8435/2039/3437 8431/2111/3176
f 8431/2111/3176 8435/2039/3437 8436/2112/2661
f 8435/2039/3437 8437/2043/2661 8436/2112/2661
f 8436/2112/2661 8437/2043/2661 8438/2113/2662
f 8437/2043/2661 8439/2040/2663 8438/2113/2662
f 8438/2113/2662 8439/2040/2663 8440/2114/3182
f 8439/2040/2663 8441/2042/3182 8440/2114/3182
f 8440/2114/3182 8441/2042/3182 8442/2115/3438
f 8441/2042/3182 8443/2041/2665 8442/2115/3438
f 8442/2115/3438 8443/2041/2665 8444/2116/2667
f 8443/2041/2665 8445/2054/2667 8444/2116/2667
f 8444/2116/2667 8445/2054/2667 8446/2117/2669
f 8445/2054/2667 8447/2048/2669 8446/2117/2669
f 8446/2117/2669 8447/2048/2669 8448/2118/3403
f 8447/2048/2669 8449/2049/3184 8448/2118/3403
f 8448/2118/3403 8449/2049/3184 8450/2119/2672
f 8449/2049/3184 8451/2047/3439 8450/2119/2672
f 8450/2119/2672 8451/2047/3439 8452/2120/3187
f 8451/2047/3439 8453/2053/3187 8452/2120/3187
f 8452/2120/3187 8453/2053/3187 8454/2121/3189
f 8453/2053/3187 8455/2052/3440 8454/2121/3189
f 8454/2121/3189 8455/2052/3440 8456/2122/3441
f 8455/2052/3440 8457/2051/3442 8456/2122/3441
f 8456/2122/3441 8457/2051/3442 8458/2123/2649
f 8457/2051/3442 8459/2046/2649 8458/2123/2649
f 8458/2123/2649 8459/2046/2649 8460/2124/3193
f 8459/2046/2649 8461/2050/3193 8460/2124/3193
f 8460/2124/3193 8461/2050/3193 8462/2125/3443
f 8461/2050/3193 8463/2045/3443 8462/2125/3443
f 8462/2125/3443 8463/2045/3443 8464/2126/2654
f 8463/2045/3443 8465/2044/2654 8464/2126/2654
f 8464/2126/2654 8465/2044/2654 8466/2110/3444
f 8465/2044/2654 8434/2038/2656 8466/2110/3444
f 8466/2110/3444 8434/2038/2656 8433/2109/2657
f 8467/2127/3195 8469/2128/2207 8468/2077/3445
f 8468/2077/3445 8469/2128/2207 8470/2075/2592
f 8468/2077/3445 8471/2079/2685 8467/2127/3195
f 8467/2127/3195 8471/2079/2685 8472/2129/3112
f 8471/2079/2685 8473/2081/2687 8472/2129/3112
f 8472/2129/3112 8473/2081/2687 8474/2130/3408
f 8473/2081/2687 8475/2083/2689 8474/2130/3408
f 8474/2130/3408 8475/2083/2689 8476/2131/1524
f 8475/2083/2689 8477/2085/2690 8476/2131/1524
f 8476/2131/1524 8477/2085/2690 8478/2132/1525
f 8477/2085/2690 8479/2087/3197 8478/2132/1525
f 8478/2132/1525 8479/2087/3197 8480/2133/1526
f 8479/2087/3197 8481/2089/2694 8480/2133/1526
f 8480/2133/1526 8481/2089/2694 8482/2134/1438
f 8481/2089/2694 8483/2058/3446 8482/2134/1438
f 8482/2134/1438 8483/2058/3446 8484/2135/1427
f 8483/2058/3446 8485/2056/1497 8484/2135/1427
f 8484/2135/1427 8485/2056/1497 8486/2136/1515
f 8485/2056/1497 8487/2059/2673 8486/2136/1515
f 8486/2136/1515 8487/2059/2673 8488/2137/1430
f 8487/2059/2673 8489/2061/1513 8488/2137/1430
f 8488/2137/1430 8489/2061/1513 8490/2138/1516
f 8489/2061/1513 8491/2063/3199 8490/2138/1516
f 8490/2138/1516 8491/2063/3199 8492/2139/3200
f 8491/2063/3199 8493/2065/1511 8492/2139/3200
f 8492/2139/3200 8493/2065/1511 8494/2140/1436
f 8493/2065/1511 8495/2067/3447 8494/2140/1436
f 8494/2140/1436 8495/2067/3447 8496/2141/1518
f 8495/2067/3447 8497/2069/1509 8496/2141/1518
f 8496/2141/1518 8497/2069/1509 8498/2142/1519
f 8497/2069/1509 8499/2071/3448 8498/2142/1519
f 8498/2142/1519 8499/2071/3448 8500/2143/3449
f 8499/2071/3448 8501/2073/2683 8500/2143/3449
f 8500/2143/3449 8501/2073/2683 8502/2144/3203
f 8501/2073/2683 8470/2075/2592 8502/2144/3203
f 8502/2144/3203 8470/2075/2592 8469/2128/2207
f 8503/1891/1116 8505/1892/1426 8504/1893/1427
f 8504/1893/1427 8505/1892/1426 8506/1894/1665
f 8505/1892/1426 8503/1891/1116 8507/1895/1429
f 8503/1891/1116 8508/1896/1430 8507/1895/1429
f 8507/1895/1429 8508/1896/1430 8509/1897/1431
f 8508/1896/1430 8510/1898/1432 8509/1897/1431
f 8509/1897/1431 8510/1898/1432 8511/1899/1433
f 8510/1898/1432 8512/1900/3204 8511/1899/1433
f 8511/1899/1433 8512/1900/3204 8513/1901/1435
f 8512/1900/3204 8514/1902/1436 8513/1901/1435
f 8513/1901/1435 8514/1902/1436 8515/1903/1437
f 8504/1893/1427 8506/1894/1665 8516/1904/1438
f 8506/1894/1665 8517/1905/1439 8516/1904/1438
f 8516/1904/1438 8517/1905/1439 8518/1906/3450
f 8517/1905/1439 8519/1907/1441 8518/1906/3450
f 8518/1906/3450 8519/1907/1441 8520/1908/1442
f 8519/1907/1441 8521/1909/1443 8520/1908/1442
f 8520/1908/1442 8521/1909/1443 8522/1910/1444
f 8521/1909/1443 8523/1911/1445 8522/1910/1444
f 8522/1910/1444 8523/1911/1445 8524/1912/1446
f 8523/1911/1445 8525/1913/1447 8524/1912/1446
f 8524/1912/1446 8525/1913/1447 8526/1914/1448
f 8525/1913/1447 8527/1915/1449 8526/1914/1448
f 8526/1914/1448 8527/1915/1449 8528/1916/1450
f 8527/1915/1449 8529/1917/1451 8528/1916/1450
f 8528/1916/1450 8529/1917/1451 8530/1918/3218
f 8529/1917/1451 8531/1919/1453 8530/1918/3218
f 8530/1918/3218 8531/1919/1453 8532/1920/1454
f 8531/1919/1453 8533/1921/3114 8532/1920/1454
f 8532/1920/1454 8533/1921/3114 8534/1922/3451
f 8533/1921/3114 8535/1923/1457 8534/1922/3451
f 8534/1922/3451 8535/1923/1457 8536/1924/1458
f 8535/1923/1457 8537/1925/1459 8536/1924/1458
f 8536/1924/1458 8537/1925/1459 8538/1926/1460
f 8537/1925/1459 8539/1927/1437 8538/1926/1460
f 8538/1926/1460 8539/1927/1437 8540/1928/1436
f 8541/2019/1515 8543/1984/3452 8542/2018/3453
f 8542/2018/3453 8543/1984/3452 8544/2587/195
f 8543/1984/3452 8545/1986/3454 8544/2587/195
f 8544/2587/195 8545/1986/3454 8546/1988/3455
f 8545/1986/3454 8547/2036/1438 8546/1988/3455
f 8547/2036/1438 8548/2035/1526 8546/1988/3455
f 8546/1988/3455 8548/2035/1526 8549/1990/3212
f 8548/2035/1526 8550/2034/1525 8549/1990/3212
f 8549/1990/3212 8550/2034/1525 8551/1992/3456
f 8550/2034/1525 8552/2033/1524 8551/1992/3456
f 8551/1992/3456 8552/2033/1524 8553/1994/3457
f 8552/2033/1524 8554/2032/1523 8553/1994/3457
f 8554/2032/1523 8555/1996/3458 8553/1994/3457
f 8555/1996/3458 8544/2587/195 8553/1994/3457
f 8553/1994/3457 8544/2587/195 8551/1992/3456
f 8551/1992/3456 8544/2587/195 8549/1990/3212
f 8544/2587/195 8546/1988/3455 8549/1990/3212
f 8547/2036/1438 8545/1986/3454 8556/2020/1427
f 8545/1986/3454 8543/1984/3452 8556/2020/1427
f 8556/2020/1427 8543/1984/3452 8541/2019/1515
f 8554/2032/1523 8557/2031/1448 8555/1996/3458
f 8555/1996/3458 8557/2031/1448 8558/1998/3216
f 8557/2031/1448 8559/2030/1522 8558/1998/3216
f 8558/1998/3216 8559/2030/1522 8560/2000/3459
f 8559/2030/1522 8561/2029/3218 8560/2000/3459
f 8560/2000/3459 8561/2029/3218 8562/2002/3219
f 8561/2029/3218 8563/2028/1521 8562/2002/3219
f 8562/2002/3219 8563/2028/1521 8564/2004/3460
f 8563/2028/1521 8565/2027/1520 8564/2004/3460
f 8564/2004/3460 8565/2027/1520 8566/2006/1508
f 8565/2027/1520 8567/2026/1519 8566/2006/1508
f 8566/2006/1508 8567/2026/1519 8568/2008/3222
f 8567/2026/1519 8569/2025/1518 8568/2008/3222
f 8569/2025/1518 8570/2010/3461 8568/2008/3222
f 8570/2010/3461 8544/2587/195 8568/2008/3222
f 8568/2008/3222 8544/2587/195 8566/2006/1508
f 8566/2006/1508 8544/2587/195 8564/2004/3460
f 8564/2004/3460 8544/2587/195 8562/2002/3219
f 8562/2002/3219 8544/2587/195 8560/2000/3459
f 8560/2000/3459 8544/2587/195 8558/1998/3216
f 8544/2587/195 8555/1996/3458 8558/1998/3216
f 8569/2025/1518 8571/2024/1436 8570/2010/3461
f 8571/2024/1436 8572/2012/3224 8570/2010/3461
f 8570/2010/3461 8572/2012/3224 8544/2587/195
f 8572/2012/3224 8573/2014/3302 8544/2587/195
f 8544/2587/195 8573/2014/3302 8574/2016/3462
f 8573/2014/3302 8575/2022/1516 8574/2016/3462
f 8575/2022/1516 8576/2021/1430 8574/2016/3462
f 8574/2016/3462 8576/2021/1430 8542/2018/3453
f 8576/2021/1430 8541/2019/1515 8542/2018/3453
f 8571/2024/1436 8577/2023/1517 8572/2012/3224
f 8572/2012/3224 8577/2023/1517 8573/2014/3302
f 8577/2023/1517 8575/2022/1516 8573/2014/3302
f 8574/2016/3462 8542/2018/3453 8544/2587/195
s 0
f 8578/2037/190 8582/2038/190 8580/2039/190
f 8581/2039/190 8583/2038/190 8585/2040/190
f 8583/2038/190 8589/2041/190 8585/2040/190
f 8586/2040/190 8591/2041/190 8592/2042/190
f 8593/2043/190 8579/2039/190 8584/2040/190
f 8594/2044/190 8595/2045/190 8583/2038/190
f 8595/2045/190 8599/2046/190 8583/2038/190
f 8583/2038/190 8599/2046/190 8589/2041/190
f 8598/2046/190 8601/2047/190 8588/2041/190
f 8587/2041/190 8600/2047/190 8604/2048/190
f 8602/2047/190 8607/2049/190 8605/2048/190
f 8595/2045/190 8608/2050/190 8599/2046/190
f 8609/2051/190 8610/2052/190 8596/2046/190
f 8597/2046/190 8611/2052/190 8603/2047/190
f 8611/2052/190 8612/2053/190 8603/2047/190
f 8606/2048/190 8613/2054/190 8590/2041/190
s 1
f 8614/2055/1551 8616/2056/1552 8615/2057/1553
f 8615/2057/1553 8616/2056/1552 8617/2058/1554
f 8616/2056/1552 8614/2055/1551 8618/2059/2522
f 8614/2055/1551 8619/2060/1556 8618/2059/2522
f 8618/2059/2522 8619/2060/1556 8620/2061/1557
f 8619/2060/1556 8621/2062/3228 8620/2061/1557
f 8620/2061/1557 8621/2062/3228 8622/2063/1559
f 8621/2062/3228 8623/2064/3229 8622/2063/1559
f 8622/2063/1559 8623/2064/3229 8624/2065/1561
f 8623/2064/3229 8625/2066/1562 8624/2065/1561
f 8624/2065/1561 8625/2066/1562 8626/2067/1563
f 8625/2066/1562 8627/2068/1564 8626/2067/1563
f 8626/2067/1563 8627/2068/1564 8628/2069/1565
f 8627/2068/1564 8629/2070/1566 8628/2069/1565
f 8628/2069/1565 8629/2070/1566 8630/2071/1567
f 8629/2070/1566 8631/2072/3321 8630/2071/1567
f 8630/2071/1567 8631/2072/3321 8632/2073/1569
f 8631/2072/3321 8633/2074/1570 8632/2073/1569
f 8632/2073/1569 8633/2074/1570 8634/2075/1571
f 8633/2074/1570 8635/2076/3236 8634/2075/1571
f 8634/2075/1571 8635/2076/3236 8636/2077/1573
f 8635/2076/3236 8637/2078/3311 8636/2077/1573
f 8636/2077/1573 8637/2078/3311 8638/2079/1575
f 8637/2078/3311 8639/2080/1576 8638/2079/1575
f 8638/2079/1575 8639/2080/1576 8640/2081/1577
f 8639/2080/1576 8641/2082/1578 8640/2081/1577
f 8640/2081/1577 8641/2082/1578 8642/2083/1579
f 8641/2082/1578 8643/2084/3239 8642/2083/1579
f 8642/2083/1579 8643/2084/3239 8644/2085/1581
f 8643/2084/3239 8645/2086/1582 8644/2085/1581
f 8644/2085/1581 8645/2086/1582 8646/2087/1583
f 8645/2086/1582 8647/2088/3463 8646/2087/1583
f 8646/2087/1583 8647/2088/3463 8648/2089/1585
f 8647/2088/3463 8649/2090/1586 8648/2089/1585
f 8648/2089/1585 8649/2090/1586 8617/2058/1554
f 8617/2058/1554 8649/2090/1586 8615/2057/1553
f 8615/2057/1553 8649/2090/1586 8650/2091/1587
f 8650/2091/1587 8649/2090/1586 8651/2092/1588
f 8649/2090/1586 8647/2088/3463 8651/2092/1588
f 8651/2092/1588 8647/2088/3463 8652/2093/1589
f 8647/2088/3463 8645/2086/1582 8652/2093/1589
f 8652/2093/1589 8645/2086/1582 8653/2094/1590
f 8645/2086/1582 8643/2084/3239 8653/2094/1590
f 8653/2094/1590 8643/2084/3239 8654/2095/1591
f 8643/2084/3239 8641/2082/1578 8654/2095/1591
f 8654/2095/1591 8641/2082/1578 8655/2096/1592
f 8641/2082/1578 8639/2080/1576 8655/2096/1592
f 8655/2096/1592 8639/2080/1576 8656/2097/1593
f 8639/2080/1576 8637/2078/3311 8656/2097/1593
f 8656/2097/1593 8637/2078/3311 8657/2098/1594
f 8637/2078/3311 8635/2076/3236 8657/2098/1594
f 8657/2098/1594 8635/2076/3236 8658/2099/3323
f 8635/2076/3236 8633/2074/1570 8658/2099/3323
f 8658/2099/3323 8633/2074/1570 8659/2100/1596
f 8633/2074/1570 8631/2072/3321 8659/2100/1596
f 8659/2100/1596 8631/2072/3321 8660/2101/1597
f 8631/2072/3321 8629/2070/1566 8660/2101/1597
f 8660/2101/1597 8629/2070/1566 8661/2102/1598
f 8629/2070/1566 8627/2068/1564 8661/2102/1598
f 8661/2102/1598 8627/2068/1564 8662/2103/1599
f 8627/2068/1564 8625/2066/1562 8662/2103/1599
f 8662/2103/1599 8625/2066/1562 8663/2104/1600
f 8625/2066/1562 8623/2064/3229 8663/2104/1600
f 8663/2104/1600 8623/2064/3229 8664/2105/1601
f 8623/2064/3229 8621/2062/3228 8664/2105/1601
f 8664/2105/1601 8621/2062/3228 8665/2106/3244
f 8621/2062/3228 8619/2060/1556 8665/2106/3244
f 8665/2106/3244 8619/2060/1556 8666/2107/1603
f 8619/2060/1556 8614/2055/1551 8666/2107/1603
f 8666/2107/1603 8614/2055/1551 8667/2108/3464
f 8614/2055/1551 8615/2057/1553 8667/2108/3464
f 8667/2108/3464 8615/2057/1553 8650/2091/1587
f 8668/2107/3465 8670/2108/1607 8669/2109/1607
f 8669/2109/1607 8670/2108/1607 8671/2110/1608
f 8669/2109/1607 8672/2111/3465 8668/2107/3465
f 8668/2107/3465 8672/2111/3465 8673/2106/1611
f 8672/2111/3465 8674/2112/1611 8673/2106/1611
f 8673/2106/1611 8674/2112/1611 8675/2105/1612
f 8674/2112/1611 8676/2113/1612 8675/2105/1612
f 8675/2105/1612 8676/2113/1612 8677/2104/1613
f 8676/2113/1612 8678/2114/1613 8677/2104/1613
f 8677/2104/1613 8678/2114/1613 8679/2103/1614
f 8678/2114/1613 8680/2115/1614 8679/2103/1614
f 8679/2103/1614 8680/2115/1614 8681/2102/1616
f 8680/2115/1614 8682/2116/1617 8681/2102/1616
f 8681/2102/1616 8682/2116/1617 8683/2101/3249
f 8682/2116/1617 8684/2117/1618 8683/2101/3249
f 8683/2101/3249 8684/2117/1618 8685/2100/1620
f 8684/2117/1618 8686/2118/1620 8685/2100/1620
f 8685/2100/1620 8686/2118/1620 8687/2099/3251
f 8686/2118/1620 8688/2119/1621 8687/2099/3251
f 8687/2099/3251 8688/2119/1621 8689/2098/1622
f 8688/2119/1621 8690/2120/1622 8689/2098/1622
f 8689/2098/1622 8690/2120/1622 8691/2097/3253
f 8690/2120/1622 8692/2121/1623 8691/2097/3253
f 8691/2097/3253 8692/2121/1623 8693/2096/1625
f 8692/2121/1623 8694/2122/1625 8693/2096/1625
f 8693/2096/1625 8694/2122/1625 8695/2095/1627
f 8694/2122/1625 8696/2123/1627 8695/2095/1627
f 8695/2095/1627 8696/2123/1627 8697/2094/3255
f 8696/2123/1627 8698/2124/1629 8697/2094/3255
f 8697/2094/3255 8698/2124/1629 8699/2093/3256
f 8698/2124/1629 8700/2125/3256 8699/2093/3256
f 8699/2093/3256 8700/2125/3256 8701/2092/1631
f 8700/2125/3256 8702/2126/1632 8701/2092/1631
f 8701/2092/1631 8702/2126/1632 8703/2091/1633
f 8702/2126/1632 8671/2110/1608 8703/2091/1633
f 8703/2091/1633 8671/2110/1608 8670/2108/1607
f 8704/2111/3258 8706/2109/1635 8705/2037/1635
f 8705/2037/1635 8706/2109/1635 8707/2038/1636
f 8705/2037/1635 8708/2039/1634 8704/2111/3258
f 8704/2111/3258 8708/2039/1634 8709/2112/1637
f 8708/2039/1634 8710/2043/1637 8709/2112/1637
f 8709/2112/1637 8710/2043/1637 8711/2113/1638
f 8710/2043/1637 8712/2040/1638 8711/2113/1638
f 8711/2113/1638 8712/2040/1638 8713/2114/1639
f 8712/2040/1638 8714/2042/1639 8713/2114/1639
f 8713/2114/1639 8714/2042/1639 8715/2115/1640
f 8714/2042/1639 8716/2041/1640 8715/2115/1640
f 8715/2115/1640 8716/2041/1640 8717/2116/1641
f 8716/2041/1640 8718/2054/1641 8717/2116/1641
f 8717/2116/1641 8718/2054/1641 8719/2117/3466
f 8718/2054/1641 8720/2048/3467 8719/2117/3466
f 8719/2117/3466 8720/2048/3467 8721/2118/1644
f 8720/2048/3467 8722/2049/3266 8721/2118/1644
f 8721/2118/1644 8722/2049/3266 8723/2119/1647
f 8722/2049/3266 8724/2047/1647 8723/2119/1647
f 8723/2119/1647 8724/2047/1647 8725/2120/3335
f 8724/2047/1647 8726/2053/3335 8725/2120/3335
f 8725/2120/3335 8726/2053/3335 8727/2121/1650
f 8726/2053/3335 8728/2052/1650 8727/2121/1650
f 8727/2121/1650 8728/2052/1650 8729/2122/1651
f 8728/2052/1650 8730/2051/3468 8729/2122/1651
f 8729/2122/1651 8730/2051/3468 8731/2123/3469
f 8730/2051/3468 8732/2046/1654 8731/2123/3469
f 8731/2123/3469 8732/2046/1654 8733/2124/1655
f 8732/2046/1654 8734/2050/1655 8733/2124/1655
f 8733/2124/1655 8734/2050/1655 8735/2125/1656
f 8734/2050/1655 8736/2045/1657 8735/2125/1656
f 8735/2125/1656 8736/2045/1657 8737/2126/3272
f 8736/2045/1657 8738/2044/3470 8737/2126/3272
f 8737/2126/3272 8738/2044/3470 8739/2110/1659
f 8738/2044/3470 8707/2038/1636 8739/2110/1659
f 8739/2110/1659 8707/2038/1636 8706/2109/1635
f 8740/2127/1660 8742/2128/1661 8741/2077/1662
f 8741/2077/1662 8742/2128/1661 8743/2075/1571
f 8741/2077/1662 8744/2079/1664 8740/2127/1660
f 8740/2127/1660 8744/2079/1664 8745/2129/1665
f 8744/2079/1664 8746/2081/1666 8745/2129/1665
f 8745/2129/1665 8746/2081/1666 8747/2130/1667
f 8746/2081/1666 8748/2083/1579 8747/2130/1667
f 8747/2130/1667 8748/2083/1579 8749/2131/1668
f 8748/2083/1579 8750/2085/3277 8749/2131/1668
f 8749/2131/1668 8750/2085/3277 8751/2132/1670
f 8750/2085/3277 8752/2087/1583 8751/2132/1670
f 8751/2132/1670 8752/2087/1583 8753/2133/1671
f 8752/2087/1583 8754/2089/1585 8753/2133/1671
f 8753/2133/1671 8754/2089/1585 8755/2134/1672
f 8754/2089/1585 8756/2058/1673 8755/2134/1672
f 8755/2134/1672 8756/2058/1673 8757/2135/1449
f 8756/2058/1673 8758/2056/1675 8757/2135/1449
f 8757/2135/1449 8758/2056/1675 8759/2136/1451
f 8758/2056/1675 8760/2059/3471 8759/2136/1451
f 8759/2136/1451 8760/2059/3471 8761/2137/1453
f 8760/2059/3471 8762/2061/1557 8761/2137/1453
f 8761/2137/1453 8762/2061/1557 8763/2138/1677
f 8762/2061/1557 8764/2063/1678 8763/2138/1677
f 8763/2138/1677 8764/2063/1678 8765/2139/1679
f 8764/2063/1678 8766/2065/1680 8765/2139/1679
f 8765/2139/1679 8766/2065/1680 8767/2140/1681
f 8766/2065/1680 8768/2067/1682 8767/2140/1681
f 8767/2140/1681 8768/2067/1682 8769/2141/1437
f 8768/2067/1682 8770/2069/1683 8769/2141/1437
f 8769/2141/1437 8770/2069/1683 8771/2142/3282
f 8770/2069/1683 8772/2071/1685 8771/2142/3282
f 8771/2142/3282 8772/2071/1685 8773/2143/1433
f 8772/2071/1685 8774/2073/1569 8773/2143/1433
f 8773/2143/1433 8774/2073/1569 8775/2144/1431
f 8774/2073/1569 8743/2075/1571 8775/2144/1431
f 8775/2144/1431 8743/2075/1571 8742/2128/1661
f 8776/1892/3284 8778/1895/1122 8777/1891/2463
f 8777/1891/2463 8778/1895/1122 8779/1896/1454
f 8777/1891/2463 8780/1893/1450 8776/1892/3284
f 8776/1892/3284 8780/1893/1450 8781/1894/3472
f 8780/1893/1450 8782/1904/1448 8781/1894/3472
f 8781/1894/3472 8782/1904/1448 8783/1905/1445
f 8782/1904/1448 8784/1906/3117 8783/1905/1445
f 8783/1905/1445 8784/1906/3117 8785/1907/1443
f 8784/1906/3117 8786/1908/2460 8785/1907/1443
f 8785/1907/1443 8786/1908/2460 8787/1909/1441
f 8786/1908/2460 8788/1910/1442 8787/1909/1441
f 8787/1909/1441 8788/1910/1442 8789/1911/1439
f 8788/1910/1442 8790/1912/1440 8789/1911/1439
f 8789/1911/1439 8790/1912/1440 8791/1913/2459
f 8790/1912/1440 8792/1914/3118 8791/1913/2459
f 8791/1913/2459 8792/1914/3118 8793/1915/2457
f 8792/1914/3118 8794/1916/1427 8793/1915/2457
f 8793/1915/2457 8794/1916/1427 8795/1917/2455
f 8794/1916/1427 8796/1918/1515 8795/1917/2455
f 8795/1917/2455 8796/1918/1515 8797/1919/2456
f 8796/1918/1515 8798/1920/1430 8797/1919/2456
f 8797/1919/2456 8798/1920/1430 8799/1921/2477
f 8798/1920/1430 8800/1922/1432 8799/1921/2477
f 8799/1921/2477 8800/1922/1432 8801/1923/2475
f 8800/1922/1432 8802/1924/2474 8801/1923/2475
f 8801/1923/2475 8802/1924/2474 8803/1925/3289
f 8802/1924/2474 8804/1926/3290 8803/1925/3289
f 8803/1925/3289 8804/1926/3290 8805/1927/2532
f 8804/1926/3290 8806/1928/2680 8805/1927/2532
f 8807/1903/2532 8808/1902/2680 8809/1901/2469
f 8808/1902/2680 8810/1900/2468 8809/1901/2469
f 8809/1901/2469 8810/1900/2468 8811/1899/3473
f 8810/1900/2468 8812/1898/2466 8811/1899/3473
f 8811/1899/3473 8812/1898/2466 8813/1897/3474
f 8812/1898/2466 8779/1896/1454 8813/1897/3474
f 8813/1897/3474 8779/1896/1454 8778/1895/1122
f 8814/2019/1452 8816/2018/3295 8815/1984/3216
f 8815/1984/3216 8816/2018/3295 8817/2587/195
f 8816/2018/3295 8818/2016/3219 8817/2587/195
f 8817/2587/195 8818/2016/3219 8819/2014/3460
f 8818/2016/3219 8820/2022/1520 8819/2014/3460
f 8820/2022/1520 8821/2023/2682 8819/2014/3460
f 8819/2014/3460 8821/2023/2682 8822/2012/3475
f 8821/2023/2682 8823/2024/2680 8822/2012/3475
f 8822/2012/3475 8823/2024/2680 8824/2010/3298
f 8823/2024/2680 8825/2025/2472 8824/2010/3298
f 8824/2010/3298 8825/2025/2472 8826/2008/3299
f 8825/2025/2472 8827/2026/3300 8826/2008/3299
f 8827/2026/3300 8828/2006/3476 8826/2008/3299
f 8828/2006/3476 8817/2587/195 8826/2008/3299
f 8826/2008/3299 8817/2587/195 8824/2010/3298
f 8824/2010/3298 8817/2587/195 8822/2012/3475
f 8817/2587/195 8819/2014/3460 8822/2012/3475
f 8820/2022/1520 8818/2016/3219 8829/2021/1521
f 8818/2016/3219 8816/2018/3295 8829/2021/1521
f 8829/2021/1521 8816/2018/3295 8814/2019/1452
f 8827/2026/3300 8830/2027/1516 8828/2006/3476
f 8828/2006/3476 8830/2027/1516 8831/2004/3302
f 8830/2027/1516 8832/2028/1430 8831/2004/3302
f 8831/2004/3302 8832/2028/1430 8833/2002/3477
f 8832/2028/1430 8834/2029/1515 8833/2002/3477
f 8833/2002/3477 8834/2029/1515 8835/2000/3478
f 8834/2029/1515 8836/2030/1427 8835/2000/3478
f 8835/2000/3478 8836/2030/1427 8837/1998/3305
f 8836/2030/1427 8838/2031/1438 8837/1998/3305
f 8837/1998/3305 8838/2031/1438 8839/1996/3454
f 8838/2031/1438 8840/2032/1526 8839/1996/3454
f 8839/1996/3454 8840/2032/1526 8841/1994/3307
f 8840/2032/1526 8842/2033/2693 8841/1994/3307
f 8842/2033/2693 8843/1992/3479 8841/1994/3307
f 8843/1992/3479 8817/2587/195 8841/1994/3307
f 8841/1994/3307 8817/2587/195 8839/1996/3454
f 8839/1996/3454 8817/2587/195 8837/1998/3305
f 8837/1998/3305 8817/2587/195 8835/2000/3478
f 8835/2000/3478 8817/2587/195 8833/2002/3477
f 8833/2002/3477 8817/2587/195 8831/2004/3302
f 8817/2587/195 8828/2006/3476 8831/2004/3302
f 8842/2033/2693 8844/2034/2691 8843/1992/3479
f 8844/2034/2691 8845/1990/3456 8843/1992/3479
f 8843/1992/3479 8845/1990/3456 8817/2587/195
f 8845/1990/3456 8846/1988/3457 8817/2587/195
f 8817/2587/195 8846/1988/3457 8847/1986/3215
f 8846/1988/3457 8848/2036/1448 8847/1986/3215
f 8848/2036/1448 8849/2020/2686 8847/1986/3215
f 8847/1986/3215 8849/2020/2686 8815/1984/3216
f 8849/2020/2686 8814/2019/1452 8815/1984/3216
f 8844/2034/2691 8850/2035/1523 8845/1990/3456
f 8845/1990/3456 8850/2035/1523 8846/1988/3457
f 8850/2035/1523 8848/2036/1448 8846/1988/3457
f 8815/1984/3216 8817/2587/195 8847/1986/3215
s 0
f 8851/2042/190 8855/2041/190 8853/2040/190
f 8852/2040/190 8854/2041/190 8858/2038/190
f 8854/2041/190 8860/2046/190 8858/2038/190
f 8856/2038/190 8861/2046/190 8863/2045/190
f 8859/2046/190 8865/2050/190 8862/2045/190
f 8866/2043/190 8852/2040/190 8867/2039/190
f 8852/2040/190 8858/2038/190 8867/2039/190
f 8867/2039/190 8858/2038/190 8868/2037/190
f 8864/2045/190 8869/2044/190 8857/2038/190
f 8870/2054/190 8871/2048/190 8854/2041/190
f 8871/2048/190 8872/2047/190 8854/2041/190
f 8854/2041/190 8872/2047/190 8860/2046/190
f 8872/2047/190 8873/2052/190 8860/2046/190
f 8860/2046/190 8873/2052/190 8874/2051/190
f 8871/2048/190 8875/2049/190 8872/2047/190
f 8872/2047/190 8876/2053/190 8873/2052/190
s 1
f 8877/2059/1573 8879/2055/3480 8878/2056/1575
f 8879/2055/3480 8880/2057/3311 8878/2056/1575
f 8878/2056/1575 8880/2057/3311 8881/2058/1577
f 8880/2057/3311 8882/2090/1576 8881/2058/1577
f 8881/2058/1577 8882/2090/1576 8883/2089/3312
f 8882/2090/1576 8884/2088/1578 8883/2089/3312
f 8883/2089/3312 8884/2088/1578 8885/2087/1581
f 8884/2088/1578 8886/2086/1580 8885/2087/1581
f 8885/2087/1581 8886/2086/1580 8887/2085/1583
f 8886/2086/1580 8888/2084/1582 8887/2085/1583
f 8887/2085/1583 8888/2084/1582 8889/2083/1585
f 8888/2084/1582 8890/2082/3481 8889/2083/1585
f 8889/2083/1585 8890/2082/3481 8891/2081/1554
f 8890/2082/3481 8892/2080/3482 8891/2081/1554
f 8891/2081/1554 8892/2080/3482 8893/2079/1552
f 8892/2080/3482 8894/2078/1553 8893/2079/1552
f 8893/2079/1552 8894/2078/1553 8895/2077/2522
f 8894/2078/1553 8896/2076/1551 8895/2077/2522
f 8895/2077/2522 8896/2076/1551 8897/2075/1557
f 8896/2076/1551 8898/2074/1556 8897/2075/1557
f 8897/2075/1557 8898/2074/1556 8899/2073/1559
f 8898/2074/1556 8900/2072/1558 8899/2073/1559
f 8899/2073/1559 8900/2072/1558 8901/2071/3315
f 8900/2072/1558 8902/2070/3229 8901/2071/3315
f 8901/2071/3315 8902/2070/3229 8903/2069/3483
f 8902/2070/3229 8904/2068/1562 8903/2069/3483
f 8903/2069/3483 8904/2068/1562 8905/2067/3484
f 8904/2068/1562 8906/2066/3485 8905/2067/3484
f 8905/2067/3484 8906/2066/3485 8907/2065/2527
f 8906/2066/3485 8908/2064/1566 8907/2065/2527
f 8907/2065/2527 8908/2064/1566 8909/2063/3235
f 8908/2064/1566 8910/2062/3234 8909/2063/3235
f 8909/2063/3235 8910/2062/3234 8911/2061/1571
f 8910/2062/3234 8912/2060/1570 8911/2061/1571
f 8911/2061/1571 8912/2060/1570 8877/2059/1573
f 8877/2059/1573 8912/2060/1570 8879/2055/3480
f 8912/2060/1570 8913/2107/1594 8879/2055/3480
f 8879/2055/3480 8913/2107/1594 8914/2108/3486
f 8913/2107/1594 8912/2060/1570 8915/2106/3323
f 8912/2060/1570 8910/2062/3234 8915/2106/3323
f 8915/2106/3323 8910/2062/3234 8916/2105/1596
f 8910/2062/3234 8908/2064/1566 8916/2105/1596
f 8916/2105/1596 8908/2064/1566 8917/2104/1597
f 8908/2064/1566 8906/2066/3485 8917/2104/1597
f 8917/2104/1597 8906/2066/3485 8918/2103/1598
f 8906/2066/3485 8904/2068/1562 8918/2103/1598
f 8918/2103/1598 8904/2068/1562 8919/2102/1599
f 8904/2068/1562 8902/2070/3229 8919/2102/1599
f 8919/2102/1599 8902/2070/3229 8920/2101/1600
f 8902/2070/3229 8900/2072/1558 8920/2101/1600
f 8920/2101/1600 8900/2072/1558 8921/2100/1601
f 8900/2072/1558 8898/2074/1556 8921/2100/1601
f 8921/2100/1601 8898/2074/1556 8922/2099/1602
f 8898/2074/1556 8896/2076/1551 8922/2099/1602
f 8922/2099/1602 8896/2076/1551 8923/2098/1603
f 8896/2076/1551 8894/2078/1553 8923/2098/1603
f 8923/2098/1603 8894/2078/1553 8924/2097/3464
f 8894/2078/1553 8892/2080/3482 8924/2097/3464
f 8924/2097/3464 8892/2080/3482 8925/2096/1587
f 8892/2080/3482 8890/2082/3481 8925/2096/1587
f 8925/2096/1587 8890/2082/3481 8926/2095/1588
f 8890/2082/3481 8888/2084/1582 8926/2095/1588
f 8926/2095/1588 8888/2084/1582 8927/2094/1589
f 8888/2084/1582 8886/2086/1580 8927/2094/1589
f 8927/2094/1589 8886/2086/1580 8928/2093/1590
f 8886/2086/1580 8884/2088/1578 8928/2093/1590
f 8928/2093/1590 8884/2088/1578 8929/2092/1591
f 8884/2088/1578 8882/2090/1576 8929/2092/1591
f 8929/2092/1591 8882/2090/1576 8930/2091/1592
f 8882/2090/1576 8880/2057/3311 8930/2091/1592
f 8930/2091/1592 8880/2057/3311 8914/2108/3486
f 8880/2057/3311 8879/2055/3480 8914/2108/3486
f 8931/2109/3487 8932/2107/3327 8933/2111/1622
f 8932/2107/3327 8934/2106/3251 8933/2111/1622
f 8932/2107/3327 8931/2109/3487 8935/2108/1623
f 8931/2109/3487 8936/2110/1625 8935/2108/1623
f 8935/2108/1623 8936/2110/1625 8937/2091/1625
f 8936/2110/1625 8938/2126/1627 8937/2091/1625
f 8937/2091/1625 8938/2126/1627 8939/2092/1626
f 8938/2126/1627 8940/2125/3329 8939/2092/1626
f 8939/2092/1626 8940/2125/3329 8941/2093/3255
f 8940/2125/3329 8942/2124/3256 8941/2093/3255
f 8941/2093/3255 8942/2124/3256 8943/2094/1630
f 8942/2124/3256 8944/2123/3330 8943/2094/1630
f 8943/2094/1630 8944/2123/3330 8945/2095/1632
f 8944/2123/3330 8946/2122/1608 8945/2095/1632
f 8945/2095/1632 8946/2122/1608 8947/2096/1633
f 8946/2122/1608 8948/2121/1606 8947/2096/1633
f 8947/2096/1633 8948/2121/1606 8949/2097/1606
f 8948/2121/1606 8950/2120/3465 8949/2097/1606
f 8949/2097/1606 8950/2120/3465 8951/2098/3488
f 8950/2120/3465 8952/2119/1611 8951/2098/3488
f 8951/2098/3488 8952/2119/1611 8953/2099/1611
f 8952/2119/1611 8954/2118/1612 8953/2099/1611
f 8953/2099/1611 8954/2118/1612 8955/2100/1612
f 8954/2118/1612 8956/2117/3489 8955/2100/1612
f 8955/2100/1612 8956/2117/3489 8957/2101/3332
f 8956/2117/3489 8958/2116/1615 8957/2101/3332
f 8957/2101/3332 8958/2116/1615 8959/2102/1614
f 8958/2116/1615 8960/2115/1616 8959/2102/1614
f 8959/2102/1614 8960/2115/1616 8961/2103/1617
f 8960/2115/1616 8962/2114/3249 8961/2103/1617
f 8961/2103/1617 8962/2114/3249 8963/2104/3249
f 8962/2114/3249 8964/2113/1620 8963/2104/3249
f 8963/2104/3249 8964/2113/1620 8965/2105/1620
f 8964/2113/1620 8966/2112/1621 8965/2105/1620
f 8965/2105/1620 8966/2112/1621 8934/2106/3251
f 8966/2112/1621 8933/2111/1622 8934/2106/3251
f 8967/2037/1650 8968/2111/3490 8969/2039/1649
f 8968/2111/3490 8970/2112/1647 8969/2039/1649
f 8968/2111/3490 8967/2037/1650 8971/2109/3491
f 8967/2037/1650 8972/2038/3492 8971/2109/3491
f 8971/2109/3491 8972/2038/3492 8973/2110/3492
f 8972/2038/3492 8974/2044/3270 8973/2110/3492
f 8973/2110/3492 8974/2044/3270 8975/2126/1654
f 8974/2044/3270 8976/2045/1655 8975/2126/1654
f 8975/2126/1654 8976/2045/1655 8977/2125/1655
f 8976/2045/1655 8978/2050/1657 8977/2125/1655
f 8977/2125/1655 8978/2050/1657 8979/2124/3493
f 8978/2050/1657 8980/2046/3494 8979/2124/3493
f 8979/2124/3493 8980/2046/3494 8981/2123/3338
f 8980/2046/3494 8982/2051/3495 8981/2123/3338
f 8981/2123/3338 8982/2051/3495 8983/2122/3273
f 8982/2051/3495 8984/2052/1635 8983/2122/3273
f 8983/2122/3273 8984/2052/1635 8985/2121/1635
f 8984/2052/1635 8986/2053/1634 8985/2121/1635
f 8985/2121/1635 8986/2053/1634 8987/2120/3496
f 8986/2053/1634 8988/2047/1637 8987/2120/3496
f 8987/2120/3496 8988/2047/1637 8989/2119/1637
f 8988/2047/1637 8990/2049/1638 8989/2119/1637
f 8989/2119/1637 8990/2049/1638 8991/2118/3262
f 8990/2049/1638 8992/2048/3497 8991/2118/3262
f 8991/2118/3262 8992/2048/3497 8993/2117/3264
f 8992/2048/3497 8994/2054/1640 8993/2117/3264
f 8993/2117/3264 8994/2054/1640 8995/2116/1640
f 8994/2054/1640 8996/2041/1641 8995/2116/1640
f 8995/2116/1640 8996/2041/1641 8997/2115/1641
f 8996/2041/1641 8998/2042/1643 8997/2115/1641
f 8997/2115/1641 8998/2042/1643 8999/2114/3344
f 8998/2042/1643 9000/2040/3266 8999/2114/3344
f 8999/2114/3344 9000/2040/3266 9001/2113/3266
f 9000/2040/3266 9002/2043/3498 9001/2113/3266
f 9001/2113/3266 9002/2043/3498 8970/2112/1647
f 9002/2043/3498 8969/2039/1649 8970/2112/1647
f 9003/2077/3471 9004/2127/3345 9005/2079/1552
f 9004/2127/3345 9006/2129/3346 9005/2079/1552
f 9004/2127/3345 9003/2077/3471 9007/2128/3499
f 9003/2077/3471 9008/2075/3280 9007/2128/3499
f 9007/2128/3499 9008/2075/3280 9009/2144/3500
f 9008/2075/3280 9010/2073/1678 9009/2144/3500
f 9009/2144/3500 9010/2073/1678 9011/2143/3473
f 9010/2073/1678 9012/2071/3501 9011/2143/3473
f 9011/2143/3473 9012/2071/3501 9013/2142/3502
f 9012/2071/3501 9014/2069/2525 9013/2142/3502
f 9013/2142/3502 9014/2069/2525 9015/2141/2532
f 9014/2069/2525 9016/2067/3503 9015/2141/2532
f 9015/2141/2532 9016/2067/3503 9017/2140/2473
f 9016/2067/3503 9018/2065/3351 9017/2140/2473
f 9017/2140/2473 9018/2065/3351 9019/2139/3504
f 9018/2065/3351 9020/2063/1569 9019/2139/3504
f 9019/2139/3504 9020/2063/1569 9021/2138/2530
f 9020/2063/1569 9022/2061/1663 9021/2138/2530
f 9021/2138/2530 9022/2061/1663 9023/2137/2456
f 9022/2061/1663 9024/2059/1662 9023/2137/2456
f 9023/2137/2456 9024/2059/1662 9025/2136/2221
f 9024/2059/1662 9026/2056/1575 9025/2136/2221
f 9025/2136/2221 9026/2056/1575 9027/2135/2457
f 9026/2056/1575 9028/2058/1666 9027/2135/2457
f 9027/2135/2457 9028/2058/1666 9029/2134/3505
f 9028/2058/1666 9030/2089/3506 9029/2134/3505
f 9029/2134/3505 9030/2089/3506 9031/2133/1667
f 9030/2089/3506 9032/2087/3277 9031/2133/1667
f 9031/2133/1667 9032/2087/3277 9033/2132/1668
f 9032/2087/3277 9034/2085/1583 9033/2132/1668
f 9033/2132/1668 9034/2085/1583 9035/2131/1670
f 9034/2085/1583 9036/2083/3507 9035/2131/1670
f 9035/2131/1670 9036/2083/3507 9037/2130/3508
f 9036/2083/3507 9038/2081/3355 9037/2130/3508
f 9037/2130/3508 9038/2081/3355 9006/2129/3346
f 9038/2081/3355 9005/2079/1552 9006/2129/3346
f 9039/1892/2453 9040/1895/2454 9041/1891/2455
f 9040/1895/2454 9042/1896/2456 9041/1891/2455
f 9041/1891/2455 9043/1893/2457 9039/1892/2453
f 9039/1892/2453 9043/1893/2457 9044/1894/2458
f 9043/1893/2457 9045/1904/2459 9044/1894/2458
f 9044/1894/2458 9045/1904/2459 9046/1905/1440
f 9045/1904/2459 9047/1906/1439 9046/1905/1440
f 9046/1905/1440 9047/1906/1439 9048/1907/1442
f 9047/1906/1439 9049/1908/1441 9048/1907/1442
f 9048/1907/1442 9049/1908/1441 9050/1909/2460
f 9049/1908/1441 9051/1910/1443 9050/1909/2460
f 9050/1909/2460 9051/1910/1443 9052/1911/3117
f 9051/1910/1443 9053/1912/1445 9052/1911/3117
f 9052/1911/3117 9053/1912/1445 9054/1913/1448
f 9053/1912/1445 9055/1914/2462 9054/1913/1448
f 9054/1913/1448 9055/1914/2462 9056/1915/1450
f 9055/1914/2462 9057/1916/1449 9056/1915/1450
f 9056/1915/1450 9057/1916/1449 9058/1917/2463
f 9057/1916/1449 9059/1918/2464 9058/1917/2463
f 9058/1917/2463 9059/1918/2464 9060/1919/1454
f 9059/1918/2464 9061/1920/2465 9060/1919/1454
f 9060/1919/1454 9061/1920/2465 9062/1921/3509
f 9061/1920/2465 9063/1922/2467 9062/1921/3509
f 9062/1921/3509 9063/1922/2467 9064/1923/2468
f 9063/1922/2467 9065/1924/3510 9064/1923/2468
f 9064/1923/2468 9065/1924/3510 9066/1925/2470
f 9065/1924/3510 9067/1926/2471 9066/1925/2470
f 9066/1925/2470 9067/1926/2471 9068/1927/2472
f 9067/1926/2471 9069/1928/2473 9068/1927/2472
f 9070/1903/2472 9071/1902/2473 9072/1901/2474
f 9071/1902/2473 9073/1900/2475 9072/1901/2474
f 9072/1901/2474 9073/1900/2475 9074/1899/2476
f 9073/1900/2475 9075/1898/2477 9074/1899/2476
f 9074/1899/2476 9075/1898/2477 9076/1897/2478
f 9075/1898/2477 9042/1896/2456 9076/1897/2478
f 9076/1897/2478 9042/1896/2456 9040/1895/2454
f 9077/2019/2221 9079/2018/3511 9078/1984/3512
f 9078/1984/3512 9079/2018/3511 9080/2587/190
f 9079/2018/3511 9081/2016/3513 9080/2587/190
f 9080/2587/190 9081/2016/3513 9082/2014/3514
f 9081/2016/3513 9083/2022/2530 9082/2014/3514
f 9083/2022/2530 9084/2023/2531 9082/2014/3514
f 9082/2014/3514 9084/2023/2531 9085/2012/3515
f 9084/2023/2531 9086/2024/2473 9085/2012/3515
f 9085/2012/3515 9086/2024/2473 9087/2010/3516
f 9086/2024/2473 9088/2025/2532 9087/2010/3516
f 9087/2010/3516 9088/2025/2532 9089/2008/3365
f 9088/2025/2532 9090/2026/2533 9089/2008/3365
f 9090/2026/2533 9091/2006/3517 9089/2008/3365
f 9091/2006/3517 9080/2587/190 9089/2008/3365
f 9089/2008/3365 9080/2587/190 9087/2010/3516
f 9087/2010/3516 9080/2587/190 9085/2012/3515
f 9080/2587/190 9082/2014/3514 9085/2012/3515
f 9083/2022/2530 9081/2016/3513 9092/2021/2529
f 9081/2016/3513 9079/2018/3511 9092/2021/2529
f 9092/2021/2529 9079/2018/3511 9077/2019/2221
f 9090/2026/2533 9093/2027/1455 9091/2006/3517
f 9091/2006/3517 9093/2027/1455 9094/2004/3518
f 9093/2027/1455 9095/2028/3519 9094/2004/3518
f 9094/2004/3518 9095/2028/3519 9096/2002/3520
f 9095/2028/3519 9097/2029/1451 9096/2002/3520
f 9096/2002/3520 9097/2029/1451 9098/2000/3521
f 9097/2029/1451 9099/2030/3131 9098/2000/3521
f 9098/2000/3521 9099/2030/3131 9100/1998/3410
f 9099/2030/3131 9101/2031/1672 9100/1998/3410
f 9100/1998/3410 9101/2031/1672 9102/1996/3522
f 9101/2031/1672 9103/2032/3126 9102/1996/3522
f 9102/1996/3522 9103/2032/3126 9104/1994/3413
f 9103/2032/3126 9105/2033/1670 9104/1994/3413
f 9105/2033/1670 9106/1992/3127 9104/1994/3413
f 9106/1992/3127 9080/2587/190 9104/1994/3413
f 9104/1994/3413 9080/2587/190 9102/1996/3522
f 9102/1996/3522 9080/2587/190 9100/1998/3410
f 9100/1998/3410 9080/2587/190 9098/2000/3521
f 9098/2000/3521 9080/2587/190 9096/2002/3520
f 9096/2002/3520 9080/2587/190 9094/2004/3518
f 9080/2587/190 9091/2006/3517 9094/2004/3518
f 9105/2033/1670 9107/2034/1668 9106/1992/3127
f 9107/2034/1668 9108/1990/3371 9106/1992/3127
f 9106/1992/3127 9108/1990/3371 9080/2587/190
f 9108/1990/3371 9109/1988/3129 9080/2587/190
f 9080/2587/190 9109/1988/3129 9110/1986/3523
f 9109/1988/3129 9111/2036/2459 9110/1986/3523
f 9111/2036/2459 9112/2020/2457 9110/1986/3523
f 9110/1986/3523 9112/2020/2457 9078/1984/3512
f 9112/2020/2457 9077/2019/2221 9078/1984/3512
f 9107/2034/1668 9113/2035/1667 9108/1990/3371
f 9108/1990/3371 9113/2035/1667 9109/1988/3129
f 9113/2035/1667 9111/2036/2459 9109/1988/3129
f 9078/1984/3512 9080/2587/190 9110/1986/3523
s 0
f 9114/2042/195 9120/2041/195 9117/2040/195
f 9116/2040/195 9118/2041/195 9123/2038/195
f 9118/2041/195 9126/2046/195 9123/2038/195
f 9123/2038/195 9126/2046/195 9128/2045/195
f 9125/2046/195 9130/2050/195 9127/2045/195
f 9131/2043/195 9115/2040/195 9132/2039/195
f 9116/2040/195 9123/2038/195 9134/2039/195
f 9133/2039/195 9121/2038/195 9135/2037/195
f 9129/2045/195 9136/2044/195 9122/2038/195
f 9137/2054/195 9139/2048/195 9119/2041/195
f 9138/2048/195 9140/2047/195 9118/2041/195
f 9118/2041/195 9140/2047/195 9126/2046/195
f 9140/2047/195 9142/2052/195 9126/2046/195
f 9124/2046/195 9141/2052/195 9143/2051/195
f 9138/2048/195 9144/2049/195 9140/2047/195
f 9140/2047/195 9145/2053/195 9142/2052/195
s 1
f 9146/2059/2562 9148/2055/2563 9147/2056/3152
f 9148/2055/2563 9149/2057/2564 9147/2056/3152
f 9147/2056/3152 9149/2057/2564 9150/2058/2565
f 9149/2057/2564 9151/2090/2566 9150/2058/2565
f 9150/2058/2565 9151/2090/2566 9152/2089/2567
f 9151/2090/2566 9153/2088/2568 9152/2089/2567
f 9152/2089/2567 9153/2088/2568 9154/2087/1501
f 9153/2088/2568 9155/2086/3377 9154/2087/1501
f 9154/2087/1501 9155/2086/3377 9156/2085/2570
f 9155/2086/3377 9157/2084/2571 9156/2085/2570
f 9156/2085/2570 9157/2084/2571 9158/2083/2572
f 9157/2084/2571 9159/2082/2573 9158/2083/2572
f 9158/2083/2572 9159/2082/2573 9160/2081/2574
f 9159/2082/2573 9161/2080/3153 9160/2081/2574
f 9160/2081/2574 9161/2080/3153 9162/2079/1497
f 9161/2080/3153 9163/2078/2576 9162/2079/1497
f 9162/2079/1497 9163/2078/2576 9164/2077/1514
f 9163/2078/2576 9165/2076/3524 9164/2077/1514
f 9164/2077/1514 9165/2076/3524 9166/2075/2578
f 9165/2076/3524 9167/2074/2579 9166/2075/2578
f 9166/2075/2578 9167/2074/2579 9168/2073/2580
f 9167/2074/2579 9169/2072/2581 9168/2073/2580
f 9168/2073/2580 9169/2072/2581 9170/2071/2582
f 9169/2072/2581 9171/2070/2583 9170/2071/2582
f 9170/2071/2582 9171/2070/2583 9172/2069/2584
f 9171/2070/2583 9173/2068/3525 9172/2069/2584
f 9172/2069/2584 9173/2068/3525 9174/2067/2586
f 9173/2068/3525 9175/2066/2587 9174/2067/2586
f 9174/2067/2586 9175/2066/2587 9176/2065/2588
f 9175/2066/2587 9177/2064/2589 9176/2065/2588
f 9176/2065/2588 9177/2064/2589 9178/2063/2590
f 9177/2064/2589 9179/2062/2591 9178/2063/2590
f 9178/2063/2590 9179/2062/2591 9180/2061/2592
f 9179/2062/2591 9181/2060/2593 9180/2061/2592
f 9180/2061/2592 9181/2060/2593 9146/2059/2562
f 9146/2059/2562 9181/2060/2593 9148/2055/2563
f 9181/2060/2593 9182/2107/3159 9148/2055/2563
f 9148/2055/2563 9182/2107/3159 9183/2108/3158
f 9182/2107/3159 9181/2060/2593 9184/2106/2596
f 9181/2060/2593 9179/2062/2591 9184/2106/2596
f 9184/2106/2596 9179/2062/2591 9185/2105/3431
f 9179/2062/2591 9177/2064/2589 9185/2105/3431
f 9185/2105/3431 9177/2064/2589 9186/2104/2598
f 9177/2064/2589 9175/2066/2587 9186/2104/2598
f 9186/2104/2598 9175/2066/2587 9187/2103/2599
f 9175/2066/2587 9173/2068/3525 9187/2103/2599
f 9187/2103/2599 9173/2068/3525 9188/2102/3526
f 9173/2068/3525 9171/2070/2583 9188/2102/3526
f 9188/2102/3526 9171/2070/2583 9189/2101/2601
f 9171/2070/2583 9169/2072/2581 9189/2101/2601
f 9189/2101/2601 9169/2072/2581 9190/2100/3527
f 9169/2072/2581 9167/2074/2579 9190/2100/3527
f 9190/2100/3527 9167/2074/2579 9191/2099/3528
f 9167/2074/2579 9165/2076/3524 9191/2099/3528
f 9191/2099/3528 9165/2076/3524 9192/2098/2604
f 9165/2076/3524 9163/2078/2576 9192/2098/2604
f 9192/2098/2604 9163/2078/2576 9193/2097/3166
f 9163/2078/2576 9161/2080/3153 9193/2097/3166
f 9193/2097/3166 9161/2080/3153 9194/2096/2606
f 9161/2080/3153 9159/2082/2573 9194/2096/2606
f 9194/2096/2606 9159/2082/2573 9195/2095/2607
f 9159/2082/2573 9157/2084/2571 9195/2095/2607
f 9195/2095/2607 9157/2084/2571 9196/2094/2608
f 9157/2084/2571 9155/2086/3377 9196/2094/2608
f 9196/2094/2608 9155/2086/3377 9197/2093/2609
f 9155/2086/3377 9153/2088/2568 9197/2093/2609
f 9197/2093/2609 9153/2088/2568 9198/2092/2610
f 9153/2088/2568 9151/2090/2566 9198/2092/2610
f 9198/2092/2610 9151/2090/2566 9199/2091/2611
f 9151/2090/2566 9149/2057/2564 9199/2091/2611
f 9199/2091/2611 9149/2057/2564 9183/2108/3158
f 9149/2057/2564 9148/2055/2563 9183/2108/3158
f 9200/2109/2612 9201/2107/2614 9202/2111/2614
f 9201/2107/2614 9203/2106/2642 9202/2111/2614
f 9201/2107/2614 9200/2109/2612 9204/2108/2616
f 9200/2109/2612 9205/2110/2617 9204/2108/2616
f 9204/2108/2616 9205/2110/2617 9206/2091/2618
f 9205/2110/2617 9207/2126/2619 9206/2091/2618
f 9206/2091/2618 9207/2126/2619 9208/2092/2620
f 9207/2126/2619 9209/2125/2621 9208/2092/2620
f 9208/2092/2620 9209/2125/2621 9210/2093/2622
f 9209/2125/2621 9211/2124/2623 9210/2093/2622
f 9210/2093/2622 9211/2124/2623 9212/2094/3175
f 9211/2124/2623 9213/2123/2625 9212/2094/3175
f 9212/2094/3175 9213/2123/2625 9214/2095/2625
f 9213/2123/2625 9215/2122/3436 9214/2095/2625
f 9214/2095/2625 9215/2122/3436 9216/2096/3436
f 9215/2122/3436 9217/2121/2629 9216/2096/3436
f 9216/2096/3436 9217/2121/2629 9218/2097/2629
f 9217/2121/2629 9219/2120/2630 9218/2097/2629
f 9218/2097/2629 9219/2120/2630 9220/2098/2630
f 9219/2120/2630 9221/2119/2632 9220/2098/2630
f 9220/2098/2630 9221/2119/2632 9222/2099/2631
f 9221/2119/2632 9223/2118/3169 9222/2099/2631
f 9222/2099/2631 9223/2118/3169 9224/2100/2633
f 9223/2118/3169 9225/2117/2634 9224/2100/2633
f 9224/2100/2633 9225/2117/2634 9226/2101/3170
f 9225/2117/2634 9227/2116/2635 9226/2101/3170
f 9226/2101/3170 9227/2116/2635 9228/2102/3395
f 9227/2116/2635 9229/2115/2637 9228/2102/3395
f 9228/2102/3395 9229/2115/2637 9230/2103/2637
f 9229/2115/2637 9231/2114/2639 9230/2103/2637
f 9230/2103/2637 9231/2114/2639 9232/2104/2639
f 9231/2114/2639 9233/2113/2641 9232/2104/2639
f 9232/2104/2639 9233/2113/2641 9234/2105/2641
f 9233/2113/2641 9235/2112/2642 9234/2105/2641
f 9234/2105/2641 9235/2112/2642 9203/2106/2642
f 9235/2112/2642 9202/2111/2614 9203/2106/2642
f 9236/2037/2643 9237/2111/3187 9238/2039/2644
f 9237/2111/3187 9239/2112/2645 9238/2039/2644
f 9237/2111/3187 9236/2037/2643 9240/2109/2646
f 9236/2037/2643 9241/2038/3190 9240/2109/2646
f 9240/2109/2646 9241/2038/3190 9242/2110/3529
f 9241/2038/3190 9243/2044/2649 9242/2110/3529
f 9242/2110/3529 9243/2044/2649 9244/2126/2649
f 9243/2044/2649 9245/2045/3193 9244/2126/2649
f 9244/2126/2649 9245/2045/3193 9246/2125/3193
f 9245/2045/3193 9247/2050/2652 9246/2125/3193
f 9246/2125/3193 9247/2050/2652 9248/2124/2653
f 9247/2050/2652 9249/2046/2654 9248/2124/2653
f 9248/2124/2653 9249/2046/2654 9250/2123/2654
f 9249/2046/2654 9251/2051/2656 9250/2123/2654
f 9250/2123/2654 9251/2051/2656 9252/2122/3444
f 9251/2051/2656 9253/2052/2657 9252/2122/3444
f 9252/2122/3444 9253/2052/2657 9254/2121/2658
f 9253/2052/2657 9255/2053/2659 9254/2121/2658
f 9254/2121/2658 9255/2053/2659 9256/2120/3176
f 9255/2053/2659 9257/2047/2661 9256/2120/3176
f 9256/2120/3176 9257/2047/2661 9258/2119/3179
f 9257/2047/2661 9259/2049/2662 9258/2119/3179
f 9258/2119/3179 9259/2049/2662 9260/2118/3530
f 9259/2049/2662 9261/2048/3181 9260/2118/3530
f 9260/2118/3530 9261/2048/3181 9262/2117/3182
f 9261/2048/3181 9263/2054/2665 9262/2117/3182
f 9262/2117/3182 9263/2054/2665 9264/2116/2665
f 9263/2054/2665 9265/2041/2667 9264/2116/2665
f 9264/2116/2665 9265/2041/2667 9266/2115/2667
f 9265/2041/2667 9267/2042/2668 9266/2115/2667
f 9266/2115/2667 9267/2042/2668 9268/2114/2669
f 9267/2042/2668 9269/2040/3531 9268/2114/2669
f 9268/2114/2669 9269/2040/3531 9270/2113/3403
f 9269/2040/3531 9271/2043/2672 9270/2113/3403
f 9270/2113/3403 9271/2043/2672 9239/2112/2645
f 9271/2043/2672 9238/2039/2644 9239/2112/2645
f 9272/2077/2673 9273/2127/2674 9274/2079/1497
f 9273/2127/2674 9275/2129/2458 9274/2079/1497
f 9273/2127/2674 9272/2077/2673 9276/2128/2675
f 9272/2077/2673 9277/2075/2578 9276/2128/2675
f 9276/2128/2675 9277/2075/2578 9278/2144/2676
f 9277/2075/2578 9279/2073/1512 9278/2144/2676
f 9278/2144/2676 9279/2073/1512 9280/2143/2476
f 9279/2073/1512 9281/2071/2677 9280/2143/2476
f 9280/2143/2476 9281/2071/2677 9282/2142/3300
f 9281/2071/2677 9283/2069/2678 9282/2142/3300
f 9282/2142/3300 9283/2069/2678 9284/2141/2472
f 9283/2069/2678 9285/2067/2679 9284/2141/2472
f 9284/2141/2472 9285/2067/2679 9286/2140/2680
f 9285/2067/2679 9287/2065/2681 9286/2140/2680
f 9286/2140/2680 9287/2065/2681 9288/2139/2682
f 9287/2065/2681 9289/2063/2683 9288/2139/2682
f 9288/2139/2682 9289/2063/2683 9290/2138/1520
f 9289/2063/2683 9291/2061/2592 9290/2138/1520
f 9290/2138/1520 9291/2061/2592 9292/2137/1521
f 9291/2061/2592 9293/2059/2684 9292/2137/1521
f 9292/2137/1521 9293/2059/2684 9294/2136/1452
f 9293/2059/2684 9295/2056/2685 9294/2136/1452
f 9294/2136/1452 9295/2056/2685 9296/2135/2686
f 9295/2056/2685 9297/2058/2687 9296/2135/2686
f 9296/2135/2686 9297/2058/2687 9298/2134/1448
f 9297/2058/2687 9299/2089/2689 9298/2134/1448
f 9298/2134/1448 9299/2089/2689 9300/2133/1523
f 9299/2089/2689 9301/2087/2690 9300/2133/1523
f 9300/2133/1523 9301/2087/2690 9302/2132/1524
f 9301/2087/2690 9303/2085/2692 9302/2132/1524
f 9302/2132/1524 9303/2085/2692 9304/2131/2693
f 9303/2085/2692 9305/2083/2694 9304/2131/2693
f 9304/2131/2693 9305/2083/2694 9306/2130/1526
f 9305/2083/2694 9307/2081/2695 9306/2130/1526
f 9306/2130/1526 9307/2081/2695 9275/2129/2458
f 9307/2081/2695 9274/2079/1497 9275/2129/2458
o LOW002_Material_#793_0
v 2.667133 4.080813 4.020125
v 2.667133 5.000592 4.062965
v 4.057191 4.083368 4.136960
v 3.846756 5.004425 4.142802
v 7.907268 2.854441 4.177853
v 7.928015 2.807175 4.096068
v 7.907268 2.828892 4.082438
v 7.928015 2.747134 4.035705
v 7.907268 2.759908 4.014285
v 7.928015 2.665375 4.014285
v 7.907268 2.665375 3.988971
v 7.928015 2.584895 4.035704
v 7.907268 2.572120 4.014285
v 7.928015 2.524854 4.096068
v 7.907268 2.503137 4.082438
v 7.928015 2.503137 4.177853
v 7.907268 2.477587 4.177853
v 7.928015 2.524853 4.259636
v 7.907268 2.503137 4.271320
v 7.928015 2.584895 4.318053
v 7.907268 2.572120 4.341420
v 7.928015 2.665375 4.341420
v 7.907268 2.665375 4.366735
v 7.928015 2.747133 4.318053
v 7.907268 2.759908 4.341420
v 7.928015 2.807175 4.259636
v 7.907268 2.828892 4.271320
v 7.928015 2.828892 4.177853
v 7.945798 2.747133 4.131119
v 7.945798 2.712642 4.096068
v 7.945798 2.665375 4.082438
v 7.945798 2.619386 4.096068
v 7.945798 2.584895 4.131119
v 7.945798 2.572120 4.177853
v 7.945798 2.584895 4.224586
v 7.945798 2.619386 4.259636
v 7.945798 2.665375 4.271320
v 7.945798 2.712642 4.259636
v 7.945798 2.747133 4.224586
v 7.945798 2.759908 4.177853
v 7.951726 2.665375 4.177853
v 3.846755 5.004424 7.821130
v 4.057190 4.083367 7.826971
v 2.667132 5.000591 7.900966
v 2.667132 4.080812 7.943805
v 7.928014 2.807174 7.867864
v 7.907267 2.854440 7.786080
v 7.928014 2.828891 7.786080
v 7.907267 2.828891 7.692613
v 7.907267 2.828891 7.881495
v 7.928014 2.747133 7.928228
v 7.907267 2.759907 7.949647
v 7.928014 2.665375 7.949647
v 7.907267 2.665375 7.974961
v 7.928014 2.584894 7.928228
v 7.907267 2.572119 7.949647
v 7.928014 2.524853 7.867864
v 7.907267 2.503136 7.881494
v 7.928014 2.503136 7.786079
v 7.907267 2.477586 7.786079
v 7.928014 2.524853 7.704296
v 7.907267 2.503136 7.692613
v 7.928014 2.584894 7.645879
v 7.907267 2.572119 7.622512
v 7.928014 2.665375 7.622512
v 7.907267 2.665375 7.597198
v 7.928014 2.747133 7.645879
v 7.907267 2.759907 7.622512
v 7.928014 2.807174 7.704296
v 7.945797 2.759907 7.786080
v 7.945797 2.747133 7.832813
v 7.945797 2.712641 7.867864
v 7.945797 2.665375 7.881494
v 7.945797 2.619385 7.867864
v 7.945797 2.584894 7.832813
v 7.945797 2.572119 7.786079
v 7.945797 2.584894 7.739346
v 7.945797 2.619386 7.704296
v 7.945797 2.665375 7.692613
v 7.945797 2.712641 7.704296
v 7.945797 2.747133 7.739346
v 7.951725 2.665375 7.786079
v 4.235024 4.217503 4.290792
v 3.994950 5.092571 4.290792
v 4.495845 4.217502 5.906997
v 4.255771 5.092570 5.906997
v 1.884669 4.356747 5.207939
v 1.884669 4.356747 5.980991
v 1.908380 4.916279 5.207939
v 1.908380 4.916279 5.980991
v 1.908380 4.916279 6.755991
v 1.884669 4.356746 6.755991
v 4.255771 5.092570 6.056934
v 3.994949 5.092570 7.673140
v 4.495845 4.217502 6.056934
v 4.235023 4.217502 7.673140
vn 0.0836 0.0464 -0.9954
vn 0.0795 0.0359 -0.9962
vn 0.0747 0.0358 -0.9966
vn 0.0674 0.0184 -0.9976
vn 0.7435 0.6688 -0.0022
vn 0.8680 0.4299 -0.2486
vn 0.7449 0.5785 -0.3322
vn 0.8691 0.2459 -0.4291
vn 0.7437 0.3330 -0.5796
vn 0.8689 -0.0000 -0.4950
vn 0.7439 -0.0000 -0.6683
vn 0.8691 -0.2459 -0.4291
vn 0.7437 -0.3330 -0.5796
vn 0.8679 -0.4300 -0.2486
vn 0.7449 -0.5786 -0.3322
vn 0.8673 -0.4978 -0.0022
vn 0.7435 -0.6687 -0.0022
vn 0.8680 -0.4299 0.2486
vn 0.7449 -0.5786 0.3322
vn 0.8680 -0.2499 0.4291
vn 0.7450 -0.3301 0.5796
vn 0.8689 0.0038 0.4949
vn 0.7439 -0.0038 0.6683
vn 0.8680 0.2498 0.4291
vn 0.7451 0.3301 0.5796
vn 0.8679 0.4300 0.2486
vn 0.7450 0.5785 0.3322
vn 0.8673 0.4978 0.0022
vn 0.9864 0.1429 -0.0808
vn 0.9865 0.0829 -0.1415
vn 0.9866 0.0038 -0.1631
vn 0.9865 -0.0829 -0.1415
vn 0.9864 -0.1429 -0.0807
vn 0.9862 -0.1654 -0.0022
vn 0.9869 -0.1393 0.0808
vn 0.9865 -0.0829 0.1415
vn 0.9866 0.0038 0.1631
vn 0.9864 0.0829 0.1416
vn 0.9870 0.1393 0.0807
vn 0.9862 0.1654 0.0022
vn 1.0000 -0.0000 0.0020
vn 0.0662 0.0223 0.9976
vn 0.0791 0.0369 0.9962
vn 0.0758 0.0330 0.9966
vn 0.0834 0.0475 0.9954
vn 0.8680 0.4299 0.2486
vn 0.8673 0.4978 -0.0022
vn 0.7435 0.6688 0.0022
vn 0.7450 0.5785 -0.3322
vn 0.7449 0.5785 0.3322
vn 0.8680 0.2499 0.4291
vn 0.7450 0.3301 0.5796
vn 0.8689 -0.0038 0.4949
vn 0.7439 -0.0038 0.6682
vn 0.8679 -0.4300 0.2486
vn 0.7449 -0.5785 0.3322
vn 0.8673 -0.4978 0.0022
vn 0.7435 -0.6687 0.0022
vn 0.8680 -0.4299 -0.2486
vn 0.7439 -0.0000 -0.6682
vn 0.7438 0.3330 -0.5796
vn 0.8679 0.4300 -0.2486
vn 0.9862 0.1654 -0.0022
vn 0.9865 0.0829 0.1415
vn 0.9870 -0.1393 0.0807
vn 0.9862 -0.1654 0.0022
vn 0.9864 -0.1429 -0.0808
vn 1.0000 -0.0000 -0.0020
vn 0.9528 0.2611 -0.1546
vn 0.9529 0.2612 -0.1543
vn -0.9990 0.0453 0.0022
vn -0.9990 0.0453 -0.0022
vn 0.9529 0.2612 0.1543
vn 0.9528 0.2611 0.1546
vn 0.9528 0.2611 0.1549
vt 0.651255 0.919843
vt 0.651255 0.970989
vt 0.573810 0.919843
vt 0.585473 0.971089
vt 0.259536 0.177224
vt 0.264033 0.174127
vt 0.265024 0.175825
vt 0.267387 0.170831
vt 0.269064 0.171730
vt 0.268606 0.166235
vt 0.270512 0.166235
vt 0.267387 0.161740
vt 0.269064 0.160741
vt 0.264033 0.158344
vt 0.265024 0.156745
vt 0.259536 0.157145
vt 0.259459 0.155247
vt 0.254962 0.158344
vt 0.253971 0.156745
vt 0.251608 0.161740
vt 0.249931 0.160741
vt 0.250389 0.166235
vt 0.248483 0.166235
vt 0.251608 0.170831
vt 0.249931 0.171730
vt 0.254962 0.174127
vt 0.253971 0.175825
vt 0.259459 0.175426
vt 0.262051 0.170731
vt 0.264033 0.168833
vt 0.264719 0.166235
vt 0.264033 0.163638
vt 0.262127 0.161740
vt 0.259536 0.161041
vt 0.256868 0.161740
vt 0.254962 0.163638
vt 0.254276 0.166235
vt 0.254962 0.168833
vt 0.256868 0.170731
vt 0.259459 0.171430
vt 0.259459 0.166235
vt 0.301612 0.923139
vt 0.303746 0.973486
vt 0.210675 0.923139
vt 0.212734 0.973486
vt 0.152440 0.853313
vt 0.195431 0.853313
vt 0.152440 0.884480
vt 0.195431 0.884480
vt 0.238498 0.884480
vt 0.238498 0.853313
vt 0.117834 0.961399
vt 0.026897 0.961399
vt 0.119968 0.911052
vt 0.029032 0.911052
s 1
usemtl Material_#793
f 9308/2588/3532 9309/2589/3533 9310/2590/3534
f 9309/2589/3533 9311/2591/3535 9310/2590/3534
f 9312/2592/3536 9313/2593/3537 9314/2594/3538
f 9313/2593/3537 9315/2595/3539 9314/2594/3538
f 9314/2594/3538 9315/2595/3539 9316/2596/3540
f 9315/2595/3539 9317/2597/3541 9316/2596/3540
f 9316/2596/3540 9317/2597/3541 9318/2598/3542
f 9317/2597/3541 9319/2599/3543 9318/2598/3542
f 9318/2598/3542 9319/2599/3543 9320/2600/3544
f 9319/2599/3543 9321/2601/3545 9320/2600/3544
f 9320/2600/3544 9321/2601/3545 9322/2602/3546
f 9321/2601/3545 9323/2603/3547 9322/2602/3546
f 9322/2602/3546 9323/2603/3547 9324/2604/3548
f 9323/2603/3547 9325/2605/3549 9324/2604/3548
f 9324/2604/3548 9325/2605/3549 9326/2606/3550
f 9325/2605/3549 9327/2607/3551 9326/2606/3550
f 9326/2606/3550 9327/2607/3551 9328/2608/3552
f 9327/2607/3551 9329/2609/3553 9328/2608/3552
f 9328/2608/3552 9329/2609/3553 9330/2610/3554
f 9329/2609/3553 9331/2611/3555 9330/2610/3554
f 9330/2610/3554 9331/2611/3555 9332/2612/3556
f 9331/2611/3555 9333/2613/3557 9332/2612/3556
f 9332/2612/3556 9333/2613/3557 9334/2614/3558
f 9333/2613/3557 9335/2615/3559 9334/2614/3558
f 9334/2614/3558 9335/2615/3559 9312/2592/3536
f 9312/2592/3536 9335/2615/3559 9313/2593/3537
f 9335/2615/3559 9336/2616/3560 9313/2593/3537
f 9336/2616/3560 9337/2617/3561 9313/2593/3537
f 9313/2593/3537 9337/2617/3561 9315/2595/3539
f 9337/2617/3561 9338/2618/3562 9315/2595/3539
f 9315/2595/3539 9338/2618/3562 9317/2597/3541
f 9338/2618/3562 9339/2619/3563 9317/2597/3541
f 9317/2597/3541 9339/2619/3563 9319/2599/3543
f 9339/2619/3563 9340/2620/3564 9319/2599/3543
f 9319/2599/3543 9340/2620/3564 9321/2601/3545
f 9340/2620/3564 9341/2621/3565 9321/2601/3545
f 9321/2601/3545 9341/2621/3565 9323/2603/3547
f 9341/2621/3565 9342/2622/3566 9323/2603/3547
f 9323/2603/3547 9342/2622/3566 9325/2605/3549
f 9342/2622/3566 9343/2623/3567 9325/2605/3549
f 9325/2605/3549 9343/2623/3567 9327/2607/3551
f 9343/2623/3567 9344/2624/3568 9327/2607/3551
f 9327/2607/3551 9344/2624/3568 9329/2609/3553
f 9344/2624/3568 9345/2625/3569 9329/2609/3553
f 9329/2609/3553 9345/2625/3569 9331/2611/3555
f 9345/2625/3569 9346/2626/3570 9331/2611/3555
f 9331/2611/3555 9346/2626/3570 9333/2613/3557
f 9346/2626/3570 9347/2627/3571 9333/2613/3557
f 9333/2613/3557 9347/2627/3571 9335/2615/3559
f 9335/2615/3559 9347/2627/3571 9336/2616/3560
f 9336/2616/3560 9347/2627/3571 9348/2628/3572
f 9347/2627/3571 9346/2626/3570 9348/2628/3572
f 9346/2626/3570 9345/2625/3569 9348/2628/3572
f 9345/2625/3569 9344/2624/3568 9348/2628/3572
f 9344/2624/3568 9343/2623/3567 9348/2628/3572
f 9343/2623/3567 9342/2622/3566 9348/2628/3572
f 9342/2622/3566 9341/2621/3565 9348/2628/3572
f 9341/2621/3565 9340/2620/3564 9348/2628/3572
f 9340/2620/3564 9339/2619/3563 9348/2628/3572
f 9339/2619/3563 9338/2618/3562 9348/2628/3572
f 9338/2618/3562 9337/2617/3561 9348/2628/3572
f 9348/2628/3572 9337/2617/3561 9336/2616/3560
f 9349/2591/3573 9351/2589/3574 9350/2590/3575
f 9350/2590/3575 9351/2589/3574 9352/2588/3576
f 9353/2593/3577 9355/2615/3578 9354/2592/3579
f 9354/2592/3579 9355/2615/3578 9356/2614/3580
f 9354/2592/3579 9357/2594/3581 9353/2593/3577
f 9353/2593/3577 9357/2594/3581 9358/2595/3582
f 9357/2594/3581 9359/2596/3583 9358/2595/3582
f 9358/2595/3582 9359/2596/3583 9360/2597/3584
f 9359/2596/3583 9361/2598/3585 9360/2597/3584
f 9360/2597/3584 9361/2598/3585 9362/2599/3551
f 9361/2598/3585 9363/2600/3552 9362/2599/3551
f 9362/2599/3551 9363/2600/3552 9364/2601/3586
f 9363/2600/3552 9365/2602/3587 9364/2601/3586
f 9364/2601/3586 9365/2602/3587 9366/2603/3588
f 9365/2602/3587 9367/2604/3589 9366/2603/3588
f 9366/2603/3588 9367/2604/3589 9368/2605/3590
f 9367/2604/3589 9369/2606/3546 9368/2605/3590
f 9368/2605/3590 9369/2606/3546 9370/2607/3543
f 9369/2606/3546 9371/2608/3544 9370/2607/3543
f 9370/2607/3543 9371/2608/3544 9372/2609/3541
f 9371/2608/3544 9373/2610/3591 9372/2609/3541
f 9372/2609/3541 9373/2610/3591 9374/2611/3539
f 9373/2610/3591 9375/2612/3592 9374/2611/3539
f 9374/2611/3539 9375/2612/3592 9376/2613/3593
f 9375/2612/3592 9356/2614/3580 9376/2613/3593
f 9356/2614/3580 9355/2615/3578 9376/2613/3593
f 9376/2613/3593 9355/2615/3578 9377/2627/3594
f 9377/2627/3594 9355/2615/3578 9378/2616/3570
f 9355/2615/3578 9353/2593/3577 9378/2616/3570
f 9378/2616/3570 9353/2593/3577 9379/2617/3595
f 9353/2593/3577 9358/2595/3582 9379/2617/3595
f 9379/2617/3595 9358/2595/3582 9380/2618/3568
f 9358/2595/3582 9360/2597/3584 9380/2618/3568
f 9380/2618/3568 9360/2597/3584 9381/2619/3567
f 9360/2597/3584 9362/2599/3551 9381/2619/3567
f 9381/2619/3567 9362/2599/3551 9382/2620/3596
f 9362/2599/3551 9364/2601/3586 9382/2620/3596
f 9382/2620/3596 9364/2601/3586 9383/2621/3597
f 9364/2601/3586 9366/2603/3588 9383/2621/3597
f 9383/2621/3597 9366/2603/3588 9384/2622/3598
f 9366/2603/3588 9368/2605/3590 9384/2622/3598
f 9384/2622/3598 9368/2605/3590 9385/2623/3563
f 9368/2605/3590 9370/2607/3543 9385/2623/3563
f 9385/2623/3563 9370/2607/3543 9386/2624/3562
f 9370/2607/3543 9372/2609/3541 9386/2624/3562
f 9386/2624/3562 9372/2609/3541 9387/2625/3561
f 9372/2609/3541 9374/2611/3539 9387/2625/3561
f 9387/2625/3561 9374/2611/3539 9388/2626/3560
f 9374/2611/3539 9376/2613/3593 9388/2626/3560
f 9376/2613/3593 9377/2627/3594 9388/2626/3560
f 9377/2627/3594 9389/2628/3599 9388/2626/3560
f 9388/2626/3560 9389/2628/3599 9387/2625/3561
f 9387/2625/3561 9389/2628/3599 9386/2624/3562
f 9386/2624/3562 9389/2628/3599 9385/2623/3563
f 9385/2623/3563 9389/2628/3599 9384/2622/3598
f 9384/2622/3598 9389/2628/3599 9383/2621/3597
f 9383/2621/3597 9389/2628/3599 9382/2620/3596
f 9382/2620/3596 9389/2628/3599 9381/2619/3567
f 9381/2619/3567 9389/2628/3599 9380/2618/3568
f 9380/2618/3568 9389/2628/3599 9379/2617/3595
f 9379/2617/3595 9389/2628/3599 9378/2616/3570
f 9389/2628/3599 9377/2627/3594 9378/2616/3570
f 9390/2629/3600 9391/2630/3601 9392/2631/3601
f 9391/2630/3601 9393/2632/3600 9392/2631/3601
f 9394/2633/3602 9395/2634/3603 9396/2635/3602
f 9396/2635/3602 9395/2634/3603 9397/2636/3603
f 9397/2636/3603 9395/2634/3603 9398/2637/3603
f 9395/2634/3603 9399/2638/3603 9398/2637/3603
f 9400/2639/3604 9401/2640/3605 9402/2641/3604
f 9401/2640/3605 9403/2642/3606 9402/2641/3604
